"Fecha", "Ubicación", "Víctimas", "Pr. Resp.", "Tipificación"
"2003-10-09", "AMAZONAS / MIRITI-PARANÁ", "JESUS MIRAÑA  B41 Víctimas:1", "FARC-EP", "B:1:41 PERSECUCIÓN POLÍTICA:SECUESTRO;  D:3:95 MÉTODOS:CATEGORIA INEXISTENTE 95"
"2007-02-22", "AMAZONAS", "N N D704 Víctimas:1", "COMBATIENTES", "D:1:704 PERSONAS:LESIÓN A CIVILES EN ACCIÓN BÉLICA"
"2015-04-14", "AMAZONAS / LETICIA", "JOSE PRUDENCIO GARCIA TEJADA A13; D702; COMUNIDADES Y PUEBLOS INDIGENAS QUE INTEGRAN LA ASOCIACION ZONAL DE CONSEJOS DE AUTORIDADES INDIGENAS DE TRADICION AUTOCTONA () Víctimas:1", "POLICÍA", "A:1:13 PERSECUCIÓN POLÍTICA:LESIÓN FÍSICA;  A:1:18 PERSECUCIÓN POLÍTICA:COLECTIVO AMENAZADO;  D:1:702 PERSONAS:LESIÓN A PERSONA PROTEGIDA;  D:1:706 PERSONAS:COLECTIVO AMENAZADO"
"2017-11-09", "AMAZONAS / LA CHORRERA / LA CHORRERA", "ALEJANDRO KURUMANÍ FAREKADE A20; A24 Víctimas:1", "AGENTE EXTRANJERO", "A:2:20 ABUSO DE AUTORIDAD:EJECUCIÓN EXTRAJUDICIAL;  A:2:24 ABUSO DE AUTORIDAD:DETENCIÓN ARBITRARIA"
"2018-07-01", "AMAZONAS / LA PEDRERA", "SOFIA MARIÑO B43; B47; B45; DARIO SILVA B45; N SILVA MARIÑO B45; N SILVA MARIÑO B45 Víctimas:4", "SIN INFORMACIÓN", "B:1:43 PERSECUCIÓN POLÍTICA:LESIÓN FÍSICA;  B:1:45 PERSECUCIÓN POLÍTICA:AMENAZA;  B:1:47 PERSECUCIÓN POLÍTICA:TORTURA"
