"Fecha", "Ubicación", "Víctimas", "Pr. Resp.", "Tipificación"
"2001-06-17", "ARCHIPIÉLAGO DE SAN ANDRÉS, PROVIDENCIA Y SANTA CATALINA / SAN ANDRÉS", "N N A23; N N A23; N N A23; N N A23; N N A23; N N A23 Víctimas:6", "POLICÍA", "A:2:23 ABUSO DE AUTORIDAD:LESIÓN FÍSICA"
"2003-02-09", "ARCHIPIÉLAGO DE SAN ANDRÉS, PROVIDENCIA Y SANTA CATALINA / SAN ANDRÉS / SAN LUIS", "JENNY ELLIS SJOGREEN  (1990) A20; RAFAEL GORDON GARCIA  A23 Víctimas:2", "ARMADA", "A:2:20 ABUSO DE AUTORIDAD:EJECUCIÓN EXTRAJUDICIAL;  A:2:23 ABUSO DE AUTORIDAD:LESIÓN FÍSICA"
"2006-12-24", "ARCHIPIÉLAGO DE SAN ANDRÉS, PROVIDENCIA Y SANTA CATALINA / SAN ANDRÉS", "JULIO HERRERA CABRERA  (1977) A20; A22 Víctimas:1", "POLICÍA", "A:2:20 ABUSO DE AUTORIDAD:EJECUCIÓN EXTRAJUDICIAL;  A:2:22 ABUSO DE AUTORIDAD:TORTURA"
"2011-03-02", "ARCHIPIÉLAGO DE SAN ANDRÉS, PROVIDENCIA Y SANTA CATALINA / SAN ANDRÉS", "BEATRIZ ARIZA REYES  A15; D73; MARTHA VARGAS HERAZO  A15; D73; COLECTIVO MAGISTRADOS (); COLECTIVO JUECES () Víctimas:2", "PARAMILITARES", "A:1:15 PERSECUCIÓN POLÍTICA:AMENAZA;  A:1:18 PERSECUCIÓN POLÍTICA:COLECTIVO AMENAZADO;  D:1:73 PERSONAS:AMENAZA;  D:1:706 PERSONAS:COLECTIVO AMENAZADO"
