"Fecha", "Ubicación", "Víctimas", "Pr. Resp.", "Tipificación"
"2001-01-08", "CASANARE / PAZ DE ARIPORO", "N N B43; N N B43; N N B43; N N B43; N N B43; N N B43; N N B43; N N B40 Víctimas:8", "SIN INFORMACIÓN", "B:1:40 PERSECUCIÓN POLÍTICA:ASESINATO;  B:1:43 PERSECUCIÓN POLÍTICA:LESIÓN FÍSICA"
"2001-01-31", "CASANARE / YOPAL", "N N B40; N N B40 Víctimas:2", "SIN INFORMACIÓN", "B:1:40 PERSECUCIÓN POLÍTICA:ASESINATO"
"2001-02-23", "CASANARE / OROCUÉ", "JOSE CASTAÑEDA  A14; GUILLERMO ANGEL  A14; JAIRO GUTIERREZ  A14; ROMULO CAMACHO  A14; PEDRO JOSE MEDINA  A14; FERMIN MORENO  A14; ORLANDO MELO GUTIERREZ  A14; JOSE BOBADILLA  A14; BENJAMIN LEON  A14; DIOGENES BOCANEGRA  A14; JACOBO BUITRAGO  A14; LUIS CARLOS CUBIDES  A14; GERMAN MARTINEZ  A14; MARCOLINES FIGUEREDO  A14; CAMILO VILLALOBOS  A14; MELUDIN CAMARGO  A14; EMILSON AMAYA  A14 Víctimas:17", "AUC", "A:1:14 PERSECUCIÓN POLÍTICA:DETENCIÓN ARBITRARIA;  D:2:80 OBJETIVOS, MÉTODOS Y MÉDIOS ILÍCITOS:BIENES CIVILES"
"2001-03-02", "CASANARE / CHÁMEZA", "COMUNIDAD CHAMEZA () Víctimas:0", "GUERRILLA. PARAMILITARES", "D:2:99 OBJETIVOS, MÉTODOS Y MÉDIOS ILÍCITOS:DESPLAZAMIENTO FORZADO;  D:2:901 OBJETIVOS, MÉTODOS Y MÉDIOS ILÍCITOS:COMUNIDAD DESPLAZADA;  D:3:99 MÉTODOS:CATEGORIA INEXISTENTE 99;  D:3:901 MÉTODOS:CATEGORIA INEXISTENTE 901"
"2001-03-07", "CASANARE / HATO COROZAL; CASANARE", " Víctimas:0", "FARC-EP", "D:3:95 MÉTODOS:CATEGORIA INEXISTENTE 95"
"2001-03-16", "CASANARE / OROCUÉ", "URIEL PEÑA CASTRO  A10; D701; ELICIO RICO ALARCON  A10; D701; RONINSON ROLDAN  A10; D701 Víctimas:3", "AUTODEFENSAS DE CASANARE", "A:1:10 PERSECUCIÓN POLÍTICA:EJECUCIÓN EXTRAJUDICIAL;  D:1:701 PERSONAS:HOMICIDIO INTENCIONAL DE PERSONA PROTEGIDA"
"2001-03-27", "CASANARE", " Víctimas:0", "FARC-EP", "D:3:93 MÉTODOS:CATEGORIA INEXISTENTE 93"
"2001-04-24", "CASANARE / PAZ DE ARIPORO", " Víctimas:0", "FARC-EP", "D:2:80 OBJETIVOS, MÉTODOS Y MÉDIOS ILÍCITOS:BIENES CIVILES"
"2001-04-25", "CASANARE / YOPAL", "DIANA REYES PLAZAS  B48; MARCO AURELIO HERNANDEZ  B48 Víctimas:2", "SIN INFORMACIÓN", "B:1:48 PERSECUCIÓN POLÍTICA:RAPTO"
"2001-05-01", "CASANARE / VILLANUEVA", "N N A10; D701; N N A10; D701; N N A10; D701 Víctimas:3", "AUC", "A:1:10 PERSECUCIÓN POLÍTICA:EJECUCIÓN EXTRAJUDICIAL;  D:1:701 PERSONAS:HOMICIDIO INTENCIONAL DE PERSONA PROTEGIDA"
"2001-05-15", "CASANARE / VILLANUEVA", "JOSE J. COLMENARES LEON  (1979) A14; JORGE LUIS JIMENEZ CARDOZO  (1975) A14; ARNULFO SUAREZ  (1980) A14; GERMAN BENAVIDES  (1967) A14; JOSE BENITO PINTO LINARES  (1979) A14; JOSE ANGEL GARNICA VACA  (1975) A14; EDGAR YAMID GARNICA VACA  (1985) A14; JUAN CARLOS MONTEALEGRE  (1978) A14; EDWIN YESID SUENO ALDANA  (1985) A14; WILMER ORLANDO RODRIGUEZ  (1981) A14; VICTOR ENRIQUE ARIAS ROMERO  (1977) A14; LUIS ERNESTO ARIAS ROMERO  (1981) A14; CARLOS ALBEIRO BUITRAGO BARAJAS  (1982) A14; ARNULFO GALLEGO  (1978) A14; ARNOLDO RODRIGUEZ ARDILA  (1984) A14; JOSE VICENTE MENDOZA  (1975) A14; LORENZO AUGUSTO RUIZ GUTIERREZ  (1983) A14; MIGUEL ANGEL RUIZ GUTIERREZ  (1985) A14; DIEGO ARMANDO DIAZ LOPEZ  (1985) A14; EVELIO GALVIS BASTOS  (1971) A14; CARLOS ANDRES BARAHONA  (1982) A14; HECTOR BENAVIDES  (1979) A14; PABLO ALBERTO SANCHEZ  (1983) A14; OCTAVIO CARDOZO BUENO  (1975) A14; WILSON MENDOZA VELASQUEZ  (1983) A14; JULIO ALEXANDER GARCIA  (1985) A14; ORLANDO LEGUIZAMON RODRIGUEZ  (1980) A14; HUGO GOMEZ  (1985) A14; JUAN ANTONIO MORENO  (1979) A14; JOSE LUIS CANTOR  (1978) A14; WILMER FRANCISCO MONDRAGON  (1983) A14; CAMILO GUTIERREZ CASTRO  (1984) A14; ELIAS MOLINA PERDOMO  (1979) A14; ANTONIO SEPULVEDA MONTES  (1984) A14; JAMES YESID MORA  (1978) A14; ELVERT HUMBERTO ARIAS  (1982) A14; ADIN ORTIZ VILA  (1980) A14; ARLEY SANDOVAL  (1977) A14; GUSTAVO CEPEDA CARDOZO  (1983) A14; ALEXIS VADES SUAREZ  (1985) A14; DANIEL DIDACIO ACHAGUA A.  (1978) A14; JAVIER FOMERO LEAL  (1978) A14; HERNANDO JOSE DIAZ  (1970) A14; HUGO FERNEY ALFONSO MARTINEZ  (1984) A14; HERNANDO QUIROGA REMISIO  (1981) A14; CESAR PINTO  (1969) A14; CLEIMER ALBAN RUIZ  (1983) A14; DIEGO FERNANDO CORDOBA YARA  (1980) A14; FREDY ANDRES TIQUE  (1982) A14; JAIME ALBERTO CANO CORTES  (1986) A14; HECTOR CESAR VACA  (1984) A14; RENE RODRIGUEZ SANABRIA  (1979) A14; ANDRES FELIPE CARVAJAL  (1986) A14; LUIS EDUARDO VIAFARA  (1982) A14; ALEX JIMENEZ CABEZAS  (1983) A14; PABLO JOSE SALGADO  (1986) A14; LUIS CARLOS CESPEDES  (1979) A14; PABLO GOMEZ URIZA  (1976) A14; WILLIAM ALEXANDER POVEDA  (1985) A14; DAVID TOLEDO CHARRY  (1981) A14; EDISON CHARA ZAPATA  (1983) A14; MARCO ANTONIO DIAZ  (1968) A14; JOVANY BEJARANO CALDERON  (1980) A14; HELMER HIDALGO DIAZ  (1984) A14; EDWIN WALTEROS NUÑEZ  (1983) A14; HUGO FERNEY ANGOLA  (1975) A14; ROBINSON CABALLERO  (1967) A14; EDUARDO RODRIGUEZ VERGEL  (1970) A14; LUIS ORLANDO PULIDO PLAZAS  (1968) A14; DARVIN HERNEY PULIDO  (1986) A14; VICTOR ALFONSO MERCADO  (1988) A14; JOSE DEINER MOLINA CARABALI  (1975) A14; CARLOS JULIO DUEÑAS  (1983) A14; JAVIER AVENDAÑO  (1982) A14; ANDREY EDUARDO SANCHEZ  (1984) A14; BLADIMIR CASTAÑEDA  (1984) A14; HERNANDO GOMEZ  (1982) A14; RAFAEL NIÑO  (1983) A14; ROSA HELENA TRIVIÑO  (1987) A14; JAIRO TRIANA  (1986) A14; RONALDO GARCIA  (1981) A14; DUBER CUFIÑO  (1984) A14; EDGAR HUMBERTO CRUZ  (1978) A14; NELSON JAVIER CASTELBLANCO  (1979) A14; WILSON YESID DAVILA CAMPOS  (1977) A14; MOISES PABON URQUIJO  (1985) A14; WILSON MOISES BELTRAN  (1971) A14; CLAUDIO ESPINOSA SALGADO  (1979) A14; ROBINSON MAURICIO CARDENAS  (1985) A14; MARCO TULIO QUEBRADA MURCIA  (1981) A14; FERNANDO SALGADO GUEVARA  (1982) A14; HOLLMAN RODRIGUEZ VARGAS  (1985) A14; JAVIER PALACIOS CALDERON  (1983) A14; JHON JAVIER TORO QUINTERO  (1986) A14; LUIS ADALBERTO TORRES ISAZA  (1985) A14; JOLMAN EMIRO PEÑALOZA GIRON  (1979) A14; ALBERTO ARNULFO VACA  (1980) A14; JOSE GREGORIO PERILLA CUESTA  (1975) A14; GUILLERMO GARZON ROMERO  (1973) A14; ELMAR FERNEY CIGUA GUTIERREZ  (1970) A14; ALEXIS VALDES SUAREZ  (1985) A14; EDGAR HORACIO RODRIGUEZ VARGAS  (1981) A14; FRANKLIN CAICEDO ORTIZ  (1977) A14; GEORGE CAICEDO ORTIZ  (1985) A14; JOSE ORLANDO SANCHEZ AMORTEGUI  (1959) A14; DURLEY GUERRERO DIAZ  (1974) A14; JAIME JAVIER N  (1979) A14; JOSE EMILIANO PARADA ROMERO  (1984) A14; ROBERTO ANTONIO NARANJO CARDONA  (1975) A14; MIGUEL MAURICIO MIRANDA  (1982) A14; CESAR ARMANDO PAEZ CASTROTI  (1985) A14; EDIMER MONTOYA MARTINEZ  A14; EDWIN YESID PUENTES  (1985) A14; MILSON ALEXIS ALEXANDER ARIAS ALGARRA  (1979) A14; JOSE GUILLERMO HERNANDEZ SANCHEZ  (1976) A14; LUIS FERNANDO BUITRAGO ARDILA  (1985) A14; JIBSON FERNANDO MORALES  (1982) A14; CESAR FRANCISCO UVATE BELTRAN  (1972) A14; FERNANDO MORALES ESQUIVEL  (1982) A14; JEFERSON NUMPAQUE SALA  (1979) A14; VICTOR ERNESTO AREVALO  (1988) A14; EDILBERTO MIRANDA PERILLA  (1985) A14; EDISON JAVIER COCA ORTIZ  (1972) A14; VICTOR JULIO HERNANDEZ  (1980) A14; ALDENY COLLAZOS CAICEDO  (1975) A14; MARIO AURELIO CAICEDO BARAHONA  (1981) A14; JUINYER SMITH GUERRERO  (1984) A14; FRANK ALBERTO GUTIERREZ ARIAS  (1979) A14; HECTOR JULIO CESPEDES LEMES  (1975) A14; RONALD MANTILLA D.  (1980) A14; LUIS ALFONSO UMAÑA H.  (1973) A14; JOSE ABUNDIO SANCHEZ P.  (1978) A14; JOSE FAULINO VARELA J.  (1973) A14; BODNIS LUCUMI CARABALI  (1978) A14; EDWIN ALEXANDER GALINO BARRETO  (1986) A14; OTONIEL AREVALO  (1978) A14; JOSE AURELIO ARIAS BUITRAGO  (1979) A14; LUIS FERNANDO CHAVERRA HENAO  (1986) A14; JOSE AGUSTIN ACOSTA CALDERON  (1974) A14; OSCAR JAVIER DIAZ BAQUERO  (1975) A14; WALTER AMBUILA CANTOÑIL  (1977) A14; MIGUEL DARIO ALVARADO MORALES  (1979) A14; WILLIAM ALEXANDER BURGOS  (1978) A14; ALEXIS VALDES SUAREZ  (1984) A14; JOSE OMAR LOEZ SEGURA  (1973) A14; JUAN PABLO MORENO  (1984) A14; JHON FREDY OVALLE NOVOA  (1986) A14; LUIS ORLANDO LADINO PLAZAS  (1967) A14; RODRIGO MORENO LEON  (1977) A14; ALEX PRADO  (1981) A14; JUAN CARLOS MONTEALEGRE VARGAS  (1978) A14; WILMAN SAUL MORENO LESMES  (1979) A14; EVER DUCUARA MORENO  (1969) A14; JEIBER CUBIDES AJIACO  (1982) A14; JUAN CARLOS BARRERA GONZALEZ  (1974) A14; SANTIAGO RIVERA HUERTAS  (1987) A14; JOSE VICENTE URREGO PORRAS  (1979) A14; DIEGO HERNANDO GODOY R.  (1984) A14; JOSE NICOLAS MORENO  (1982) A14; JAIME LUIS RODRIGUEZ PADILLA  (1980) A14; EDWUAR FABIAN BUENO POSADA  (1986) A14; JAVIER FERNANDO AVENDAÑO  (1984) A14; FABIO ENELSITO AMBUILA  (1985) A14; WILSON HENRY MENDOZA V.  (1983) A14; JAVIER JAIMES MORA  (1978) A14; REINALDO JAIMES MORA  (1983) A14; JOSE MARIA GALVIS JAIMES  (1980) A14; WILSON SERVANDO LOPEZ DIAZ  (1984) A14; NESTOR LEANDRO SARMIENTO OVIEDO  (1978) A14; WILSON AVILA  (1976) A14; N N A14; N N A14; N N A14; N N A14; N N A14; N N A14; N N A14; N N A14; N N A14; N N A14; N N A14; N N A14; EDWIN PARADA MORENO  (1974) A14; JESUS DEINER MOLINA CARABALI  (1972) A14; JHON FREDY BUENO POSADA  (1982) A14; YEFERSON NUMPAQUE SORA  (1977) A14; EDIMER DE JESUS MONTOYA MARTINEZ  (1977) A14; JHON FREDY BUENO POSADA  (1981) A14; N N A14; EDUAR BUENO POSADA  (1985) A14; OSCAR HERNANDEZ RAMIREZ TABORDA  (1967) A14; JUAN PABLO TIQUE YARA  (1974) A14; MARCO FIDEL MARTINEZ FRANCO  (1976) A14; HENRY ALEXANDER MUÑOZ APACHE  (1985) A14; JORGE ANDRES RIVERA SERRATO  (1986) A14; LUIS ALBERTO CALDERON GONZALEZ  (1985) A14; FABIO BONILLA ARENAS  (1975) A14; JHON JAINER CASTAÑEDA MAPE  (1980) A14; HOLLMAN RODELO ACOSTA LOPEZ  (1975) A14; GABRIEL ACOSTA  (1977) A14; ALBEIRO ACOSTA  (1980) A14; JOSE AGUSTIN VELANDIA C.  (1977) A14; ROBERNEY CARDENAS APACHE  (1985) A14; OSCAR SANCHEZ LONDOÑO  (1977) A14; EDWIN MALAVER RIVERA  (1985) A14; ALEXANDER PRADA  (1971) A14; OSCAR LARA AGUDELO  (1977) A14 Víctimas:207", "AUTODEFENSAS DE CASANARE", "A:1:14 PERSECUCIÓN POLÍTICA:DETENCIÓN ARBITRARIA"
"2001-05-27", "CASANARE", "FISCALES DE CASANARE () Víctimas:0", "AUC", "A:1:18 PERSECUCIÓN POLÍTICA:COLECTIVO AMENAZADO;  D:1:706 PERSONAS:COLECTIVO AMENAZADO"
"2001-07-15", "CASANARE / YOPAL", "N N (1971) B40; B47 Víctimas:1", "SIN INFORMACIÓN", "B:1:40 PERSECUCIÓN POLÍTICA:ASESINATO;  B:1:47 PERSECUCIÓN POLÍTICA:TORTURA"
"2001-07-20", "CASANARE / NUNCHÍA", "RICARDO SALAZAR SALAS  B41; FABIO ANTONIO PANTOJA URBANO  B41; ARIEL SALAS  B41 Víctimas:3", "ELN", "B:1:41 PERSECUCIÓN POLÍTICA:SECUESTRO;  D:2:80 OBJETIVOS, MÉTODOS Y MÉDIOS ILÍCITOS:BIENES CIVILES"
"2001-07-24", "CASANARE / YOPAL", "HERNANDO DIAZ  A10; D701 Víctimas:1", "PARAMILITARES", "A:1:10 PERSECUCIÓN POLÍTICA:EJECUCIÓN EXTRAJUDICIAL;  D:1:701 PERSONAS:HOMICIDIO INTENCIONAL DE PERSONA PROTEGIDA"
"2001-08-10", "CASANARE / TAURAMENA", "ARQUIMEDES RUBIO  (1976) A11; NELSON BAEZ  (1979) A11; ELMER ANDREY MORENO  (1980) A11; ALEXANDER CACHAY  (1982) A11; YESID ALVAREZ  (1983) A11; FLORO PEREZ  (1979) A11; ANCIZAR VARGAS  (1981) A11; PABLO EMILIO JIMENEZ  (1983) A11; OTONIEL N.  (1982) A11; ANSELMO BELISARIO N.  (1979) A11 Víctimas:10", "AUTODEFENSAS DE CASANARE", "A:1:11 PERSECUCIÓN POLÍTICA:DESAPARICIÓN FORZADA"
"2001-08-16", "CASANARE / AGUAZUL", "MILTA GUTIERREZ  A11 Víctimas:1", "PARAMILITARES", "A:1:11 PERSECUCIÓN POLÍTICA:DESAPARICIÓN FORZADA"
"2001-08-23", "CASANARE / YOPAL", "ELCY MILENA CASTAÑO SALDARRIAGA  B40; LEIDY VELASQUEZ MUÑOZ  B40; SANDRA MILENA FORERO VENEGAS  B43; MILENA RAMIREZ GARCIA  B43; LINA VASQUEZ MUÑOZ  B43; ANDREA RAMIREZ  B43 Víctimas:6", "SIN INFORMACIÓN", "B:1:40 PERSECUCIÓN POLÍTICA:ASESINATO;  B:1:43 PERSECUCIÓN POLÍTICA:LESIÓN FÍSICA"
"2001-08-28", "CASANARE / PORE", "RUSBELL EULISES CHAPARRO  (1973) A10; D701 Víctimas:1", "AUTODEFENSAS DE CASANARE", "A:1:10 PERSECUCIÓN POLÍTICA:EJECUCIÓN EXTRAJUDICIAL;  D:1:701 PERSONAS:HOMICIDIO INTENCIONAL DE PERSONA PROTEGIDA"
"2001-09-15", "CASANARE / CHÁMEZA / TEGUÍTA", "JOSE RAUL PEÑA GOMEZ A11 Víctimas:1", "PARAMILITARES", "A:1:11 PERSECUCIÓN POLÍTICA:DESAPARICIÓN FORZADA"
"2001-09-15", "CASANARE / CHÁMEZA", "JOSE RAUL PEÑA GOMEZ (1951) A11; N N A15; FAMILIA PEÑA () Víctimas:2", "PARAMILITARES", "A:1:11 PERSECUCIÓN POLÍTICA:DESAPARICIÓN FORZADA;  A:1:15 PERSECUCIÓN POLÍTICA:AMENAZA;  A:1:18 PERSECUCIÓN POLÍTICA:COLECTIVO AMENAZADO;  A:1:102 PERSECUCIÓN POLÍTICA:DESPLAZAMIENTO FORZADO"
"2001-10-15", "CASANARE / HATO COROZAL", "EDISON DELGADO UMAÑA  (1931) A10; D701; OTTO DELGADO  A10; D701; MANUEL DELGADO  A10; D701 Víctimas:3", "AUTODEFENSAS DE CASANARE", "A:1:10 PERSECUCIÓN POLÍTICA:EJECUCIÓN EXTRAJUDICIAL;  D:1:701 PERSONAS:HOMICIDIO INTENCIONAL DE PERSONA PROTEGIDA"
"2001-10-23", "CASANARE / CHÁMEZA / TEGUÍTA", "POBLADORES VEREDA TEGUITA ALTA () Víctimas:0", "FARC-EP. PARAMILITARES", "D:1:903 PERSONAS:DESPLAZAMIENTO FORZADO;  D:3:902 MÉTODOS:CATEGORIA INEXISTENTE 902"
"2001-11-03", "CASANARE / TAURAMENA", "PEDRO RABERLO  B41; NESTOR MANCILLA  B41; EDUARDO CALDERON  B41; CARLOS FERNANDEZ  B41; FACUNDO PUERTO  B41; DAMIAN DUARTE  B41; JAIME GUERRERO  B41; JORGE DOMINGUEZ  B41 Víctimas:8", "FARC-EP", "B:1:41 PERSECUCIÓN POLÍTICA:SECUESTRO;  D:3:95 MÉTODOS:CATEGORIA INEXISTENTE 95"
"2001-11-28", "CASANARE / YOPAL / TACARIMENA; CASANARE / YOPAL", "SEGUNDO GABRIEL RIVERA  (1938) B40 Víctimas:1", "SIN INFORMACIÓN", "B:1:40 PERSECUCIÓN POLÍTICA:ASESINATO"
"2001-12-07", "CASANARE / YOPAL", "EMIRO SOSSA PACHECO  A10; D701 Víctimas:1", "PARAMILITARES", "A:1:10 PERSECUCIÓN POLÍTICA:EJECUCIÓN EXTRAJUDICIAL;  D:1:701 PERSONAS:HOMICIDIO INTENCIONAL DE PERSONA PROTEGIDA"
"2002-01-31", "CASANARE / AGUAZUL / UNETE", "NELSON RAUL ALBARRACIN  A11 Víctimas:1", "PARAMILITARES", "A:1:11 PERSECUCIÓN POLÍTICA:DESAPARICIÓN FORZADA"
"2002-02-02", "CASANARE / YOPAL / TILODIRÁN", "MARIBEL FLOREZ GARCIA  B40; N N B40 Víctimas:2", "SIN INFORMACIÓN", "B:1:40 PERSECUCIÓN POLÍTICA:ASESINATO"
"2002-02-03", "CASANARE / TAURAMENA", " Víctimas:0", "FARC-EP", "D:2:80 OBJETIVOS, MÉTODOS Y MÉDIOS ILÍCITOS:BIENES CIVILES"
"2002-02-05", "CASANARE / YOPAL", "JULIO ENRIQUE PRIETO RIVEROS  (1957) B40 Víctimas:1", "SIN INFORMACIÓN", "B:1:40 PERSECUCIÓN POLÍTICA:ASESINATO"
"2002-02-19", "CASANARE / YOPAL", " Víctimas:0", "ELN", "D:3:95 MÉTODOS:CATEGORIA INEXISTENTE 95"
"2002-02-25", "CASANARE / MONTERREY", "GILBERTO TORRES MARTINEZ  A14; A12; D72 Víctimas:1", "AUTODEFENSAS DE CASANARE", "A:1:12 PERSECUCIÓN POLÍTICA:TORTURA;  A:1:14 PERSECUCIÓN POLÍTICA:DETENCIÓN ARBITRARIA;  D:1:72 PERSONAS:TORTURA"
"2002-03-18", "CASANARE / TAURAMENA", "JOSELITO MENESES INFANTE  (1967) A11; WILLIAM ALEXANDER MENESES PAEZ  (1984) A11 Víctimas:2", "PARAMILITARES", "A:1:11 PERSECUCIÓN POLÍTICA:DESAPARICIÓN FORZADA"
"2002-03-24", "CASANARE", "JOSE ANTONIO PEREZ  B48; HERNANDO SILVA CELY  B48 Víctimas:2", "SIN INFORMACIÓN", "B:1:48 PERSECUCIÓN POLÍTICA:RAPTO"
"2002-04-05", "CASANARE / AGUAZUL / CUPIAGUA", "RAFAEL ALARCON VILLAMIZAR  A10; D701 Víctimas:1", "PARAMILITARES", "A:1:10 PERSECUCIÓN POLÍTICA:EJECUCIÓN EXTRAJUDICIAL;  D:1:701 PERSONAS:HOMICIDIO INTENCIONAL DE PERSONA PROTEGIDA"
"2002-05-01", "CASANARE / AGUAZUL", "JUAN CARLOS GONZALEZ  (1974) D701 Víctimas:1", "ELN", "D:1:701 PERSONAS:HOMICIDIO INTENCIONAL DE PERSONA PROTEGIDA"
"2002-05-12", "CASANARE / AGUAZUL / CUPIAGUA", "MAURICIO MOLINA  D704; HUMBERTO AREVALO CAMARGO  D704; JOSE ANTONIO CARPIO  D704 Víctimas:3", "FARC-EP", "D:1:704 PERSONAS:LESIÓN A CIVILES EN ACCIÓN BÉLICA;  D:2:80 OBJETIVOS, MÉTODOS Y MÉDIOS ILÍCITOS:BIENES CIVILES"
"2002-05-16", "CASANARE / NUNCHÍA", " Víctimas:0", "ELN", "D:3:95 MÉTODOS:CATEGORIA INEXISTENTE 95"
"2002-06-23", "CASANARE / YOPAL", "N N D73; N N D73; N N D73; N N D73; N N D73; N N D73; N N D73; N N D73; N N D73; N N D73; N N D73; N N D73; N N D73; CONCEJALES AMENAZADOS (); AUTORIDADES CIVILES () Víctimas:13", "FARC-EP", "D:1:73 PERSONAS:AMENAZA;  D:1:706 PERSONAS:COLECTIVO AMENAZADO"
"2002-06-28", "CASANARE / AGUAZUL", "ERCILIA SANDOVAL A11; EDILMA SANDOVAL A11; MARILCE SANDOVAL ABRIL A11 Víctimas:3", "AUTODEFENSAS DE CASANARE", "A:1:11 PERSECUCIÓN POLÍTICA:DESAPARICIÓN FORZADA"
"2002-08-24", "CASANARE / PAZ DE ARIPORO", "N N (1992) D701; N N (1990) D701; JORGE ELIECER SUAREZ GOMEZ  (1974) D702; FERNANDO HUERTAS TUMAY  (1986) D702 Víctimas:4", "FARC-EP", "D:1:701 PERSONAS:HOMICIDIO INTENCIONAL DE PERSONA PROTEGIDA;  D:1:702 PERSONAS:LESIÓN A PERSONA PROTEGIDA"
"2002-09-01", "CASANARE", "LILIANA PEREZ CASTRO  (1988) D98 Víctimas:1", "GUERRILLA", "D:1:98 PERSONAS:LESIÓN POR OBJETIVOS, MÉTODOS Y MEDIOS ILÍCITOS;  D:3:93 MÉTODOS:CATEGORIA INEXISTENTE 93"
"2002-09-01", "CASANARE / YOPAL", "RAMON AYALA DIAZ  B40; BENITO GUTIERREZ  B40; MARIO VELASQUEZ PUENTES  B40 Víctimas:3", "SIN INFORMACIÓN", "B:1:40 PERSECUCIÓN POLÍTICA:ASESINATO"
"2002-09-01", "CASANARE / YOPAL", "LIDA ISABEL ROJAS GÓMEZ  (1973) A11 Víctimas:1", "PARAMILITARES", "A:1:11 PERSECUCIÓN POLÍTICA:DESAPARICIÓN FORZADA"
"2002-10-03", "CASANARE / TAURAMENA", "HELIODORO CARREÑO  B48; RIGOBERTO MOJICA  B48 Víctimas:2", "SIN INFORMACIÓN", "B:1:48 PERSECUCIÓN POLÍTICA:RAPTO"
"2002-10-19", "CASANARE / AGUAZUL", "DAVID ANTONIO CAMARGO  A11 Víctimas:1", "PARAMILITARES", "A:1:11 PERSECUCIÓN POLÍTICA:DESAPARICIÓN FORZADA"
"2002-10-25", "CASANARE / YOPAL", "ISAIS HINOJOSA PINZON  B40; LUZ DARY ACHURY MEDINA  B40; NESTOR ALONSO MONROY ORTIZ  B40; NACHUY HINOJOSA  B43 Víctimas:4", "SIN INFORMACIÓN", "B:1:40 PERSECUCIÓN POLÍTICA:ASESINATO;  B:1:43 PERSECUCIÓN POLÍTICA:LESIÓN FÍSICA"
"2002-10-27", "CASANARE / YOPAL", "NESTOR ALFONSO MONROY  B40; ISAIAS HINOJOSA  B40; LUZ DARY ACHURY MEDINA  B40; N N B43 Víctimas:4", "SIN INFORMACIÓN", "B:1:40 PERSECUCIÓN POLÍTICA:ASESINATO;  B:1:43 PERSECUCIÓN POLÍTICA:LESIÓN FÍSICA"
"2002-11-11", "CASANARE / NUNCHÍA", "OLEGARIO NEIRA  B41 Víctimas:1", "ELN", "B:1:41 PERSECUCIÓN POLÍTICA:SECUESTRO"
"2002-11-28", "CASANARE / AGUAZUL", "DANIEL RUIZ MONTOA  (1975) A10; D701 Víctimas:1", "PARAMILITARES", "A:1:10 PERSECUCIÓN POLÍTICA:EJECUCIÓN EXTRAJUDICIAL;  D:1:701 PERSONAS:HOMICIDIO INTENCIONAL DE PERSONA PROTEGIDA"
"2002-12-31", "CASANARE / AGUAZUL / UNETE", "RODOLFO RODRIGUEZ  A11; CARLOS JULIO RINCON  A11 Víctimas:2", "PARAMILITARES", "A:1:11 PERSECUCIÓN POLÍTICA:DESAPARICIÓN FORZADA"
"2003-01-04", "CASANARE / PAZ DE ARIPORO", "JULIO CESAR RODRIGUEZ  B41 Víctimas:1", "ELN", "B:1:41 PERSECUCIÓN POLÍTICA:SECUESTRO"
"2003-01-11", "CASANARE / SÁCAMA", "HOLLMAN GIOVANY VARGAS ESTEFAN  B41 Víctimas:1", "FARC-EP", "B:1:41 PERSECUCIÓN POLÍTICA:SECUESTRO"
"2003-01-29", "CASANARE", " Víctimas:0", "FARC-EP", "D:2:89 OBJETIVOS, MÉTODOS Y MÉDIOS ILÍCITOS:ESTRUCTURA VIAL"
"2003-02-02", "CASANARE / RECETOR", "ADONAI SANCHEZ TORRES  (1971) A11; A11; WILSON ARLEY TORRES  (1981) A11 Víctimas:2", "EJERCITO. PARAMILITARES", "A:1:11 PERSECUCIÓN POLÍTICA:DESAPARICIÓN FORZADA"
"2003-02-03", "CASANARE / RECETOR", "GUSTAVO HUMBERTO SALAMANCA BAUTISTA  A11; A11; ANATOLIO N  A14; A14 Víctimas:2", "EJERCITO. PARAMILITARES", "A:1:11 PERSECUCIÓN POLÍTICA:DESAPARICIÓN FORZADA;  A:1:14 PERSECUCIÓN POLÍTICA:DETENCIÓN ARBITRARIA"
"2003-02-04", "CASANARE / AGUAZUL", " Víctimas:0", "GUERRILLA", "D:2:80 OBJETIVOS, MÉTODOS Y MÉDIOS ILÍCITOS:BIENES CIVILES"
"2003-02-04", "CASANARE / RECETOR", "FLAMINIO HERNANDEZ NUÑEZ  (1970) A11; A11 Víctimas:1", "EJERCITO. PARAMILITARES", "A:1:11 PERSECUCIÓN POLÍTICA:DESAPARICIÓN FORZADA"
"2003-02-10", "CASANARE / AGUAZUL", "JULIO ALARCON  A11 Víctimas:1", "PARAMILITARES", "A:1:11 PERSECUCIÓN POLÍTICA:DESAPARICIÓN FORZADA"
"2003-02-10", "CASANARE / RECETOR", "CRISTOBAL SALAMANCA HERNANDEZ  A11; A18; D706; A11; A18; D706 Víctimas:1", "EJERCITO. PARAMILITARES", "A:1:11 PERSECUCIÓN POLÍTICA:DESAPARICIÓN FORZADA;  A:1:18 PERSECUCIÓN POLÍTICA:COLECTIVO AMENAZADO;  D:1:706 PERSONAS:COLECTIVO AMENAZADO;  D:3:95 MÉTODOS:CATEGORIA INEXISTENTE 95"
"2003-02-13", "CASANARE / RECETOR", "EMPERATRIZ PEÑA RIOS  A11; DORIS PATRICIA SALAMANCA PEÑA  A11 Víctimas:2", "EJERCITO. PARAMILITARES", "A:1:11 PERSECUCIÓN POLÍTICA:DESAPARICIÓN FORZADA"
"2003-02-14", "CASANARE / RECETOR", "GEINER ANTONIO MUNIVE RODRIGUEZ  A11; NAIRO CHAPARRO  A11; JAVIER MARTINEZ  A11; N N A11 Víctimas:4", "PARAMILITARES", "A:1:11 PERSECUCIÓN POLÍTICA:DESAPARICIÓN FORZADA"
"2003-02-18", "CASANARE / RECETOR", "MILTON GALLEGO COLMENARES  (1967) A11; A11; EVELIA PEÑA RIOS  (1968) A11; A11; HEINER HUMBERTO SALAMANCA PEÑA  A11; A11 Víctimas:3", "EJERCITO. PARAMILITARES", "A:1:11 PERSECUCIÓN POLÍTICA:DESAPARICIÓN FORZADA;  D:2:80 OBJETIVOS, MÉTODOS Y MÉDIOS ILÍCITOS:BIENES CIVILES;  D:3:95 MÉTODOS:CATEGORIA INEXISTENTE 95"
"2003-02-27", "CASANARE / RECETOR", "GEINER ANTONIO MUNIVE RODRIGUEZ  (1974) A11; A11; NAIRO OMERO CHAPARRO  A11; A11 Víctimas:2", "EJERCITO. PARAMILITARES", "A:1:11 PERSECUCIÓN POLÍTICA:DESAPARICIÓN FORZADA"
"2003-02-27", "CASANARE / RECETOR", "ALBEIRO SALAMANCA VANEGAS  A12; D72; A12; D72; LUIS PEDRAZA  A12; D72; A12; D72; N N A12; D72; A12; D72; JOSE DEL CARMEN SALAMANCA BARRERA  (1948) A10; A11; A12; D72; D701; A10; A11; A12; D72; D701; FAMILIA SALAMANCA VANEGAS () Víctimas:4", "PARAMILITARES. EJERCITO", "A:1:10 PERSECUCIÓN POLÍTICA:EJECUCIÓN EXTRAJUDICIAL;  A:1:11 PERSECUCIÓN POLÍTICA:DESAPARICIÓN FORZADA;  A:1:12 PERSECUCIÓN POLÍTICA:TORTURA;  A:1:18 PERSECUCIÓN POLÍTICA:COLECTIVO AMENAZADO;  A:1:102 PERSECUCIÓN POLÍTICA:DESPLAZAMIENTO FORZADO;  D:1:72 PERSONAS:TORTURA;  D:1:701 PERSONAS:HOMICIDIO INTENCIONAL DE PERSONA PROTEGIDA;  D:1:706 PERSONAS:COLECTIVO AMENAZADO;  D:1:903 PERSONAS:DESPLAZAMIENTO FORZADO;  D:3:95 MÉTODOS:CATEGORIA INEXISTENTE 95;  D:3:902 MÉTODOS:CATEGORIA INEXISTENTE 902"
"2003-02-28", "CASANARE / VILLANUEVA", "MANUEL MONCADA  B48 Víctimas:1", "SIN INFORMACIÓN", "B:1:48 PERSECUCIÓN POLÍTICA:RAPTO"
"2003-02-28", "CASANARE / RECETOR", "CARLOS ANDRES BARRERA PEDRAZA  (1980) A11 Víctimas:1", "PARAMILITARES", "A:1:11 PERSECUCIÓN POLÍTICA:DESAPARICIÓN FORZADA"
"2003-03-20", "CASANARE / YOPAL", "JOSE MANUEL SUAREZ RAMIREZ  B48 Víctimas:1", "SIN INFORMACIÓN", "B:1:48 PERSECUCIÓN POLÍTICA:RAPTO"
"2003-03-24", "CASANARE / OROCUÉ", "JESUS ESTEBAN GUERRERO A10; D701 Víctimas:1", "PARAMILITARES", "A:1:10 PERSECUCIÓN POLÍTICA:EJECUCIÓN EXTRAJUDICIAL;  D:1:701 PERSONAS:HOMICIDIO INTENCIONAL DE PERSONA PROTEGIDA"
"2003-04-09", "CASANARE / RECETOR", "N N B40; JOSE DEL CARMEN SALAMANCA BARRERA  (1948) B40; RICARDO CASTRO MONTEALEGRE  (1966) B40 Víctimas:3", "SIN INFORMACIÓN", "B:1:40 PERSECUCIÓN POLÍTICA:ASESINATO"
"2003-04-30", "CASANARE / VILLANUEVA", "N N B40 Víctimas:1", "SIN INFORMACIÓN", "B:1:40 PERSECUCIÓN POLÍTICA:ASESINATO"
"2003-04-30", "CASANARE / AGUAZUL", "BERNABE RODRIGUEZ  A10; D701 Víctimas:1", "EJERCITO", "A:1:10 PERSECUCIÓN POLÍTICA:EJECUCIÓN EXTRAJUDICIAL;  D:1:701 PERSONAS:HOMICIDIO INTENCIONAL DE PERSONA PROTEGIDA"
"2003-07-02", "CASANARE / PAZ DE ARIPORO", "ANTONIO RODRIGUEZ TARACH  (1990) D97; EVERTH RODRIGUEZ TARACH  (1995) D97 Víctimas:2", "COMBATIENTES", "D:1:97 PERSONAS:MUERTO POR OBJETIVOS, MÉTODOS Y MEDIOS ILÍCITOS;  D:3:93 MÉTODOS:CATEGORIA INEXISTENTE 93"
"2003-07-23", "CASANARE / SÁCAMA", "JUAN CARLOS BARRERA  A14; A14; A14; RODULFO DE JESUS GOMEZ NIÑO  A14; A14; A14; SILVESTRE VARGAS DIAZ  A14; A14; A14; DIOGENES RODRIGUEZ GARZON  A14; A14; A14; LUIS HERMOGENES DIAZ RUIZ  A14; A14; A14 Víctimas:5", "EJERCITO. GAULA. DAS", "A:1:14 PERSECUCIÓN POLÍTICA:DETENCIÓN ARBITRARIA"
"2003-08-12", "CASANARE / SÁCAMA", "N N A14; N N A14; N N A14; N N A14; N N A14; N N A14 Víctimas:6", "EJERCITO", "A:1:14 PERSECUCIÓN POLÍTICA:DETENCIÓN ARBITRARIA"
"2003-08-16", "CASANARE / MONTERREY", "JAMES HOLGUIN VARGAS  A11; CARLOS CASTILLO  A11; ALFREDO CASTILLO  A11; OSCAR PALOMINO  A11; CARLOS EDUARDO SUAREZ CARRILLO  (1950) A11 Víctimas:5", "PARAMILITARES", "A:1:11 PERSECUCIÓN POLÍTICA:DESAPARICIÓN FORZADA"
"2003-08-17", "CASANARE / VILLANUEVA", "OMAR RUIZ  B40 Víctimas:1", "SIN INFORMACIÓN", "B:1:40 PERSECUCIÓN POLÍTICA:ASESINATO"
"2003-09-01", "CASANARE / LA SALINA", "POBLADORES LA CABUYA (); POBLADORES LOS PINOS (); POBLADORES EL ARENAL () Víctimas:0", "EJERCITO", "A:1:102 PERSECUCIÓN POLÍTICA:DESPLAZAMIENTO FORZADO;  D:1:903 PERSONAS:DESPLAZAMIENTO FORZADO;  D:3:90 MÉTODOS:CATEGORIA INEXISTENTE 90;  D:3:902 MÉTODOS:CATEGORIA INEXISTENTE 902"
"2003-09-23", "CASANARE / PAZ DE ARIPORO", "CERVANDO CACERES (1950) A11 Víctimas:1", "PARAMILITARES", "A:1:11 PERSECUCIÓN POLÍTICA:DESAPARICIÓN FORZADA"
"2003-10-11", "CASANARE / YOPAL", "N N (1993) A10; D701; A10; D701 Víctimas:1", "EJERCITO. PARAMILITARES", "A:1:10 PERSECUCIÓN POLÍTICA:EJECUCIÓN EXTRAJUDICIAL;  D:1:701 PERSONAS:HOMICIDIO INTENCIONAL DE PERSONA PROTEGIDA"
"2003-10-18", "CASANARE / RECETOR", "MIGUEL ANTONIO OLARTE  A11; A11 Víctimas:1", "EJERCITO. PARAMILITARES", "A:1:11 PERSECUCIÓN POLÍTICA:DESAPARICIÓN FORZADA"
"2003-12-01", "CASANARE / LA SALINA", "VICTOR CARRILLO BLANCO  (1985) A10; A11; D701; JULIO TELLEZ  A10; A11; D701; N N A10; A11; D701; N N A10; A11; D701 Víctimas:4", "EJERCITO", "A:1:10 PERSECUCIÓN POLÍTICA:EJECUCIÓN EXTRAJUDICIAL;  A:1:11 PERSECUCIÓN POLÍTICA:DESAPARICIÓN FORZADA;  D:1:701 PERSONAS:HOMICIDIO INTENCIONAL DE PERSONA PROTEGIDA"
"2003-12-09", "CASANARE / VILLANUEVA", "ORLANDO FRIAS PARADA  B40 Víctimas:1", "SIN INFORMACIÓN", "B:1:40 PERSECUCIÓN POLÍTICA:ASESINATO"
"2004-02-15", "CASANARE / SÁCAMA", "N N D98; N N D98; N N D98; N N D98; N N D98; N N D98; N N D98; N N; N N D98; N N D98; N N D98; N N D98; N N D98; N N D98; N N D98; N N D98; N N D98; N N D98; N N D98; N N D98; N N D98; N N D98; N N D98 Víctimas:23", "COMBATIENTES", "D:1:98 PERSONAS:LESIÓN POR OBJETIVOS, MÉTODOS Y MEDIOS ILÍCITOS;  D:3:93 MÉTODOS:CATEGORIA INEXISTENTE 93"
"2004-02-20", "CASANARE / VILLANUEVA / CARIBAYONA", "POBLADORES CARIBAYONA () Víctimas:0", "PARAMILITARES", "A:1:102 PERSECUCIÓN POLÍTICA:DESPLAZAMIENTO FORZADO;  D:1:903 PERSONAS:DESPLAZAMIENTO FORZADO;  D:3:902 MÉTODOS:CATEGORIA INEXISTENTE 902"
"2004-03-26", "CASANARE / YOPAL", "MARIA CLEMENCIA DAZA GIL  (1980) D701 Víctimas:1", "ELN", "D:1:701 PERSONAS:HOMICIDIO INTENCIONAL DE PERSONA PROTEGIDA"
"2004-04-04", "CASANARE / AGUAZUL", "MARTIN OCHOA TRIANA  (1973) A10; D701; ANDERSON PERDOMO  (1985) A10; D701 Víctimas:2", "PARAMILITARES", "A:1:10 PERSECUCIÓN POLÍTICA:EJECUCIÓN EXTRAJUDICIAL;  D:1:701 PERSONAS:HOMICIDIO INTENCIONAL DE PERSONA PROTEGIDA"
"2004-04-08", "CASANARE / YOPAL", "N N D98; N N D98; N N D98; N N D98; N N D98; N N D98; N N D98; N N D98; N N D98 Víctimas:9", "PARAMILITARES", "D:1:98 PERSONAS:LESIÓN POR OBJETIVOS, MÉTODOS Y MEDIOS ILÍCITOS;  D:3:93 MÉTODOS:CATEGORIA INEXISTENTE 93"
"2004-04-09", "CASANARE / MANÍ", "POBLADORES SANTA ELENA DE CUSIVA (); POBLADORES CAMPANERO (); POBLADORES GUAYANES (); POBLADORES SANTA MARIA (); POBLADORES SANTA HELENA (); POBLADORES LLANERITA (); POBLADORES CHANIVAVE (); POBLADORES ISLAS () Víctimas:0", "PARAMILITARES", "A:1:18 PERSECUCIÓN POLÍTICA:COLECTIVO AMENAZADO;  A:1:102 PERSECUCIÓN POLÍTICA:DESPLAZAMIENTO FORZADO;  D:1:706 PERSONAS:COLECTIVO AMENAZADO;  D:1:903 PERSONAS:DESPLAZAMIENTO FORZADO;  D:3:902 MÉTODOS:CATEGORIA INEXISTENTE 902"
"2004-04-14", "CASANARE / VILLANUEVA", "N N A14; N N A14; N N A14; N N A14; N N A14; N N A14; N N A14; N N A14 Víctimas:8", "PARAMILITARES", "A:1:14 PERSECUCIÓN POLÍTICA:DETENCIÓN ARBITRARIA"
"2004-04-15", "CASANARE / TAURAMENA", "POBLADORES CARUPANA (); POBLADORES LA URAMA (); POBLADORES VIGIA (); POBLADORES COROCITO (); POBLADORES TUNUPE () Víctimas:0", "PARAMILITARES", "A:1:102 PERSECUCIÓN POLÍTICA:DESPLAZAMIENTO FORZADO;  D:1:903 PERSONAS:DESPLAZAMIENTO FORZADO;  D:3:902 MÉTODOS:CATEGORIA INEXISTENTE 902"
"2004-04-20", "CASANARE / AGUAZUL", "OMAR ALVAREZ  A14 Víctimas:1", "EJERCITO", "A:1:14 PERSECUCIÓN POLÍTICA:DETENCIÓN ARBITRARIA"
"2004-04-20", "CASANARE / AGUAZUL", "CARLOS BERNAL  A14; JOSE DAVID FERRUCHO  A14; MIGUEL YEZID DAZA GALINDO  A14; YEFRY MARTINEZ  A14; GIOVANNY SAGANOME  A14 Víctimas:5", "EJERCITO", "A:1:14 PERSECUCIÓN POLÍTICA:DETENCIÓN ARBITRARIA"
"2004-05-03", "CASANARE / MONTERREY", "JAVIER ERNESTO RODRIGUEZ APOLINAR  A10; A11; D701; FABIO ALZATE NARANJO  A10; A11; D701 Víctimas:2", "PARAMILITARES", "A:1:10 PERSECUCIÓN POLÍTICA:EJECUCIÓN EXTRAJUDICIAL;  A:1:11 PERSECUCIÓN POLÍTICA:DESAPARICIÓN FORZADA;  D:1:701 PERSONAS:HOMICIDIO INTENCIONAL DE PERSONA PROTEGIDA"
"2004-05-16", "CASANARE / AGUAZUL", "JIRO ALFARO  (1975) A10; D701 Víctimas:1", "PARAMILITARES", "A:1:10 PERSECUCIÓN POLÍTICA:EJECUCIÓN EXTRAJUDICIAL;  D:1:701 PERSONAS:HOMICIDIO INTENCIONAL DE PERSONA PROTEGIDA"
"2004-05-18", "CASANARE / YOPAL", "JAMES ARENAS MORALES  (1982) A10; D701 Víctimas:1", "PARAMILITARES", "A:1:10 PERSECUCIÓN POLÍTICA:EJECUCIÓN EXTRAJUDICIAL;  D:1:701 PERSONAS:HOMICIDIO INTENCIONAL DE PERSONA PROTEGIDA"
"2004-05-18", "CASANARE / YOPAL", "ISABEL TORO SOLER  A10; A12; A19; D72; D77; D701 Víctimas:1", "PARAMILITARES", "A:1:10 PERSECUCIÓN POLÍTICA:EJECUCIÓN EXTRAJUDICIAL;  A:1:12 PERSECUCIÓN POLÍTICA:TORTURA;  A:1:19 PERSECUCIÓN POLÍTICA:VIOLENCIA SEXUAL;  D:1:72 PERSONAS:TORTURA;  D:1:77 PERSONAS:VIOLENCIA SEXUAL;  D:1:701 PERSONAS:HOMICIDIO INTENCIONAL DE PERSONA PROTEGIDA"
"2004-05-27", "CASANARE / TAURAMENA", "NESTOR REINA  A10; D701 Víctimas:1", "PARAMILITARES", "A:1:10 PERSECUCIÓN POLÍTICA:EJECUCIÓN EXTRAJUDICIAL;  D:1:701 PERSONAS:HOMICIDIO INTENCIONAL DE PERSONA PROTEGIDA"
"2004-06-26", "CASANARE / AGUAZUL", "ARSENIO MORENO ROCHA  A14 Víctimas:1", "EJERCITO", "A:1:14 PERSECUCIÓN POLÍTICA:DETENCIÓN ARBITRARIA"
"2004-07-02", "CASANARE / AGUAZUL", " Víctimas:0", "ELN", "D:2:80 OBJETIVOS, MÉTODOS Y MÉDIOS ILÍCITOS:BIENES CIVILES"
"2004-07-03", "CASANARE / AGUAZUL", "N N D704; N N D704 Víctimas:2", "ELN", "D:1:704 PERSONAS:LESIÓN A CIVILES EN ACCIÓN BÉLICA;  D:2:80 OBJETIVOS, MÉTODOS Y MÉDIOS ILÍCITOS:BIENES CIVILES"
"2004-07-03", "CASANARE / YOPAL", "OSCAR NUÑEZ NUÑEZ  (1978) A11 Víctimas:1", "PARAMILITARES", "A:1:11 PERSECUCIÓN POLÍTICA:DESAPARICIÓN FORZADA"
"2004-07-05", "CASANARE / YOPAL", "MARIA DEL PILAR LOZANO  B40; FREDY HERNANDO ESPINEL  B40; N N B40; N N (2001) B40 Víctimas:4", "SIN INFORMACIÓN", "B:1:40 PERSECUCIÓN POLÍTICA:ASESINATO"
"2004-07-10", "CASANARE / MONTERREY", "CAMPESINOS MONTERREY (); CAMPESINOS TAURAMENA (); CAMPESINOS VILLANUEVA () Víctimas:0", "PARAMILITARES", "A:1:102 PERSECUCIÓN POLÍTICA:DESPLAZAMIENTO FORZADO;  D:1:903 PERSONAS:DESPLAZAMIENTO FORZADO;  D:3:902 MÉTODOS:CATEGORIA INEXISTENTE 902"
"2004-07-21", "CASANARE / AGUAZUL", "CARLOS HUMBERTO OTALORA GOMEZ A10; D701; N N A15; D73; FAMILIA OTALORA () Víctimas:2", "AUTODEFENSAS DE CASANARE", "A:1:10 PERSECUCIÓN POLÍTICA:EJECUCIÓN EXTRAJUDICIAL;  A:1:15 PERSECUCIÓN POLÍTICA:AMENAZA;  A:1:102 PERSECUCIÓN POLÍTICA:DESPLAZAMIENTO FORZADO;  D:1:73 PERSONAS:AMENAZA;  D:1:701 PERSONAS:HOMICIDIO INTENCIONAL DE PERSONA PROTEGIDA;  D:1:903 PERSONAS:DESPLAZAMIENTO FORZADO;  D:3:902 MÉTODOS:CATEGORIA INEXISTENTE 902"
"2004-08-27", "CASANARE / CHÁMEZA", "LUIS ALBERTO ZORRO  D701; SIERVO LEON PLAZAS  D701 Víctimas:2", "FARC-EP", "D:1:701 PERSONAS:HOMICIDIO INTENCIONAL DE PERSONA PROTEGIDA"
"2004-09-05", "CASANARE / AGUAZUL", " Víctimas:0", "EJERCITO", "D:2:80 OBJETIVOS, MÉTODOS Y MÉDIOS ILÍCITOS:BIENES CIVILES"
"2004-10-09", "CASANARE / AGUAZUL", "JOSE N  A23 Víctimas:1", "EJERCITO", "A:2:23 ABUSO DE AUTORIDAD:LESIÓN FÍSICA"
"2004-12-24", "CASANARE / AGUAZUL", "JUAN DE JESUS RODRIGUEZ  A15; D73 Víctimas:1", "EJERCITO", "A:1:15 PERSECUCIÓN POLÍTICA:AMENAZA;  D:1:73 PERSONAS:AMENAZA"
"2004-12-26", "CASANARE / NUNCHÍA", "JOSE ALIRIO MONTAÑA PACAGUY  A14 Víctimas:1", "POLICÍA", "A:1:14 PERSECUCIÓN POLÍTICA:DETENCIÓN ARBITRARIA"
"2004-12-31", "CASANARE / AGUAZUL", "N N A10; D701 Víctimas:1", "EJERCITO", "A:1:10 PERSECUCIÓN POLÍTICA:EJECUCIÓN EXTRAJUDICIAL;  D:1:701 PERSONAS:HOMICIDIO INTENCIONAL DE PERSONA PROTEGIDA"
"2005-01-02", "CASANARE / MANÍ", "ANTONIO DIAZ NIÑO  A10; D701; ROBY ARIEL DIAZ DIAZ  A10; D701; ARIEL ANTONIO DIAZ DIAZ  A10; D701; CRISTIAN DAVID DIAZ DIAZ  A10; D701; FAMILIA DIAZ DIAZ () Víctimas:4", "PARAMILITARES", "A:1:10 PERSECUCIÓN POLÍTICA:EJECUCIÓN EXTRAJUDICIAL;  A:1:18 PERSECUCIÓN POLÍTICA:COLECTIVO AMENAZADO;  D:1:701 PERSONAS:HOMICIDIO INTENCIONAL DE PERSONA PROTEGIDA;  D:1:706 PERSONAS:COLECTIVO AMENAZADO"
"2005-02-25", "CASANARE / MONTERREY", "JHON HENRY AGUILAR PINO  (1972) A10; D701; OSCAR RONNE RIOFRIO BUENO  A10; D701 Víctimas:2", "PARAMILITARES", "A:1:10 PERSECUCIÓN POLÍTICA:EJECUCIÓN EXTRAJUDICIAL;  D:1:701 PERSONAS:HOMICIDIO INTENCIONAL DE PERSONA PROTEGIDA"
"2005-02-26", "CASANARE / MONTERREY", "JOHN HENRY AGUILAR PINO  (1972) A10; D701 Víctimas:1", "PARAMILITARES", "A:1:10 PERSECUCIÓN POLÍTICA:EJECUCIÓN EXTRAJUDICIAL;  D:1:701 PERSONAS:HOMICIDIO INTENCIONAL DE PERSONA PROTEGIDA"
"2005-02-26", "CASANARE / AGUAZUL", "N N (2005) A10; D701; N N (2005) A13; D702; N N (2005) A13; D702; N N (2005) A13; D702; N N (2005) A13; D702 Víctimas:5", "PARAMILITARES", "A:1:10 PERSECUCIÓN POLÍTICA:EJECUCIÓN EXTRAJUDICIAL;  A:1:13 PERSECUCIÓN POLÍTICA:LESIÓN FÍSICA;  D:1:701 PERSONAS:HOMICIDIO INTENCIONAL DE PERSONA PROTEGIDA;  D:1:702 PERSONAS:LESIÓN A PERSONA PROTEGIDA"
"2005-03-15", "CASANARE / AGUAZUL", "OSTILIO HERNANDEZ HUERTAS (1973) D72; D73 Víctimas:1", "FARC-EP", "D:1:72 PERSONAS:TORTURA;  D:1:73 PERSONAS:AMENAZA"
"2005-03-26", "CASANARE / MONTERREY", "JUAN CARLOS LOPEZ PRIETO  (1970) A11; HERNAN N ALIAS ""EL CALEÑO""  A11 Víctimas:2", "EJERCITO", "A:1:11 PERSECUCIÓN POLÍTICA:DESAPARICIÓN FORZADA;  D:3:95 MÉTODOS:CATEGORIA INEXISTENTE 95"
"2005-04-07", "CASANARE / MONTERREY / MONTERREY", "FAMILIA CAMPESINA DE MONTERREY (6) Víctimas:0", "PARAMILITARES. FARC-EP", "A:1:18 PERSECUCIÓN POLÍTICA:COLECTIVO AMENAZADO;  A:1:102 PERSECUCIÓN POLÍTICA:DESPLAZAMIENTO FORZADO;  D:1:706 PERSONAS:COLECTIVO AMENAZADO;  D:1:903 PERSONAS:DESPLAZAMIENTO FORZADO"
"2005-05-10", "CASANARE / YOPAL / EL MORRO", "JOSE PARMENIO PARA PONGUTÁ  B40; N N B40 Víctimas:2", "SIN INFORMACIÓN", "B:1:40 PERSECUCIÓN POLÍTICA:ASESINATO"
"2005-05-12", "CASANARE / YOPAL / EL MORRO", "MARTIN AYALA  A14; BRAYAN ALEXIS CARDENAS POSADA  A14 Víctimas:2", "EJERCITO", "A:1:14 PERSECUCIÓN POLÍTICA:DETENCIÓN ARBITRARIA"
"2005-05-15", "CASANARE / TÁMARA", "RIGOBERTO ACHAGUA PAEZ  A10; D701; N N A14 Víctimas:2", "EJERCITO", "A:1:10 PERSECUCIÓN POLÍTICA:EJECUCIÓN EXTRAJUDICIAL;  A:1:14 PERSECUCIÓN POLÍTICA:DETENCIÓN ARBITRARIA;  D:1:701 PERSONAS:HOMICIDIO INTENCIONAL DE PERSONA PROTEGIDA"
"2005-05-15", "CASANARE / YOPAL", "JHON EDISON ESTEPA  (1975) B40 Víctimas:1", "SIN INFORMACIÓN", "B:1:40 PERSECUCIÓN POLÍTICA:ASESINATO"
"2005-05-24", "CASANARE / AGUAZUL", "OSTILIO HERNANDEZ HUERTAS (1973) D701; YOLANDA CHAPARRO ALARCON D73; N HERNANDEZ CHAPARRO (2006) D73 Víctimas:3", "FARC-EP", "D:1:73 PERSONAS:AMENAZA;  D:1:701 PERSONAS:HOMICIDIO INTENCIONAL DE PERSONA PROTEGIDA"
"2005-05-25", "CASANARE / MONTERREY / EL PORVENIR", "MISAEL ALVAREZ GUERRERO A10; D701; YUBER ARMANDO CONTRERAS ALVAREZ A10; D701; BERNEY GUERRERO BOHORQUEZ A10; D701; NELSON ENRIQUE ARIAS RAMIREZ A10; D701; HILDA BLANCA CRUZ MONTEJO A10; D701 Víctimas:5", "EJERCITO", "A:1:10 PERSECUCIÓN POLÍTICA:EJECUCIÓN EXTRAJUDICIAL;  D:1:701 PERSONAS:HOMICIDIO INTENCIONAL DE PERSONA PROTEGIDA"
"2005-06-13", "CASANARE / AGUAZUL", "MARIA NATIVIDAD GAMEZ DE JUNCO  (1945) A11; SANDRA PATRICIA VARGAS  (1978) A11; N N A10; D701 Víctimas:3", "AUC", "A:1:10 PERSECUCIÓN POLÍTICA:EJECUCIÓN EXTRAJUDICIAL;  A:1:11 PERSECUCIÓN POLÍTICA:DESAPARICIÓN FORZADA;  D:1:701 PERSONAS:HOMICIDIO INTENCIONAL DE PERSONA PROTEGIDA"
"2005-06-15", "CASANARE / AGUAZUL", " Víctimas:0", "FARC-EP", "D:2:80 OBJETIVOS, MÉTODOS Y MÉDIOS ILÍCITOS:BIENES CIVILES"
"2005-10-10", "CASANARE / AGUAZUL; CASANARE / AGUAZUL", "HUGO EDGAR ARAQUE RODRIGUEZ  A10; D701 Víctimas:1", "EJERCITO", "A:1:10 PERSECUCIÓN POLÍTICA:EJECUCIÓN EXTRAJUDICIAL;  D:1:701 PERSONAS:HOMICIDIO INTENCIONAL DE PERSONA PROTEGIDA"
"2005-10-30", "CASANARE / CHÁMEZA", "N N B40; N N B40; N N B40; N N B40; N N B40; N N B40; N N B40; N N B40 Víctimas:8", "SIN INFORMACIÓN", "B:1:40 PERSECUCIÓN POLÍTICA:ASESINATO"
"2005-11-30", "CASANARE / AGUAZUL", "CARLOS BERNAL BERNAL  A10; D701 Víctimas:1", "EJERCITO", "A:1:10 PERSECUCIÓN POLÍTICA:EJECUCIÓN EXTRAJUDICIAL;  D:1:701 PERSONAS:HOMICIDIO INTENCIONAL DE PERSONA PROTEGIDA"
"2005-12-15", "CASANARE / TÁMARA", "RIGOBERTO ACHAGUA PAEZ  A10; D701 Víctimas:1", "EJERCITO", "A:1:10 PERSECUCIÓN POLÍTICA:EJECUCIÓN EXTRAJUDICIAL;  D:1:701 PERSONAS:HOMICIDIO INTENCIONAL DE PERSONA PROTEGIDA"
"2006-02-15", "CASANARE / AGUAZUL", "MANUEL FERNANDEZ PONGUTA  (1960) A11 Víctimas:1", "PARAMILITARES", "A:1:11 PERSECUCIÓN POLÍTICA:DESAPARICIÓN FORZADA"
"2006-07-01", "CASANARE / AGUAZUL", "ERNESTO GUEVARA CRUZ  A14; A15; D73; ADELFO ALFONSO CRUZ  A14; A15; D73; N N A14; A15; D73; N N A14; A15; D73; N N A14; A15; D73; N N A14; A15; D73; N N A14; A15; D73; N N A14; A15; D73; N N A14; A15; D73 Víctimas:9", "EJERCITO", "A:1:14 PERSECUCIÓN POLÍTICA:DETENCIÓN ARBITRARIA;  A:1:15 PERSECUCIÓN POLÍTICA:AMENAZA;  D:1:73 PERSONAS:AMENAZA"
"2006-07-13", "CASANARE / PAZ DE ARIPORO", "JOSE HERNANDO VARGAS  A10; A12; D72; D701 Víctimas:1", "GAULA", "A:1:10 PERSECUCIÓN POLÍTICA:EJECUCIÓN EXTRAJUDICIAL;  A:1:12 PERSECUCIÓN POLÍTICA:TORTURA;  D:1:72 PERSONAS:TORTURA;  D:1:701 PERSONAS:HOMICIDIO INTENCIONAL DE PERSONA PROTEGIDA"
"2006-07-16", "CASANARE / AGUAZUL", "ERNESTO CRUZ GUEVARA  A14; A15; D73; TOBIAS CRUZ  A15; D73; FAMILIA CRUZ GUEVARA () Víctimas:2", "EJERCITO", "A:1:14 PERSECUCIÓN POLÍTICA:DETENCIÓN ARBITRARIA;  A:1:15 PERSECUCIÓN POLÍTICA:AMENAZA;  A:1:18 PERSECUCIÓN POLÍTICA:COLECTIVO AMENAZADO;  D:1:73 PERSONAS:AMENAZA;  D:1:706 PERSONAS:COLECTIVO AMENAZADO"
"2006-07-16", "CASANARE / AGUAZUL; CASANARE / AGUAZUL", "GONZALO ALFONSO CRUZ  A14; A15; D73 Víctimas:1", "EJERCITO", "A:1:14 PERSECUCIÓN POLÍTICA:DETENCIÓN ARBITRARIA;  A:1:15 PERSECUCIÓN POLÍTICA:AMENAZA;  D:1:73 PERSONAS:AMENAZA"
"2006-08-02", "CASANARE / AGUAZUL", "JUAN DE JESUS RODRIGUEZ  (1970) A14; A14; MARIA FERNANDA HURTADO BURGOS  (1974) A14; A14; EDGAR VITALINO FULLA  (1980) A14; A14 Víctimas:3", "EJERCITO. DAS", "A:1:14 PERSECUCIÓN POLÍTICA:DETENCIÓN ARBITRARIA"
"2006-08-03", "CASANARE / AGUAZUL", "LUIS ALEJANDRO MORENO BARAHONA  (1948) A14; A14 Víctimas:1", "EJERCITO. DAS", "A:1:14 PERSECUCIÓN POLÍTICA:DETENCIÓN ARBITRARIA"
"2006-08-03", "CASANARE / YOPAL", "JOSE EPAMINONDAS RODRIGUEZ  (1957) A14; A14 Víctimas:1", "EJERCITO. DAS", "A:1:14 PERSECUCIÓN POLÍTICA:DETENCIÓN ARBITRARIA"
"2006-08-03", "CASANARE / AGUAZUL", "JEFRY MARTINEZ  (1982) A14; A14 Víctimas:1", "EJERCITO. DAS", "A:1:14 PERSECUCIÓN POLÍTICA:DETENCIÓN ARBITRARIA"
"2006-08-24", "CASANARE / YOPAL / TILODIRÁN", "PABLO EMILIO VASQUEZ PEREZ A20 Víctimas:1", "EJERCITO", "A:2:20 ABUSO DE AUTORIDAD:EJECUCIÓN EXTRAJUDICIAL"
"2006-08-30", "CASANARE / AGUAZUL", "JOSE ADONAIN RODRIGUEZ AYALA  A14 Víctimas:1", "EJERCITO", "A:1:14 PERSECUCIÓN POLÍTICA:DETENCIÓN ARBITRARIA"
"2006-09-07", "CASANARE / AGUAZUL", "ZAUL FERRUCHO  A14; OMAR ALVAREZ  A14 Víctimas:2", "EJERCITO", "A:1:14 PERSECUCIÓN POLÍTICA:DETENCIÓN ARBITRARIA"
"2006-12-17", "CASANARE / TÁMARA", "JOSE CAYETANO MENDIVELSO RAVELO A10; D701 Víctimas:1", "EJERCITO", "A:1:10 PERSECUCIÓN POLÍTICA:EJECUCIÓN EXTRAJUDICIAL;  D:1:701 PERSONAS:HOMICIDIO INTENCIONAL DE PERSONA PROTEGIDA"
"2007-01-04", "CASANARE / PAZ DE ARIPORO", "OSCAR PEREZ ANAVE  A20 Víctimas:1", "EJERCITO", "A:2:20 ABUSO DE AUTORIDAD:EJECUCIÓN EXTRAJUDICIAL"
"2007-01-11", "CASANARE / YOPAL", "JOSE ARQUIMIDES RINCON A10; D701; SERVULO VELANDIA CRUZ A10; D701 Víctimas:2", "EJERCITO", "A:1:10 PERSECUCIÓN POLÍTICA:EJECUCIÓN EXTRAJUDICIAL;  D:1:701 PERSONAS:HOMICIDIO INTENCIONAL DE PERSONA PROTEGIDA"
"2007-01-18", "CASANARE / AGUAZUL", "ANGEL CAMACHO  A10; D701 Víctimas:1", "GAULA", "A:1:10 PERSECUCIÓN POLÍTICA:EJECUCIÓN EXTRAJUDICIAL;  D:1:701 PERSONAS:HOMICIDIO INTENCIONAL DE PERSONA PROTEGIDA"
"2007-02-13", "CASANARE / TAURAMENA", "JHON HAYDER BURGOS  A10; D701; YESID ALVARADO A10; D701 Víctimas:2", "FUERZA PUBLICA", "A:1:10 PERSECUCIÓN POLÍTICA:EJECUCIÓN EXTRAJUDICIAL;  D:1:701 PERSONAS:HOMICIDIO INTENCIONAL DE PERSONA PROTEGIDA"
"2007-02-19", "CASANARE / VILLANUEVA", "JORGE ANDRES BARRERA FALLA A10; D701; N N A10; D701 Víctimas:2", "GAULA", "A:1:10 PERSECUCIÓN POLÍTICA:EJECUCIÓN EXTRAJUDICIAL;  D:1:701 PERSONAS:HOMICIDIO INTENCIONAL DE PERSONA PROTEGIDA"
"2007-02-21", "CASANARE / PORE", "OMAR LIZARAZO GUITERO  A10; D701 Víctimas:1", "FUERZA PUBLICA", "A:1:10 PERSECUCIÓN POLÍTICA:EJECUCIÓN EXTRAJUDICIAL;  D:1:701 PERSONAS:HOMICIDIO INTENCIONAL DE PERSONA PROTEGIDA"
"2007-02-24", "CASANARE / AGUAZUL", "ROGER ACERO HERNÁNDEZ (1984) A10; D701 Víctimas:1", "EJERCITO", "A:1:10 PERSECUCIÓN POLÍTICA:EJECUCIÓN EXTRAJUDICIAL;  D:1:701 PERSONAS:HOMICIDIO INTENCIONAL DE PERSONA PROTEGIDA"
"2007-02-25", "CASANARE / MANÍ", "JOSÉ ARCADIO RODRÍGUEZ (1936) A10; D701 Víctimas:1", "EJERCITO", "A:1:10 PERSECUCIÓN POLÍTICA:EJECUCIÓN EXTRAJUDICIAL;  D:1:701 PERSONAS:HOMICIDIO INTENCIONAL DE PERSONA PROTEGIDA"
"2007-03-05", "CASANARE / TÁMARA", "JAIRO TIVI COTINCHARA  (1962) A10; D701 Víctimas:1", "EJERCITO", "A:1:10 PERSECUCIÓN POLÍTICA:EJECUCIÓN EXTRAJUDICIAL;  D:1:701 PERSONAS:HOMICIDIO INTENCIONAL DE PERSONA PROTEGIDA"
"2007-03-14", "CASANARE / MONTERREY / BRISAS DE LLANO", "JOSE LORENZO TABORDA TABORDA A10; A11; D701 Víctimas:1", "EJERCITO", "A:1:10 PERSECUCIÓN POLÍTICA:EJECUCIÓN EXTRAJUDICIAL;  A:1:11 PERSECUCIÓN POLÍTICA:DESAPARICIÓN FORZADA;  D:1:701 PERSONAS:HOMICIDIO INTENCIONAL DE PERSONA PROTEGIDA"
"2007-03-18", "CASANARE / AGUAZUL", "DANIEL TORRES ARCINIEGAS  (1969) A10; D701; ROQUE JULIO TORRES TORRES  (1991) A10; D701 Víctimas:2", "EJERCITO", "A:1:10 PERSECUCIÓN POLÍTICA:EJECUCIÓN EXTRAJUDICIAL;  D:1:701 PERSONAS:HOMICIDIO INTENCIONAL DE PERSONA PROTEGIDA"
"2007-03-27", "CASANARE / MANÍ", "ANDRES FABIAN GARZON A10; D701; KEMEL MAURICIO ARTEAGA A10; D701 Víctimas:2", "EJERCITO", "A:1:10 PERSECUCIÓN POLÍTICA:EJECUCIÓN EXTRAJUDICIAL;  D:1:701 PERSONAS:HOMICIDIO INTENCIONAL DE PERSONA PROTEGIDA"
"2007-03-30", "CASANARE / AGUAZUL / CUPIAGUA", "WILLIAM MARTINEZ SUAREZ  A10; D701 Víctimas:1", "GAULA", "A:1:10 PERSECUCIÓN POLÍTICA:EJECUCIÓN EXTRAJUDICIAL;  D:1:701 PERSONAS:HOMICIDIO INTENCIONAL DE PERSONA PROTEGIDA"
"2007-03-30", "CASANARE / AGUAZUL / CUPIAGUA", "YEFER ARNOLDO MORA SANABRIA  A10; D701; GUSTAVO MORA SANABRIA  A10; D701; N N A10; D701; N N A14 Víctimas:4", "EJERCITO", "A:1:10 PERSECUCIÓN POLÍTICA:EJECUCIÓN EXTRAJUDICIAL;  A:1:14 PERSECUCIÓN POLÍTICA:DETENCIÓN ARBITRARIA;  D:1:701 PERSONAS:HOMICIDIO INTENCIONAL DE PERSONA PROTEGIDA"
"2007-04-05", "CASANARE / HATO COROZAL", "SOFIA HERNÁNDEZ GUAIS  A10; D701; PRISCILA HERNÁNDEZ PÉREZ  A10; D701; JUAN JOSÉ COBA OROS  A10; D701; OCTAVIO COBA LEÓN  A10; D701; JOSÉ HORACIO BARBOSA  A10; D701 Víctimas:5", "EJERCITO", "A:1:10 PERSECUCIÓN POLÍTICA:EJECUCIÓN EXTRAJUDICIAL;  D:1:701 PERSONAS:HOMICIDIO INTENCIONAL DE PERSONA PROTEGIDA"
"2007-04-05", "CASANARE / HATO COROZAL", "JOSE IGNACIO PEREZ OROS  A10; D701 Víctimas:1", "EJERCITO", "A:1:10 PERSECUCIÓN POLÍTICA:EJECUCIÓN EXTRAJUDICIAL;  D:1:701 PERSONAS:HOMICIDIO INTENCIONAL DE PERSONA PROTEGIDA"
"2007-04-06", "CASANARE / HATO COROZAL", "CLODOMIRO COBO LEON  A10; A13; A14; D701; D702; BEYER IGNACIO PEREZ  A10; A13; A14; D701; D702; YOLMAN BARBOSA  A10; A13; A14; D701; D702 Víctimas:3", "GAULA", "A:1:10 PERSECUCIÓN POLÍTICA:EJECUCIÓN EXTRAJUDICIAL;  A:1:13 PERSECUCIÓN POLÍTICA:LESIÓN FÍSICA;  A:1:14 PERSECUCIÓN POLÍTICA:DETENCIÓN ARBITRARIA;  D:1:701 PERSONAS:HOMICIDIO INTENCIONAL DE PERSONA PROTEGIDA;  D:1:702 PERSONAS:LESIÓN A PERSONA PROTEGIDA"
"2007-04-16", "CASANARE / HATO COROZAL", "LUIS GUILLERMO ROBAYO MORA  (1982) A10; D701; RUBEN DARIO AVENDAÑO MORA  (1993) A10; D701 Víctimas:2", "EJERCITO", "A:1:10 PERSECUCIÓN POLÍTICA:EJECUCIÓN EXTRAJUDICIAL;  D:1:701 PERSONAS:HOMICIDIO INTENCIONAL DE PERSONA PROTEGIDA"
"2007-04-16", "CASANARE / HATO COROZAL / LAS TAPIAS", "LUIS GUILLERMO ROBAYO MORA  (1982) A10; A12; D72; D701; RUBEN DARIO AVENDAÑO MORA  (1993) A10; A12; D72; D701 Víctimas:2", "GAULA. DAS", "A:1:10 PERSECUCIÓN POLÍTICA:EJECUCIÓN EXTRAJUDICIAL;  A:1:12 PERSECUCIÓN POLÍTICA:TORTURA;  D:1:72 PERSONAS:TORTURA;  D:1:701 PERSONAS:HOMICIDIO INTENCIONAL DE PERSONA PROTEGIDA"
"2007-04-22", "CASANARE / AGUAZUL", "ERNESTO CRUZ GUEVARA  A10; D701 Víctimas:1", "EJERCITO", "A:1:10 PERSECUCIÓN POLÍTICA:EJECUCIÓN EXTRAJUDICIAL;  D:1:701 PERSONAS:HOMICIDIO INTENCIONAL DE PERSONA PROTEGIDA"
"2007-05-02", "CASANARE / AGUAZUL", "ALCIBIADES CASTILLO  A10; D701 Víctimas:1", "EJERCITO", "A:1:10 PERSECUCIÓN POLÍTICA:EJECUCIÓN EXTRAJUDICIAL;  D:1:701 PERSONAS:HOMICIDIO INTENCIONAL DE PERSONA PROTEGIDA"
"2007-06-16", "CASANARE / AGUAZUL", "EDISON GONZALEZ  A10; D701 Víctimas:1", "EJERCITO", "A:1:10 PERSECUCIÓN POLÍTICA:EJECUCIÓN EXTRAJUDICIAL;  D:1:701 PERSONAS:HOMICIDIO INTENCIONAL DE PERSONA PROTEGIDA"
"2007-07-27", "CASANARE / HATO COROZAL", "EDUARDO PEREZ VEGA  A10; D701 Víctimas:1", "GAULA", "A:1:10 PERSECUCIÓN POLÍTICA:EJECUCIÓN EXTRAJUDICIAL;  D:1:701 PERSONAS:HOMICIDIO INTENCIONAL DE PERSONA PROTEGIDA"
"2007-07-30", "CASANARE / PAZ DE ARIPORO", "FABIO ABRIL ABRIL A10; D701 Víctimas:1", "EJERCITO", "A:1:10 PERSECUCIÓN POLÍTICA:EJECUCIÓN EXTRAJUDICIAL;  D:1:701 PERSONAS:HOMICIDIO INTENCIONAL DE PERSONA PROTEGIDA"
"2007-08-10", "CASANARE / YOPAL", "JORGE ALBERTO PARDO  A20; JOSE ABELARDO MALDONADO GALDAMES  A20 Víctimas:2", "GAULA", "A:2:20 ABUSO DE AUTORIDAD:EJECUCIÓN EXTRAJUDICIAL"
"2007-08-15", "CASANARE / AGUAZUL", "JENNER VEGA SILBO  A10; D701 Víctimas:1", "EJERCITO", "A:1:10 PERSECUCIÓN POLÍTICA:EJECUCIÓN EXTRAJUDICIAL;  D:1:701 PERSONAS:HOMICIDIO INTENCIONAL DE PERSONA PROTEGIDA"
"2007-08-26", "CASANARE / YOPAL / TILODIRÁN", "ABEL ANTONIO LOZANO CAMACHO  A10; D701; ABELARDO REYES  A10; D701 Víctimas:2", "GAULA", "A:1:10 PERSECUCIÓN POLÍTICA:EJECUCIÓN EXTRAJUDICIAL;  D:1:701 PERSONAS:HOMICIDIO INTENCIONAL DE PERSONA PROTEGIDA"
"2007-09-30", "CASANARE / AGUAZUL / CUPIAGUA", "RAUL GUTIERREZ PERDOMO  A20; SAUL CESPEDES GUTIERREZ  A20 Víctimas:2", "EJERCITO", "A:2:20 ABUSO DE AUTORIDAD:EJECUCIÓN EXTRAJUDICIAL"
"2007-10-12", "CASANARE / TAURAMENA", "DIEGO ARMANDO HEREDIA MONROY A10; D701; DOMINGO ANTONIO CASTRO ZORRO A10; D701 Víctimas:2", "EJERCITO", "A:1:10 PERSECUCIÓN POLÍTICA:EJECUCIÓN EXTRAJUDICIAL;  D:1:701 PERSONAS:HOMICIDIO INTENCIONAL DE PERSONA PROTEGIDA"
"2007-11-15", "CASANARE / MONTERREY", "WILLIAM VARGAS VEGA  A10; A11; D701 Víctimas:1", "EJERCITO", "A:1:10 PERSECUCIÓN POLÍTICA:EJECUCIÓN EXTRAJUDICIAL;  A:1:11 PERSECUCIÓN POLÍTICA:DESAPARICIÓN FORZADA;  D:1:701 PERSONAS:HOMICIDIO INTENCIONAL DE PERSONA PROTEGIDA"
"2007-11-24", "CASANARE / SÁCAMA", "MISAEL ARTURO MOJICA TOSCANO  (1966) A10; D701 Víctimas:1", "EJERCITO", "A:1:10 PERSECUCIÓN POLÍTICA:EJECUCIÓN EXTRAJUDICIAL;  D:1:701 PERSONAS:HOMICIDIO INTENCIONAL DE PERSONA PROTEGIDA"
"2008-01-16", "CASANARE / AGUAZUL / MONTERRALO", "ARMANDO MONTAÑEZ  A10; D701; A10; D701; JOSE LIBARDO JUTINICO GOMEZ  A15; D73; A15; D73; COLECTIVO CAMPESINO MONTERRALO () Víctimas:2", "EJERCITO. GAULA", "A:1:10 PERSECUCIÓN POLÍTICA:EJECUCIÓN EXTRAJUDICIAL;  A:1:15 PERSECUCIÓN POLÍTICA:AMENAZA;  A:1:18 PERSECUCIÓN POLÍTICA:COLECTIVO AMENAZADO;  D:1:73 PERSONAS:AMENAZA;  D:1:701 PERSONAS:HOMICIDIO INTENCIONAL DE PERSONA PROTEGIDA;  D:1:706 PERSONAS:COLECTIVO AMENAZADO;  D:1:904 PERSONAS:COLECTIVO ESCUDO;  D:3:95 MÉTODOS:CATEGORIA INEXISTENTE 95"
"2008-01-21", "CASANARE / TAURAMENA", "OSCAR DANIEL ESPITIA A10; D701; A11; DIEGO BAYONA GUTIERREZ (1988) A10; D701; A11 Víctimas:2", "EJERCITO", "A:1:10 PERSECUCIÓN POLÍTICA:EJECUCIÓN EXTRAJUDICIAL;  A:1:11 PERSECUCIÓN POLÍTICA:DESAPARICIÓN FORZADA;  D:1:701 PERSONAS:HOMICIDIO INTENCIONAL DE PERSONA PROTEGIDA"
"2008-02-15", "CASANARE / NUNCHÍA", "DAIRO CATAÑO ROJAS  (1996) D704 Víctimas:1", "COMBATIENTES", "D:1:704 PERSONAS:LESIÓN A CIVILES EN ACCIÓN BÉLICA"
"2008-03-24", "CASANARE / AGUAZUL / MONTERRALO", "EIBER ISIDRO MENDOZA VARGAS  (1986) A10; A12; D72; D701 Víctimas:1", "EJERCITO", "A:1:10 PERSECUCIÓN POLÍTICA:EJECUCIÓN EXTRAJUDICIAL;  A:1:12 PERSECUCIÓN POLÍTICA:TORTURA;  D:1:72 PERSONAS:TORTURA;  D:1:701 PERSONAS:HOMICIDIO INTENCIONAL DE PERSONA PROTEGIDA"
"2008-07-19", "CASANARE / AGUAZUL", "SEGUNDO HURTADO RODRIGUEZ  A24; A25 Víctimas:1", "EJERCITO", "A:2:24 ABUSO DE AUTORIDAD:DETENCIÓN ARBITRARIA;  A:2:25 ABUSO DE AUTORIDAD:AMENAZA"
"2008-07-27", "CASANARE / YOPAL", "CARLOS JULIO PEREZ  A10; D701 Víctimas:1", "EJERCITO", "A:1:10 PERSECUCIÓN POLÍTICA:EJECUCIÓN EXTRAJUDICIAL;  D:1:701 PERSONAS:HOMICIDIO INTENCIONAL DE PERSONA PROTEGIDA"
"2008-10-16", "CASANARE / TÁMARA", "MARCO TULIO PEÑALOSA  (1978) A10; D701 Víctimas:1", "EJERCITO", "A:1:10 PERSECUCIÓN POLÍTICA:EJECUCIÓN EXTRAJUDICIAL;  D:1:701 PERSONAS:HOMICIDIO INTENCIONAL DE PERSONA PROTEGIDA"
"2009-01-07", "CASANARE / NUNCHÍA", "FREDY ROJAS URBANO  (1991) A14 Víctimas:1", "EJERCITO", "A:1:14 PERSECUCIÓN POLÍTICA:DETENCIÓN ARBITRARIA"
"2009-02-14", "CASANARE / NUNCHÍA", "EDWIN ALEXANDER PEREZ CATAÑO  A14 Víctimas:1", "FUERZA PUBLICA", "A:1:14 PERSECUCIÓN POLÍTICA:DETENCIÓN ARBITRARIA"
"2009-03-10", "CASANARE / NUNCHÍA", "JOSE PIRABAN  A14; A15; D73 Víctimas:1", "EJERCITO", "A:1:14 PERSECUCIÓN POLÍTICA:DETENCIÓN ARBITRARIA;  A:1:15 PERSECUCIÓN POLÍTICA:AMENAZA;  D:1:73 PERSONAS:AMENAZA"
"2009-03-24", "CASANARE / NUNCHÍA", "FREDY ROJAS URBANO  (1991) A14; A15; D73 Víctimas:1", "EJERCITO", "A:1:14 PERSECUCIÓN POLÍTICA:DETENCIÓN ARBITRARIA;  A:1:15 PERSECUCIÓN POLÍTICA:AMENAZA;  D:1:73 PERSONAS:AMENAZA"
"2009-03-29", "CASANARE / NUNCHÍA", "TITO ROJAS URBANO  A15; D73 Víctimas:1", "EJERCITO", "A:1:15 PERSECUCIÓN POLÍTICA:AMENAZA;  D:1:73 PERSONAS:AMENAZA"
"2009-04-19", "CASANARE / YOPAL", "NN ALIAS ""EL BOTONES""  A30; COLECTIVO LADRONES (); COLECTIVO CONSUMIDORES DE DROGA (); COLECTIVO PROSTITUTAS () Víctimas:1", "PARAMILITARES", "A:3:30 INTOLERANCIA SOCIAL:EJECUCIÓN EXTRAJUDICIAL;  A:3:38 INTOLERANCIA SOCIAL:COLECTIVO AMENAZADO"
"2009-04-24", "CASANARE / YOPAL", "JERSON EDUARDO ACOSTA LEGUIZAMÓN  (1981) A30 Víctimas:1", "PARAMILITARES", "A:3:30 INTOLERANCIA SOCIAL:EJECUCIÓN EXTRAJUDICIAL"
"2009-04-29", "CASANARE / YOPAL", "N N A30; N N A30; N N A30; N N A30 Víctimas:4", "PARAMILITARES", "A:3:30 INTOLERANCIA SOCIAL:EJECUCIÓN EXTRAJUDICIAL"
"2009-05-04", "CASANARE / YOPAL", "N N A30; N N A30 Víctimas:2", "PARAMILITARES", "A:3:30 INTOLERANCIA SOCIAL:EJECUCIÓN EXTRAJUDICIAL"
"2009-09-07", "CASANARE / YOPAL / SANTAFÉ DE MORICHAL", "N N A33; A35; N N A33; A35; N N A33; A35 Víctimas:3", "POLICÍA", "A:3:33 INTOLERANCIA SOCIAL:LESIÓN FÍSICA;  A:3:35 INTOLERANCIA SOCIAL:AMENAZA"
"2009-10-04", "CASANARE / SABANALARGA", "BRAULIO JOSE BARRERA LÓPEZ  A20; NANCY OMAIRA FERNANDEZ DE BARRERA  A23 Víctimas:2", "EJERCITO", "A:2:20 ABUSO DE AUTORIDAD:EJECUCIÓN EXTRAJUDICIAL;  A:2:23 ABUSO DE AUTORIDAD:LESIÓN FÍSICA"
"2009-11-08", "CASANARE / PAZ DE ARIPORO", "ROSA CORTES  D701 Víctimas:1", "FARC-EP", "D:1:701 PERSONAS:HOMICIDIO INTENCIONAL DE PERSONA PROTEGIDA"
"2010-04-20", "CASANARE / AGUAZUL", "N N (1931) A29; A296 Víctimas:1", "EJERCITO", "A:2:29 ABUSO DE AUTORIDAD:VIOLENCIA SEXUAL;  A:2:296 ABUSO DE AUTORIDAD:ABUSO SEXUAL"
"2010-07-16", "CASANARE / TÁMARA", "YOLBI CARREÑO D701; MIGUEL LAMOS D73; ANA VICTORIA BOTIA D73 Víctimas:3", "FARC-EP", "D:1:73 PERSONAS:AMENAZA;  D:1:701 PERSONAS:HOMICIDIO INTENCIONAL DE PERSONA PROTEGIDA"
"2010-08-02", "CASANARE / SÁCAMA", "JIMMY ALIRIO CRUZ ESTUPIÑAN D701 Víctimas:1", "FARC-EP", "D:1:701 PERSONAS:HOMICIDIO INTENCIONAL DE PERSONA PROTEGIDA"
"2010-08-05", "CASANARE / TÁMARA / TABLÓN DE TAMARA", "BILMA DURAN D701; SANDRA MILENA DURAN ORTIZ D702; CLAUDIA MILENA FAJARDO SOLANO D702 Víctimas:3", "FARC-EP", "D:1:701 PERSONAS:HOMICIDIO INTENCIONAL DE PERSONA PROTEGIDA;  D:1:702 PERSONAS:LESIÓN A PERSONA PROTEGIDA"
"2011-02-20", "CASANARE / TÁMARA", "WILSON JAVIER CUELLAR COTACIO  D701 Víctimas:1", "FARC-EP", "D:1:701 PERSONAS:HOMICIDIO INTENCIONAL DE PERSONA PROTEGIDA"
"2011-04-12", "CASANARE / AGUAZUL / MONTERRALO", "RAMON RICARDO AVELLA A15; D73; SEGUNDO AVELLA A15; D73 Víctimas:2", "EJERCITO", "A:1:15 PERSECUCIÓN POLÍTICA:AMENAZA;  D:1:73 PERSONAS:AMENAZA"
"2011-04-25", "CASANARE / HATO COROZAL / MANARE", "ALEXANDER ALFONSO BARRERA  (1989) A20; FAMILIA BARRERA () Víctimas:1", "EJERCITO", "A:2:20 ABUSO DE AUTORIDAD:EJECUCIÓN EXTRAJUDICIAL;  A:2:28 ABUSO DE AUTORIDAD:COLECTIVO AMENAZADO"
"2011-05-25", "CASANARE / AGUAZUL", "MIGUEL ARSENIO ROJAS B40 Víctimas:1", "SIN INFORMACIÓN", "B:1:40 PERSECUCIÓN POLÍTICA:ASESINATO"
"2011-07-04", "CASANARE / AGUAZUL", "ROSELINO PINTO PARRA (1977) D701; JORGE RODRIGUEZ (1985) D701 Víctimas:2", "ELN", "D:1:701 PERSONAS:HOMICIDIO INTENCIONAL DE PERSONA PROTEGIDA"
"2012-01-15", "CASANARE / SÁCAMA", "YOHANA ANDREA PAREDES CACERES A15; D73 Víctimas:1", "EJERCITO", "A:1:15 PERSECUCIÓN POLÍTICA:AMENAZA;  D:1:73 PERSONAS:AMENAZA"
"2012-01-18", "CASANARE / SÁCAMA", "LISIMACO SALON CACERES A15; D73 Víctimas:1", "EJERCITO", "A:1:15 PERSECUCIÓN POLÍTICA:AMENAZA;  D:1:73 PERSONAS:AMENAZA"
"2012-03-24", "CASANARE / AGUAZUL", "FRANKI REAL D701 Víctimas:1", "ELN", "D:1:701 PERSONAS:HOMICIDIO INTENCIONAL DE PERSONA PROTEGIDA"
"2012-03-28", "CASANARE / RECETOR", "POBLADORES RECETOR () Víctimas:0", "POLICÍA", "D:1:904 PERSONAS:COLECTIVO ESCUDO"
"2012-04-21", "CASANARE / YOPAL", "JAVIER SILVA PEREZ B48 Víctimas:1", "SIN INFORMACIÓN", "B:1:48 PERSECUCIÓN POLÍTICA:RAPTO"
"2012-05-01", "CASANARE / HATO COROZAL", "EVELIO RUBIO CAMARGO A15; D73 Víctimas:1", "EJERCITO", "A:1:15 PERSECUCIÓN POLÍTICA:AMENAZA;  D:1:73 PERSONAS:AMENAZA"
"2012-06-06", "CASANARE / YOPAL", "N N B43 Víctimas:1", "SIN INFORMACIÓN", "B:1:43 PERSECUCIÓN POLÍTICA:LESIÓN FÍSICA"
"2012-08-07", "CASANARE / YOPAL", "POBLADORES MONTERREY (); POBLADORES VILLANUEVA (); POBLADORES SAN LUIS DE GACENO (); POBLADORES TAURAMENA (); POBLADORES AGUAZUL (); POBLADORES YOPAL (); POBLADORES MANI (); POBLADORES EL SECRETO (); POBLADORES DEPARTAMENTO DE ARAUCA (); POBLADORES DEPARTAMENTO DE BOYACA () Víctimas:0", "PARAMILITARES", "A:1:18 PERSECUCIÓN POLÍTICA:COLECTIVO AMENAZADO;  D:1:706 PERSONAS:COLECTIVO AMENAZADO"
"2013-03-11", "CASANARE / HATO COROZAL", "POBLADORES RESGUARDO INDIGENA DE CAÑO MOCHUELO () Víctimas:0", "EJERCITO", "A:1:18 PERSECUCIÓN POLÍTICA:COLECTIVO AMENAZADO;  D:1:706 PERSONAS:COLECTIVO AMENAZADO;  D:2:80 OBJETIVOS, MÉTODOS Y MÉDIOS ILÍCITOS:BIENES CIVILES"
"2013-04-09", "CASANARE / YOPAL", "LUIS GABRIEL COCINERO COSTO D701 Víctimas:1", "ELN", "D:1:701 PERSONAS:HOMICIDIO INTENCIONAL DE PERSONA PROTEGIDA"
"2013-04-25", "CASANARE / NUNCHÍA", "UBALDO CACHAY CRUZ B40 Víctimas:1", "SIN INFORMACIÓN", "B:1:40 PERSECUCIÓN POLÍTICA:ASESINATO"
"2014-04-06", "CASANARE / YOPAL / EL MORRO", "FAUSTINO ACEVEDO D701 Víctimas:1", "ELN", "D:1:701 PERSONAS:HOMICIDIO INTENCIONAL DE PERSONA PROTEGIDA"
"2014-04-26", "CASANARE / YOPAL / EL CHARTE", "PEDRO JOSE MURCIA A14; HECTOR JULIO MARTINEZ A14 Víctimas:2", "POLICÍA", "A:1:14 PERSECUCIÓN POLÍTICA:DETENCIÓN ARBITRARIA"
"2014-04-28", "CASANARE / YOPAL / EL MORRO", "JEINSSON FABIAN PEREZ VEGA A14; A15; D73; A14; A15; D73; N N A14; A15; D73; A14; A15; D73 Víctimas:2", "POLICÍA. EJERCITO", "A:1:14 PERSECUCIÓN POLÍTICA:DETENCIÓN ARBITRARIA;  A:1:15 PERSECUCIÓN POLÍTICA:AMENAZA;  D:1:73 PERSONAS:AMENAZA;  D:3:95 MÉTODOS:CATEGORIA INEXISTENTE 95"
"2014-04-28", "CASANARE / YOPAL", "HABITANTES DE YOPAL () Víctimas:0", "POLICÍA", "A:1:18 PERSECUCIÓN POLÍTICA:COLECTIVO AMENAZADO;  D:1:706 PERSONAS:COLECTIVO AMENAZADO"
"2014-04-30", "CASANARE / YOPAL / EL CHARTE", "CAMILO RONDON GALLEGO A14; A15; D73; VOCEROS DE LA ASOCIACION DE VEREDAS DE CUMANA  () Víctimas:1", "POLICÍA", "A:1:14 PERSECUCIÓN POLÍTICA:DETENCIÓN ARBITRARIA;  A:1:15 PERSECUCIÓN POLÍTICA:AMENAZA;  A:1:18 PERSECUCIÓN POLÍTICA:COLECTIVO AMENAZADO;  D:1:73 PERSONAS:AMENAZA;  D:1:706 PERSONAS:COLECTIVO AMENAZADO"
"2014-04-30", "CASANARE / YOPAL / EL CHARTE", "OSCAR JAVIER ESLAVA CAMARGO A15; D73; LUZ EDITH GOMEZ FUYA A15; D73; N ESLAVA GOMEZ (2013) A15; D73; N N A15; D73; N N A15; D73; N N (2008) A15; D73 Víctimas:6", "POLICÍA", "A:1:15 PERSECUCIÓN POLÍTICA:AMENAZA;  D:1:73 PERSONAS:AMENAZA"
"2014-05-06", "CASANARE / YOPAL / EL MORRO", "N N B45; N N B45; N N B45; N N B45; N N B45; DIRECTIVOS COMUNALES DE EL MORRO () Víctimas:5", "SIN INFORMACIÓN", "B:1:45 PERSECUCIÓN POLÍTICA:AMENAZA;  B:1:49 PERSECUCIÓN POLÍTICA:COLECTIVO AMENAZADO"
"2014-05-09", "CASANARE / NUNCHÍA", " Víctimas:0", "ELN", "D:2:84 OBJETIVOS, MÉTODOS Y MÉDIOS ILÍCITOS:MEDIO AMBIENTE"
"2014-06-23", "CASANARE / HATO COROZAL", "LIRY HERNEY HERNANDEZ B40; JEFFERSON LANDAETA B40; DAVID HERNANDEZ RIOS B40; NESTOR FREDY LUCUMY CRUZ B40 Víctimas:4", "SIN INFORMACIÓN", "B:1:40 PERSECUCIÓN POLÍTICA:ASESINATO"
"2014-07-07", "CASANARE / NUNCHÍA / NUNCHÍA", "ARIEL CRUZ B45 Víctimas:1", "SIN INFORMACIÓN", "B:1:45 PERSECUCIÓN POLÍTICA:AMENAZA"
"2014-10-15", "CASANARE / AGUAZUL", "GISELA SEIJA CRUZ (1998) B41 Víctimas:1", "ELN", "B:1:41 PERSECUCIÓN POLÍTICA:SECUESTRO"
"2014-12-11", "CASANARE / MANÍ", "PRIMITIVO FIGUEROA DIAZ B40 Víctimas:1", "SIN INFORMACIÓN", "B:1:40 PERSECUCIÓN POLÍTICA:ASESINATO"
"2015-08-01", "CASANARE / RECETOR", " Víctimas:0", "ELN", "D:2:80 OBJETIVOS, MÉTODOS Y MÉDIOS ILÍCITOS:BIENES CIVILES"
"2015-08-10", "CASANARE", "ALIRIO BARRERA D73 Víctimas:1", "ELN", "D:1:73 PERSONAS:AMENAZA"
"2015-09-09", "CASANARE / YOPAL", "HUBER ANDRES GONZALEZ GALLEGO A22 Víctimas:1", "INPEC", "A:2:22 ABUSO DE AUTORIDAD:TORTURA"
"2015-09-20", "CASANARE / AGUAZUL / MONTERRALO", "LUIS IVAN ROA (1974) B40 Víctimas:1", "SIN INFORMACIÓN", "B:1:40 PERSECUCIÓN POLÍTICA:ASESINATO"
"2015-10-09", "CASANARE / AGUAZUL", " Víctimas:0", "ELN", "D:2:80 OBJETIVOS, MÉTODOS Y MÉDIOS ILÍCITOS:BIENES CIVILES"
"2015-11-07", "CASANARE / AGUAZUL", " Víctimas:0", "ELN", "D:2:80 OBJETIVOS, MÉTODOS Y MÉDIOS ILÍCITOS:BIENES CIVILES"
"2015-11-13", "CASANARE / TRINIDAD", "DANIEL ABRIL A10; D701 Víctimas:1", "EJERCITO", "A:1:10 PERSECUCIÓN POLÍTICA:EJECUCIÓN EXTRAJUDICIAL;  D:1:701 PERSONAS:HOMICIDIO INTENCIONAL DE PERSONA PROTEGIDA"
"2015-11-21", "CASANARE / YOPAL", " Víctimas:0", "ELN", "D:2:80 OBJETIVOS, MÉTODOS Y MÉDIOS ILÍCITOS:BIENES CIVILES"
"2015-12-22", "CASANARE / YOPAL", " Víctimas:0", "ELN", "D:2:80 OBJETIVOS, MÉTODOS Y MÉDIOS ILÍCITOS:BIENES CIVILES"
"2016-01-10", "CASANARE / SAN LUIS DE PALENQUE", "MARIO ALEXIS TARACHE (1980) B40 Víctimas:1", "SIN INFORMACIÓN", "B:1:40 PERSECUCIÓN POLÍTICA:ASESINATO"
"2016-01-14", "CASANARE / YOPAL", " Víctimas:0", "ELN", "D:2:80 OBJETIVOS, MÉTODOS Y MÉDIOS ILÍCITOS:BIENES CIVILES"
"2016-02-12", "CASANARE / RECETOR", " Víctimas:0", "ELN", "D:2:80 OBJETIVOS, MÉTODOS Y MÉDIOS ILÍCITOS:BIENES CIVILES"
"2016-02-14", "CASANARE / PAZ DE ARIPORO", " Víctimas:0", "ELN", "D:2:80 OBJETIVOS, MÉTODOS Y MÉDIOS ILÍCITOS:BIENES CIVILES"
"2016-03-09", "CASANARE / PAZ DE ARIPORO", " Víctimas:0", "ELN", "D:2:84 OBJETIVOS, MÉTODOS Y MÉDIOS ILÍCITOS:MEDIO AMBIENTE;  D:3:95 MÉTODOS:CATEGORIA INEXISTENTE 95"
"2016-05-08", "CASANARE / YOPAL", "JAIRO VARGAS A23; MARLIS PATRICIA CAMARGO A23; NICOLAS VARGAS CAMARGO (2000) A23 Víctimas:3", "POLICÍA", "A:2:23 ABUSO DE AUTORIDAD:LESIÓN FÍSICA"
"2016-08-06", "CASANARE / YOPAL", "MARCO TULIO RUIZ RIAÑO B45; N RUIZ B45 Víctimas:2", "SIN INFORMACIÓN", "B:1:45 PERSECUCIÓN POLÍTICA:AMENAZA"
"2016-09-12", "CASANARE / HATO COROZAL", " Víctimas:0", "ELN", "D:2:80 OBJETIVOS, MÉTODOS Y MÉDIOS ILÍCITOS:BIENES CIVILES"
"2016-12-04", "CASANARE / YOPAL", "MARIO JOSÉ MARTÍNEZ (1970) B40 Víctimas:1", "SIN INFORMACIÓN", "B:1:40 PERSECUCIÓN POLÍTICA:ASESINATO"
"2016-12-16", "CASANARE / CHÁMEZA", "PABLO NUÑEZ B55; DIEGO MORALES B55; FERNANDO RAMÍREZ B55; OSWALDO MARTÍNEZ B55; OSVER LOZANO B55; DANIEL VALVUENA B55; JHONATAN VALVUENA B55; DIEGO ARIAS B55; MILTON N B55; N MAHECHA BAUTISTA B55; DANIEL QUESADA PIRAGUA B55; DIEGO DIMAR PÉREZ B55; YIDITH RODRÍGUEZ B55; SERGIO MORA PÉREZ B55; DANIEL MORA PÉREZ B55; ARBEY PLAZAS B55; YEFER MORA B55; RICHAR PLAZAS B55; FABIÁN RAMÍREZ B55; FABIÁN NUÑEZ B55; CRISTIAN GALINDO B55; CRISTIAN CASTAÑEDA B55; JHON LOZANO B55; CRISTIAN MORENO B55; ANDRES MORA B55; NELSON CRUZ B55; CARLOS LEÓN B55; LUIS MIGUEL LOZANO B55; JHON BOHORQUEZ B55; DIEGO ANDRES MONTAÑA B55; BEYER MAHECHA PÉREZ B55; POBLADORES DE CHAMEZA () Víctimas:31", "GRUPOS DE INTOLERANCIA", "B:2:55 INTOLERANCIA SOCIAL:AMENAZA;  B:2:59 INTOLERANCIA SOCIAL:COLECTIVO AMENAZADO"
"2017-02-28", "CASANARE / YOPAL", "COMUNIDAD DE ""MI NUEVA ESPERANZA"" () Víctimas:0", "SIN INFORMACIÓN", "B:1:49 PERSECUCIÓN POLÍTICA:COLECTIVO AMENAZADO"
"2017-03-01", "CASANARE / YOPAL", "COMUNIDAD DE ""MI NUEVA ESPERANZA"" () Víctimas:0", "SIN INFORMACIÓN", "B:1:49 PERSECUCIÓN POLÍTICA:COLECTIVO AMENAZADO"
"2017-04-16", "CASANARE / YOPAL", "N N B45; N N B45; N N B45 Víctimas:3", "SIN INFORMACIÓN", "B:1:45 PERSECUCIÓN POLÍTICA:AMENAZA"
"2017-08-04", "CASANARE / YOPAL", "N N (2000) A29; A296 Víctimas:1", "POLICÍA", "A:2:29 ABUSO DE AUTORIDAD:VIOLENCIA SEXUAL;  A:2:296 ABUSO DE AUTORIDAD:ABUSO SEXUAL"
"2017-08-13", "CASANARE / PORE", "RAFAEL PÉREZ GUTIÉRREZ D73; FAMILIA DE RAFAEL PÉREZ GUTIÉRREZ () Víctimas:1", "GUERRILLA", "D:1:73 PERSONAS:AMENAZA;  D:1:706 PERSONAS:COLECTIVO AMENAZADO;  D:2:95 OBJETIVOS, MÉTODOS Y MÉDIOS ILÍCITOS:PILLAJE"
"2017-09-08", "CASANARE / HATO COROZAL", "YURIEN ESNEIDER MORENO B45; GONZALO RAMOS ROJAS B45 Víctimas:2", "SIN INFORMACIÓN", "B:1:45 PERSECUCIÓN POLÍTICA:AMENAZA"
"2017-09-08", "CASANARE / NUNCHÍA", "NORBERTO MARTINEZ B45; FAMILIA DE NORBERTO MARTINEZ () Víctimas:1", "SIN INFORMACIÓN", "B:1:45 PERSECUCIÓN POLÍTICA:AMENAZA;  B:1:49 PERSECUCIÓN POLÍTICA:COLECTIVO AMENAZADO"
"2017-09-10", "CASANARE / CHÁMEZA", "NORBERTO MARTINEZ B45 Víctimas:1", "SIN INFORMACIÓN", "B:1:45 PERSECUCIÓN POLÍTICA:AMENAZA"
"2018-01-04", "CASANARE / YOPAL", "ARCENIO SANDOVAL BARRERA B45 Víctimas:1", "SIN INFORMACIÓN", "B:1:45 PERSECUCIÓN POLÍTICA:AMENAZA"
"2018-01-09", "CASANARE / AGUAZUL", "LEO MARÍN RODRÍGUEZ (1983) B40 Víctimas:1", "SIN INFORMACIÓN", "B:1:40 PERSECUCIÓN POLÍTICA:ASESINATO"
"2018-01-11", "CASANARE / AGUAZUL", "ANDRES CAMILO BARRERA PATIÑO A15; D73; D78; DIANA CAROLINA SAGANOME CARDENAS A15; D73; D78; POBLADORES VOLCAN BLANCO () Víctimas:2", "EJERCITO", "A:1:15 PERSECUCIÓN POLÍTICA:AMENAZA;  A:1:18 PERSECUCIÓN POLÍTICA:COLECTIVO AMENAZADO;  D:1:73 PERSONAS:AMENAZA;  D:1:78 PERSONAS:ESCUDO INDIVIDUAL;  D:1:706 PERSONAS:COLECTIVO AMENAZADO"
"2018-01-26", "CASANARE / AGUAZUL", "NORBAIRON NIÑO ROSAS (1984) B43 Víctimas:1", "SIN INFORMACIÓN", "B:1:43 PERSECUCIÓN POLÍTICA:LESIÓN FÍSICA"
"2018-02-22", "CASANARE / MANÍ", "OLGA MARIA PERILLA BAUTISTA A15; FAMILIA PERILLA BAUTISTA () Víctimas:1", "PARAMILITARES", "A:1:15 PERSECUCIÓN POLÍTICA:AMENAZA;  A:1:18 PERSECUCIÓN POLÍTICA:COLECTIVO AMENAZADO;  D:2:80 OBJETIVOS, MÉTODOS Y MÉDIOS ILÍCITOS:BIENES CIVILES"
"2018-06-28", "CASANARE / PORE", "POBLADORES ASENTAMIENTO RURAL MI NUEVO PORVENIR () Víctimas:0", "EJERCITO. ESTADO COLOMBIANO", "D:2:80 OBJETIVOS, MÉTODOS Y MÉDIOS ILÍCITOS:BIENES CIVILES"
"2018-10-01", "CASANARE / YOPAL", "ALIX MIRIAM AGUILAR A14 Víctimas:1", "POLICÍA", "A:1:14 PERSECUCIÓN POLÍTICA:DETENCIÓN ARBITRARIA"
"2019-03-14", "CASANARE / SÁCAMA", "ALFONSO CORREA B40 Víctimas:1", "SIN INFORMACIÓN", "B:1:40 PERSECUCIÓN POLÍTICA:ASESINATO"
"2019-04-23", "CASANARE / YOPAL", "JONATHAN CAMARGO BAUTISTA A14; A15; MOVIMIENTO POLITICO DE MASAS SOCIAL Y POPULAR DEL CENTRORIENTE DE COLOMBIA () Víctimas:1", "POLICÍA", "A:1:14 PERSECUCIÓN POLÍTICA:DETENCIÓN ARBITRARIA;  A:1:15 PERSECUCIÓN POLÍTICA:AMENAZA;  A:1:18 PERSECUCIÓN POLÍTICA:COLECTIVO AMENAZADO"
