"Fecha", "Ubicación", "Víctimas", "Pr. Resp.", "Tipificación"
"2001-03-09", "EXTERIOR / VENEZUELA", "OSCAR DARIO MEDINA ORTIZ  (1961) B41 Víctimas:1", "ELN", "B:1:41 PERSECUCIÓN POLÍTICA:SECUESTRO"
"2001-03-09", "EXTERIOR / VENEZUELA", "RUFINO RODRIGUEZ MORENO  B41; FABIO RODOLFO COLMENARES  B41; HOMERO AUGUSTO MANRIQUE  B41 Víctimas:3", "ELN", "B:1:41 PERSECUCIÓN POLÍTICA:SECUESTRO;  B:1:48 PERSECUCIÓN POLÍTICA:RAPTO"
"2001-05-06", "EXTERIOR / VENEZUELA", "PEDRO ANTONIO CASTRO  B40; RAMON PASTOR CONTRERAS  B40 Víctimas:2", "SIN INFORMACIÓN", "B:1:40 PERSECUCIÓN POLÍTICA:ASESINATO"
"2002-01-22", "EXTERIOR / PANAMA", "FELICIANO MOSQUERA  A13; A15; D73; D702 Víctimas:1", "AGENTE EXTRANJERO", "A:1:13 PERSECUCIÓN POLÍTICA:LESIÓN FÍSICA;  A:1:15 PERSECUCIÓN POLÍTICA:AMENAZA;  D:1:73 PERSONAS:AMENAZA;  D:1:702 PERSONAS:LESIÓN A PERSONA PROTEGIDA"
"2002-01-29", "EXTERIOR / PANAMA", "FELICIANO MOSQUERA  A101; N N A101; N N A101 Víctimas:3", "AGENTE EXTRANJERO", "A:1:101 PERSECUCIÓN POLÍTICA:DEPORTACIÓN"
"2002-07-09", "EXTERIOR / VENEZUELA", "TIRSO RENE VILLAMARIN RODRIGUEZ  (1980) B50; MOISES PEÑARANDA PAEZ  (1980) B50; JUAN JOSE IBARRA PEREZ  (1972) B50; JOSE LUIS SILVA GONZALEZ  (1977) B50 Víctimas:4", "GRUPOS DE INTOLERANCIA", "B:2:50 INTOLERANCIA SOCIAL:ASESINATO"
"2002-08-12", "EXTERIOR / VENEZUELA", "HECTOR FEDERICO GALLARDO LOZANO  B41 Víctimas:1", "ELN", "B:1:41 PERSECUCIÓN POLÍTICA:SECUESTRO"
"2002-09-07", "EXTERIOR / VENEZUELA", "ANGEL MONTES ROJAS  A10; D701 Víctimas:1", "PARAMILITARES", "A:1:10 PERSECUCIÓN POLÍTICA:EJECUCIÓN EXTRAJUDICIAL;  D:1:701 PERSONAS:HOMICIDIO INTENCIONAL DE PERSONA PROTEGIDA"
"2002-10-10", "EXTERIOR / VENEZUELA", "MILCIADES DIAZ ORTEGA  (1959) A10; D701; JAIME RODRIGUEZ GIL  (1960) A10; D701; CARLOS GIOVANNI PALLARES PALLARES  (1961) A10; D701; TORCOROMA RINCON SEPULVEDA  (1980) A10; D701; NANCY EDITH CARRILLO BAUTISTA  (1964) A10; D701; ERNESTO ORTIZ DELGADO  (1970) A13; D702 Víctimas:6", "PARAMILITARES", "A:1:10 PERSECUCIÓN POLÍTICA:EJECUCIÓN EXTRAJUDICIAL;  A:1:13 PERSECUCIÓN POLÍTICA:LESIÓN FÍSICA;  D:1:701 PERSONAS:HOMICIDIO INTENCIONAL DE PERSONA PROTEGIDA;  D:1:702 PERSONAS:LESIÓN A PERSONA PROTEGIDA"
"2002-11-28", "EXTERIOR / VENEZUELA", "N N B50; N N B50; N N B50 Víctimas:3", "GRUPOS DE INTOLERANCIA", "B:2:50 INTOLERANCIA SOCIAL:ASESINATO"
"2003-01-18", "EXTERIOR / PANAMA", "ERNESTO AYALA  A10; D701; PASCUAL AYALA  A10; D701; LUIS ENRIQUE MARTINEZ  A10; D701; GILBERTO VASQUEZ  A10; D701; POBLADORES KUNA DE PAYA (); POBLADORES PUCURO () Víctimas:4", "PARAMILITARES", "A:1:10 PERSECUCIÓN POLÍTICA:EJECUCIÓN EXTRAJUDICIAL;  A:1:102 PERSECUCIÓN POLÍTICA:DESPLAZAMIENTO FORZADO;  D:1:701 PERSONAS:HOMICIDIO INTENCIONAL DE PERSONA PROTEGIDA;  D:1:903 PERSONAS:DESPLAZAMIENTO FORZADO;  D:2:80 OBJETIVOS, MÉTODOS Y MÉDIOS ILÍCITOS:BIENES CIVILES;  D:3:95 MÉTODOS:CATEGORIA INEXISTENTE 95;  D:3:902 MÉTODOS:CATEGORIA INEXISTENTE 902"
"2003-02-03", "EXTERIOR / PANAMA", "COMUNIDAD AFRODESCENDIENTE (); COMUNIDAD MESTIZA (); COMUNIDAD INDIGENA (0) Víctimas:0", "PARAMILITARES", "A:1:18 PERSECUCIÓN POLÍTICA:COLECTIVO AMENAZADO;  D:1:706 PERSONAS:COLECTIVO AMENAZADO"
"2003-03-20", "EXTERIOR / VENEZUELA", "LUIS CRIADO  A10; A12; D72; D701; N. JULIO  A10; A12; D72; D701; N. JULIO.  A10; A12; D72; D701; N. JULIO  A10; A12; D72; D701; N. JULIO.  A10; A12; D72; D701; N N (1923) A12; A14; D72; N N (1973) A12; A14; D72; N N (1973) A12; A14; D72; N N (1991) A11; N N (1989) A11 Víctimas:10", "PARAMILITARES", "A:1:10 PERSECUCIÓN POLÍTICA:EJECUCIÓN EXTRAJUDICIAL;  A:1:11 PERSECUCIÓN POLÍTICA:DESAPARICIÓN FORZADA;  A:1:12 PERSECUCIÓN POLÍTICA:TORTURA;  A:1:14 PERSECUCIÓN POLÍTICA:DETENCIÓN ARBITRARIA;  D:1:72 PERSONAS:TORTURA;  D:1:701 PERSONAS:HOMICIDIO INTENCIONAL DE PERSONA PROTEGIDA;  D:2:80 OBJETIVOS, MÉTODOS Y MÉDIOS ILÍCITOS:BIENES CIVILES;  D:3:95 MÉTODOS:CATEGORIA INEXISTENTE 95"
"2003-04-21", "EXTERIOR / PANAMA", "INOCENCIO BERRIO CORDOBA  A15; D73; AIDA ROSA URANGO SOLANO  A12; A15; D72; D73; JUAN DE LA CRUZ BERRIO  A11; SANDY JULIETH MARTINEZ COPETE  A14; N N A15; D73; N N A14; A15; D73; N N A14; A15; D73; N N A14; A15; D73; N N A14; A15; D73; N N A14; A15; D73; N N A11; YASIRIS HERNANDEZ URANGO  (1998) A14; DORIELA ACOSTA  (1988) A15; D73; MAGDALENO MEDRANO  A11; A12; D72; RAFAEL HERNANDEZ  A15; D73; POBLADORES DEPORTADOS Y AMENAZADOS (109) Víctimas:15", "AGENTE EXTRANJERO", "A:1:11 PERSECUCIÓN POLÍTICA:DESAPARICIÓN FORZADA;  A:1:12 PERSECUCIÓN POLÍTICA:TORTURA;  A:1:14 PERSECUCIÓN POLÍTICA:DETENCIÓN ARBITRARIA;  A:1:15 PERSECUCIÓN POLÍTICA:AMENAZA;  A:1:18 PERSECUCIÓN POLÍTICA:COLECTIVO AMENAZADO;  A:1:101 PERSECUCIÓN POLÍTICA:DEPORTACIÓN;  D:1:72 PERSONAS:TORTURA;  D:1:73 PERSONAS:AMENAZA;  D:1:706 PERSONAS:COLECTIVO AMENAZADO;  D:2:80 OBJETIVOS, MÉTODOS Y MÉDIOS ILÍCITOS:BIENES CIVILES;  D:3:95 MÉTODOS:CATEGORIA INEXISTENTE 95"
"2003-07-12", "EXTERIOR / VENEZUELA", "JOHN ALBEIRO CASTILLO NEGRON  (1987) A10; D701 Víctimas:1", "PARAMILITARES", "A:1:10 PERSECUCIÓN POLÍTICA:EJECUCIÓN EXTRAJUDICIAL;  D:1:701 PERSONAS:HOMICIDIO INTENCIONAL DE PERSONA PROTEGIDA"
"2004-08-20", "EXTERIOR", "LILIANA CHÁVEZ  A14; A14; N N A14; A14; N N A14; A14 Víctimas:3", "AGENTE EXTRANJERO. DAS", "A:1:14 PERSECUCIÓN POLÍTICA:DETENCIÓN ARBITRARIA"
"2004-08-27", "EXTERIOR / VENEZUELA", "JUAN JOSE PITA  A10; D701; A10; D701; N N A13; D702; A13; D702 Víctimas:2", "PARAMILITARES. AGENTE EXTRANJERO", "A:1:10 PERSECUCIÓN POLÍTICA:EJECUCIÓN EXTRAJUDICIAL;  A:1:13 PERSECUCIÓN POLÍTICA:LESIÓN FÍSICA;  D:1:701 PERSONAS:HOMICIDIO INTENCIONAL DE PERSONA PROTEGIDA;  D:1:702 PERSONAS:LESIÓN A PERSONA PROTEGIDA"
"2004-09-02", "EXTERIOR / ECUADOR", "COMUNIDAD DE GENERAL FARFAN (ECUADOR) (); COMUNIDAD DE PUERTO MESTANZA (ECUADOR) (); COMUNIDAD DE PUERTO NUEVO (ECUADOR) (); COMUNIDAD DE CORAZÓN ORENSE (ECUADOR) (); COMUNIDAD DE LUIS BERMEO (ECUADOR) () Víctimas:0", "PARAMILITARES", "A:1:18 PERSECUCIÓN POLÍTICA:COLECTIVO AMENAZADO;  D:1:706 PERSONAS:COLECTIVO AMENAZADO"
"2004-09-08", "EXTERIOR / ECUADOR", "N N A14; N N A14; N N A14; N N A14; N N A14 Víctimas:5", "FUERZAS MILITARES", "A:1:14 PERSECUCIÓN POLÍTICA:DETENCIÓN ARBITRARIA"
"2004-11-11", "EXTERIOR / ECUADOR", "POBLADORES CORAZÓN ORENSE (); POBLADORES LUIS BERMEO (); POBLADORES SANTA MARIANITA (); POBLADORES BALESTRERA (); OTROS POBLADORES DE PUERTO NUEVO (); POBLADORES 9 DE MARZO (); POBLADORES FRONTERA (); POBLADORES PUERTO MESTANZA (); OTROS POBLADORES A LA ORILLA DEL RIOS SAN MIGUEL Y PUTUMAYO EN EL ECUADOR () Víctimas:0", "PARAMILITARES. EJERCITO", "A:1:18 PERSECUCIÓN POLÍTICA:COLECTIVO AMENAZADO;  A:1:102 PERSECUCIÓN POLÍTICA:DESPLAZAMIENTO FORZADO;  D:1:706 PERSONAS:COLECTIVO AMENAZADO;  D:1:903 PERSONAS:DESPLAZAMIENTO FORZADO;  D:3:902 MÉTODOS:CATEGORIA INEXISTENTE 902"
"2004-11-29", "EXTERIOR / ECUADOR", "COMUNIDADES DE LA PARROQUIA GENERAL FARFÁN (ECUADOR) () Víctimas:0", "PARAMILITARES", "A:1:102 PERSECUCIÓN POLÍTICA:DESPLAZAMIENTO FORZADO;  D:1:903 PERSONAS:DESPLAZAMIENTO FORZADO;  D:3:902 MÉTODOS:CATEGORIA INEXISTENTE 902"
"2004-12-13", "EXTERIOR / VENEZUELA", "RODRIGO GRANDA ESCOBAR  A14; A14; A14 Víctimas:1", "AGENTE EXTRANJERO. ESTADO COLOMBIANO. POLICÍA", "A:1:14 PERSECUCIÓN POLÍTICA:DETENCIÓN ARBITRARIA"
"2005-01-06", "EXTERIOR", "SAÚL MARQUEZ  (1977) B40 Víctimas:1", "SIN INFORMACIÓN", "B:1:40 PERSECUCIÓN POLÍTICA:ASESINATO"
"2005-03-21", "EXTERIOR / PANAMA; RISARALDA / PEREIRA", "JOHN FREDY CALDERON CARDONA  (1991) B50; LUIS EDUARDO CAÑAS VELEZ  (1952) B50 Víctimas:2", "GRUPOS DE INTOLERANCIA", "B:2:50 INTOLERANCIA SOCIAL:ASESINATO"
"2005-03-28", "EXTERIOR / PANAMA; MAGDALENA / SANTA MARTA", "ABEL ANTONIO GUERRA ARGOTE  (1958) B43; HUMBERTO SIERRA PEREZ  (1963) B40 Víctimas:2", "SIN INFORMACIÓN", "B:1:40 PERSECUCIÓN POLÍTICA:ASESINATO;  B:1:43 PERSECUCIÓN POLÍTICA:LESIÓN FÍSICA"
"2005-04-11", "ATLÁNTICO / BARRANQUILLA; EXTERIOR / PANAMA", "JACQUELINE SABALZA  A11 Víctimas:1", "DAS", "A:1:11 PERSECUCIÓN POLÍTICA:DESAPARICIÓN FORZADA"
"2005-07-20", "EXTERIOR / ECUADOR", "COLECTIVO CAMPESINO DE LA PROVINCIA DE SUCUMBÍOS - ECUADOR () Víctimas:0", "EJERCITO", "A:1:102 PERSECUCIÓN POLÍTICA:DESPLAZAMIENTO FORZADO;  D:1:903 PERSONAS:DESPLAZAMIENTO FORZADO;  D:3:902 MÉTODOS:CATEGORIA INEXISTENTE 902"
"2005-07-22", "EXTERIOR / ECUADOR", "RAFAEL ORTIZ  A10; D701; N N A10; D701; N N A10; D701 Víctimas:3", "PARAMILITARES", "A:1:10 PERSECUCIÓN POLÍTICA:EJECUCIÓN EXTRAJUDICIAL;  D:1:701 PERSONAS:HOMICIDIO INTENCIONAL DE PERSONA PROTEGIDA"
"2005-07-23", "EXTERIOR / ECUADOR; EXTERIOR", "N N A10; A12; D72; D701; A10; A12; D72; D701; N N A10; A12; D72; D701; A10; A12; D72; D701; RAFAÉL ÓRTIZ  A10; A12; D72; D701; A10; A12; D72; D701; JOSÉ ANDRÉS MOREIRA  A14; A14; N N A14; A14; N N Víctimas:6", "EJERCITO. PARAMILITARES", "A:1:10 PERSECUCIÓN POLÍTICA:EJECUCIÓN EXTRAJUDICIAL;  A:1:12 PERSECUCIÓN POLÍTICA:TORTURA;  A:1:14 PERSECUCIÓN POLÍTICA:DETENCIÓN ARBITRARIA;  D:1:72 PERSONAS:TORTURA;  D:1:701 PERSONAS:HOMICIDIO INTENCIONAL DE PERSONA PROTEGIDA"
"2005-07-27", "CÓRDOBA / TIERRALTA / NUEVO FRASQUILLO; EXTERIOR", "MAURICIO VALDERRAMA  B41; FREDDY SALAS GUZMAN  B41 Víctimas:2", "FARC-EP", "B:1:41 PERSECUCIÓN POLÍTICA:SECUESTRO"
"2005-08-26", "EXTERIOR / VENEZUELA", "ENRIQUE ALFONSO GONZALEZ TORRES  A14; A14 Víctimas:1", "EJERCITO. AGENTE EXTRANJERO", "A:1:14 PERSECUCIÓN POLÍTICA:DETENCIÓN ARBITRARIA"
"2006-01-28", "EXTERIOR / ECUADOR", "CAMPESINOS COLOMBIANOS (100); CAMPESINOS ECUATORIANOS SECTOR BARRANCABERMEJA (350) Víctimas:0", "EJERCITO. FUERZA AEREA", "A:1:102 PERSECUCIÓN POLÍTICA:DESPLAZAMIENTO FORZADO;  D:1:903 PERSONAS:DESPLAZAMIENTO FORZADO;  D:3:90 MÉTODOS:CATEGORIA INEXISTENTE 90;  D:3:902 MÉTODOS:CATEGORIA INEXISTENTE 902"
"2006-03-11", "EXTERIOR / ECUADOR", " Víctimas:0", "EJERCITO", "D:3:90 MÉTODOS:CATEGORIA INEXISTENTE 90"
"2006-05-29", "EXTERIOR / VENEZUELA", "PABLO ELIAS RUEDA RUBIRA  A12; A14; D72 Víctimas:1", "AGENTE EXTRANJERO", "A:1:12 PERSECUCIÓN POLÍTICA:TORTURA;  A:1:14 PERSECUCIÓN POLÍTICA:DETENCIÓN ARBITRARIA;  D:1:72 PERSONAS:TORTURA"
"2006-10-16", "EXTERIOR / ECUADOR", "HECTOR MONAR  (1975) A10; D701; BLANCA VEGA  (1954) A10; D701 Víctimas:2", "EJERCITO", "A:1:10 PERSECUCIÓN POLÍTICA:EJECUCIÓN EXTRAJUDICIAL;  D:1:701 PERSONAS:HOMICIDIO INTENCIONAL DE PERSONA PROTEGIDA"
"2007-02-21", "EXTERIOR / VENEZUELA", "N N (2003) D703; N N D704; N N D704 Víctimas:3", "COMBATIENTES", "D:1:703 PERSONAS:CIVIL MUERTO EN ACCIÓN BÉLICA;  D:1:704 PERSONAS:LESIÓN A CIVILES EN ACCIÓN BÉLICA"
"2007-03-22", "EXTERIOR / ECUADOR", "JORGE PLAZA  A10; D701; N N A13; D702; DAVID MARROQUI ORTEGA  A10; D701; N N A11; N N A11; N N A11; CARLOS HERNANDO GONZÁLEZ  A13; D702; N N A13; D702; N N A13; D702; N N A13; D702; N N A13; D702 Víctimas:11", "EJERCITO", "A:1:10 PERSECUCIÓN POLÍTICA:EJECUCIÓN EXTRAJUDICIAL;  A:1:11 PERSECUCIÓN POLÍTICA:DESAPARICIÓN FORZADA;  A:1:13 PERSECUCIÓN POLÍTICA:LESIÓN FÍSICA;  D:1:701 PERSONAS:HOMICIDIO INTENCIONAL DE PERSONA PROTEGIDA;  D:1:702 PERSONAS:LESIÓN A PERSONA PROTEGIDA;  D:2:80 OBJETIVOS, MÉTODOS Y MÉDIOS ILÍCITOS:BIENES CIVILES"
"2008-01-17", "EXTERIOR / VENEZUELA", "POMPILIO VALENCIA  (1958) B40; PABLO VELANDIA  B40 Víctimas:2", "SIN INFORMACIÓN", "B:1:40 PERSECUCIÓN POLÍTICA:ASESINATO"
"2008-01-19", "EXTERIOR / VENEZUELA", "ALIRIO QUIÑÓNEZ  A10; D701 Víctimas:1", "PARAMILITARES", "A:1:10 PERSECUCIÓN POLÍTICA:EJECUCIÓN EXTRAJUDICIAL;  D:1:701 PERSONAS:HOMICIDIO INTENCIONAL DE PERSONA PROTEGIDA"
"2008-01-25", "EXTERIOR / VENEZUELA", "EMIR SANCHEZ  (1985) B40 Víctimas:1", "SIN INFORMACIÓN", "B:1:40 PERSECUCIÓN POLÍTICA:ASESINATO"
"2008-03-01", "EXTERIOR / ECUADOR", "FRANKLIN GUILLERMO AISALLIA MOLINA  A10; A12; D72; D701; SOREN ULISES AVILES ANGELES  (1979) A10; D701; VERONICA NATALIA VELASQUEZ RAMIREZ  (1978) A10; D701; JUAN GONZALEZ DEL CASTILLO  (1979) A10; D701; FERNANDO FRANCO DELGADO  (1979) A10; D701; N N A10; D701; N N A10; D701; N N A10; D701; N N A10; D701; LUCIA ANDREA MORETT ALVAREZ  A13; A15; A19; D73; D77; D702 Víctimas:10", "ESTADO COLOMBIANO", "A:1:10 PERSECUCIÓN POLÍTICA:EJECUCIÓN EXTRAJUDICIAL;  A:1:12 PERSECUCIÓN POLÍTICA:TORTURA;  A:1:13 PERSECUCIÓN POLÍTICA:LESIÓN FÍSICA;  A:1:15 PERSECUCIÓN POLÍTICA:AMENAZA;  A:1:19 PERSECUCIÓN POLÍTICA:VIOLENCIA SEXUAL;  D:1:72 PERSONAS:TORTURA;  D:1:73 PERSONAS:AMENAZA;  D:1:77 PERSONAS:VIOLENCIA SEXUAL;  D:1:701 PERSONAS:HOMICIDIO INTENCIONAL DE PERSONA PROTEGIDA;  D:1:702 PERSONAS:LESIÓN A PERSONA PROTEGIDA"
"2008-05-06", "EXTERIOR / ECUADOR", "ANTONIO ALCIVAR  A14 Víctimas:1", "AGENTE EXTRANJERO", "A:1:14 PERSECUCIÓN POLÍTICA:DETENCIÓN ARBITRARIA"
"2008-05-30", "EXTERIOR / ECUADOR", "CASTILLO TAUTAS  A10; A12; D72; D701; JAIRO SANTANDER DEL CARMÉN  A10; A12; D72; D701; N N A10; A12; D72; D701; COMUNIDAD CAMPESINA ECUATORIANA DE SAN MARTÍN () Víctimas:3", "EJERCITO", "A:1:10 PERSECUCIÓN POLÍTICA:EJECUCIÓN EXTRAJUDICIAL;  A:1:12 PERSECUCIÓN POLÍTICA:TORTURA;  A:1:18 PERSECUCIÓN POLÍTICA:COLECTIVO AMENAZADO;  A:1:102 PERSECUCIÓN POLÍTICA:DESPLAZAMIENTO FORZADO;  D:1:72 PERSONAS:TORTURA;  D:1:701 PERSONAS:HOMICIDIO INTENCIONAL DE PERSONA PROTEGIDA;  D:1:706 PERSONAS:COLECTIVO AMENAZADO;  D:1:903 PERSONAS:DESPLAZAMIENTO FORZADO;  D:3:902 MÉTODOS:CATEGORIA INEXISTENTE 902"
"2008-09-08", "EXTERIOR / VENEZUELA", "POBLADORES RUBIO () Víctimas:0", "PARAMILITARES", "A:3:38 INTOLERANCIA SOCIAL:COLECTIVO AMENAZADO"
"2008-09-11", "EXTERIOR / VENEZUELA", "POBLADORES SAN ANTONIO DEL TACHIRA () Víctimas:0", "PARAMILITARES", "A:3:38 INTOLERANCIA SOCIAL:COLECTIVO AMENAZADO"
"2008-09-15", "EXTERIOR / VENEZUELA", "POBLADORES RUBIO (); COMERCIANTES RUBIO () Víctimas:0", "PARAMILITARES", "A:1:18 PERSECUCIÓN POLÍTICA:COLECTIVO AMENAZADO;  D:1:706 PERSONAS:COLECTIVO AMENAZADO"
"2008-09-17", "EXTERIOR / VENEZUELA", "POBLADORES CAPACHO INDEPENDENCIA () Víctimas:0", "PARAMILITARES", "A:3:38 INTOLERANCIA SOCIAL:COLECTIVO AMENAZADO"
"2009-01-12", "EXTERIOR / VENEZUELA", "DEIMER GUEVARA QUINTERO  A20 Víctimas:1", "AGENTE EXTRANJERO", "A:2:20 ABUSO DE AUTORIDAD:EJECUCIÓN EXTRAJUDICIAL"
"2009-02-18", "EXTERIOR / PANAMA", "AURELIANO GRACIANO SEPULVEDA  (1971) D701 Víctimas:1", "FARC-EP", "D:1:701 PERSONAS:HOMICIDIO INTENCIONAL DE PERSONA PROTEGIDA"
"2009-04-28", "EXTERIOR / VENEZUELA", "WILMER QUINTERO PAEZ  (1983) B40; B48; ANTOLINO VARGAS SANCHEZ  (1961) B40; B48 Víctimas:2", "SIN INFORMACIÓN", "B:1:40 PERSECUCIÓN POLÍTICA:ASESINATO;  B:1:48 PERSECUCIÓN POLÍTICA:RAPTO"
"2009-06-22", "EXTERIOR / VENEZUELA", "JOSÉ ANTONIO GARCÍA BURGOS  A20; LUIS JERONIMO GARCÍA SILVA  A20; N N A23 Víctimas:3", "AGENTE EXTRANJERO", "A:2:20 ABUSO DE AUTORIDAD:EJECUCIÓN EXTRAJUDICIAL;  A:2:23 ABUSO DE AUTORIDAD:LESIÓN FÍSICA"
"2009-08-10", "EXTERIOR / VENEZUELA", "RAFAEL VILLAMIZAR RINCON  (1968) A10; D701; YORDIQUER VILLAMIZAR  (1998) A10; D701; YUBRASKA GAMBOA  (1994) A10; D701; YURLEY ALVARADO  (1977) A13; D702; KERLY MARTINEZ  (1994) A13; D702 Víctimas:5", "PARAMILITARES", "A:1:10 PERSECUCIÓN POLÍTICA:EJECUCIÓN EXTRAJUDICIAL;  A:1:13 PERSECUCIÓN POLÍTICA:LESIÓN FÍSICA;  D:1:701 PERSONAS:HOMICIDIO INTENCIONAL DE PERSONA PROTEGIDA;  D:1:702 PERSONAS:LESIÓN A PERSONA PROTEGIDA"
"2009-09-18", "EXTERIOR / VENEZUELA", "PEDRO JOSÉ CASANOVA  (1982) A24; ANDRÉS ALBERTO FARÍAS  A24 Víctimas:2", "AGENTE EXTRANJERO", "A:2:24 ABUSO DE AUTORIDAD:DETENCIÓN ARBITRARIA"
"2009-10-11", "EXTERIOR / VENEZUELA", "HUMBERTO RUBIANY HERNÁNDEZ AMAYA  (1976) B48; GERARDO VEGA SISA  (1975) B48; JOSÉ LUIS ARENAS SANCHEZ  (1988) B48; ANGEL ALDEMAR LEÓN ARICAPA  (1991) B48; EDUARD RICARDO GAMBOA GUTIERREZ  (1991) B48; MICHAEL ENDRIC BELLO VELANDIA  (1991) B48; MANUEL JUNIOR CORTEZ  (1991) B48; YORBIN JULIÁN AMAYA VEGA  (1992) B48; CARLOS ADOLFO AMADOR RAMIREZ  (1971) B48; POMPEYO MIGUEL RAMIREZ  (1982) B48; MAURICIO OSPINA MONTILLA  (1971) B48; DIEGO ALEXIS POBLADOR  (1984) B48 Víctimas:12", "SIN INFORMACIÓN", "B:1:48 PERSECUCIÓN POLÍTICA:RAPTO"
"2009-10-23", "EXTERIOR / VENEZUELA", "HUMBERTO RUBIANY HERNÁNDEZ AMAYA  (1976) B40; B47; GERARDO VEGA SISA  (1976) B40; B47; JOSE LUIS ARENAS SANCHEZ  (1988) B40; B47; ANGEL ALDEMAR LEÓN ARICAPA  (1991) B40; B47; EDUARD RICARDO GAMBOA GUTIERREZ  (1991) B40; B47; MICHAEL ENDRIC BELLO VELANDRIA  (1991) B40; B47; YORBIN JULIÁN AMAYA VEGA  (1992) B40; B47; CARLOS ADOLFO AMADOR  (1971) B40; B47; MAURICIO OSPINA MONTILLA  (1971) B40; B47; POMPEYO MIGUEL RAMIREZ  (1982) B40; B47; DIEGO ALEXIS POBLADOR  (1984) B40; B47; MANUEL JUNIOR CORTEZ  (1991) B43 Víctimas:12", "SIN INFORMACIÓN", "B:1:40 PERSECUCIÓN POLÍTICA:ASESINATO;  B:1:43 PERSECUCIÓN POLÍTICA:LESIÓN FÍSICA;  B:1:47 PERSECUCIÓN POLÍTICA:TORTURA"
"2009-10-30", "EXTERIOR / VENEZUELA", "RAMÓN ESNEIDER ARÉVALO JIMÉNEZ  (1991) A12; A14; D72; EDWIN MUYO  A12; A14; D72; JAIDER ALEXÁNDER FUERTES AYALA  A12; A14; D72 Víctimas:3", "AGENTE EXTRANJERO", "A:1:12 PERSECUCIÓN POLÍTICA:TORTURA;  A:1:14 PERSECUCIÓN POLÍTICA:DETENCIÓN ARBITRARIA;  D:1:72 PERSONAS:TORTURA"
"2010-01-18", "EXTERIOR / ECUADOR", "SABIRO TIMOTE PÉREZ A10; D701; ORLANDO TAPIA MOLANO A10; D701; FRANCY TAMAYO OMITAR A10; D701 Víctimas:3", "AGENTE EXTRANJERO", "A:1:10 PERSECUCIÓN POLÍTICA:EJECUCIÓN EXTRAJUDICIAL;  D:1:701 PERSONAS:HOMICIDIO INTENCIONAL DE PERSONA PROTEGIDA"
"2010-06-06", "EXTERIOR / VENEZUELA", "EDGAR TORRADO SARABIA (1968) A10; D701 Víctimas:1", "PARAMILITARES", "A:1:10 PERSECUCIÓN POLÍTICA:EJECUCIÓN EXTRAJUDICIAL;  D:1:701 PERSONAS:HOMICIDIO INTENCIONAL DE PERSONA PROTEGIDA"
"2010-07-07", "EXTERIOR / VENEZUELA", "JHON KENNY CABEZAS TORRES (1970) A24; ALBA LUCIA ALZATE (1974) A24; N N (1994) A24; DIEGO FERNANDO CARDOSO (1985) A24 Víctimas:4", "AGENTE EXTRANJERO", "A:2:24 ABUSO DE AUTORIDAD:DETENCIÓN ARBITRARIA"
"2011-05-23", "EXTERIOR / VENEZUELA", "RAÚL SOLANO HERNÁNDEZ (1979) A10; D701 Víctimas:1", "PARAMILITARES", "A:1:10 PERSECUCIÓN POLÍTICA:EJECUCIÓN EXTRAJUDICIAL;  D:1:701 PERSONAS:HOMICIDIO INTENCIONAL DE PERSONA PROTEGIDA"
"2011-06-06", "EXTERIOR / VENEZUELA", "LUIS ARMANDO DUARTE SALCEDO (1988) A10; D701 Víctimas:1", "PARAMILITARES", "A:1:10 PERSECUCIÓN POLÍTICA:EJECUCIÓN EXTRAJUDICIAL;  D:1:701 PERSONAS:HOMICIDIO INTENCIONAL DE PERSONA PROTEGIDA"
"2011-06-07", "EXTERIOR / VENEZUELA", "JOSÉ RICAUTE SIERRA CARRILLO B40; B47; MIGUEL ANGEL GARRIDO BALTA (1988) B47; B40 Víctimas:2", "SIN INFORMACIÓN", "B:1:40 PERSECUCIÓN POLÍTICA:ASESINATO;  B:1:47 PERSECUCIÓN POLÍTICA:TORTURA"
"2011-11-01", "EXTERIOR / VENEZUELA", "SERGIO PARADA NIÑO (1994) A10; D701; NEDER JOSE PAEZ GUEVARA (1974) A10; D701; JOCKIN BERRIOS MARTINEZ (1980) A10; D701 Víctimas:3", "PARAMILITARES", "A:1:10 PERSECUCIÓN POLÍTICA:EJECUCIÓN EXTRAJUDICIAL;  D:1:701 PERSONAS:HOMICIDIO INTENCIONAL DE PERSONA PROTEGIDA"
"2011-12-11", "EXTERIOR / ECUADOR", "JERSON ROSALES (1985) B40 Víctimas:1", "SIN INFORMACIÓN", "B:1:40 PERSECUCIÓN POLÍTICA:ASESINATO"
"2012-05-23", "EXTERIOR / VENEZUELA", "ROSEMBERG CONTRERAS ANGARITA A12; A14; D72; JOSE MIGUEL VELILLA ROMERO A12; A14; D72; DANIEL JULIO TORRES A12; A14; D72; REYNERIO ANGULO CASTRO A12; A14; D72 Víctimas:4", "AGENTE EXTRANJERO", "A:1:12 PERSECUCIÓN POLÍTICA:TORTURA;  A:1:14 PERSECUCIÓN POLÍTICA:DETENCIÓN ARBITRARIA;  D:1:72 PERSONAS:TORTURA"
"2013-08-10", "EXTERIOR / VENEZUELA", "RICARDO JOSE HERNANDEZ (1996) A10; D701 Víctimas:1", "PARAMILITARES", "A:1:10 PERSECUCIÓN POLÍTICA:EJECUCIÓN EXTRAJUDICIAL;  D:1:701 PERSONAS:HOMICIDIO INTENCIONAL DE PERSONA PROTEGIDA"
"2013-08-26", "EXTERIOR / VENEZUELA", "HUBER QUINTERO (1979) A10; D701 Víctimas:1", "PARAMILITARES", "A:1:10 PERSECUCIÓN POLÍTICA:EJECUCIÓN EXTRAJUDICIAL;  D:1:701 PERSONAS:HOMICIDIO INTENCIONAL DE PERSONA PROTEGIDA"
"2014-11-30", "EXTERIOR / VENEZUELA", "YOFRE ESLAN OREJUELA MADERA (1988) A20 Víctimas:1", "AGENTE EXTRANJERO", "A:2:20 ABUSO DE AUTORIDAD:EJECUCIÓN EXTRAJUDICIAL"
"2015-09-19", "EXTERIOR", "HENRY IPUANA (1986) A20; DAIVER FERNANDEZ (1987) A20 Víctimas:2", "AGENTE EXTRANJERO", "A:2:20 ABUSO DE AUTORIDAD:EJECUCIÓN EXTRAJUDICIAL"
"2016-11-06", "EXTERIOR / VENEZUELA", "JUNIOR ALEXANDER MALDONADO A15; D73; CARLOS ALBERTO GUZMAN A15; D73; JUAN CARLOS MALDONADO A15; D73; MIEMBROS DEL FRENTE FRONTERIZO POR LA PAZ () Víctimas:3", "PARAMILITARES", "A:1:15 PERSECUCIÓN POLÍTICA:AMENAZA;  A:1:18 PERSECUCIÓN POLÍTICA:COLECTIVO AMENAZADO;  D:1:73 PERSONAS:AMENAZA;  D:1:706 PERSONAS:COLECTIVO AMENAZADO"
"2017-06-09", "EXTERIOR / ESPAÑA", "NELSON JAVIER RESTREPO ARANGO A15; D73; FAMILIA DE NELSON JAVIER RESTREPO ARANGO () Víctimas:1", "PARAMILITARES", "A:1:15 PERSECUCIÓN POLÍTICA:AMENAZA;  A:1:18 PERSECUCIÓN POLÍTICA:COLECTIVO AMENAZADO;  D:1:73 PERSONAS:AMENAZA;  D:1:706 PERSONAS:COLECTIVO AMENAZADO"
"2018-02-02", "EXTERIOR / VENEZUELA", "EDWIN ALEXIS CASTRILLON RIVERA B40; EDWAR ANDRES CASTRILLON RIVERA B40 Víctimas:2", "SIN INFORMACIÓN", "B:1:40 PERSECUCIÓN POLÍTICA:ASESINATO"
"2018-03-14", "EXTERIOR / VENEZUELA", "LUIS JESUS ESCAMILLA MELO B40; N N B40 Víctimas:2", "SIN INFORMACIÓN", "B:1:40 PERSECUCIÓN POLÍTICA:ASESINATO"
