"Fecha", "Ubicación", "Víctimas", "Pr. Resp.", "Tipificación"
"2001-03-15", "GUAVIARE / CALAMAR", "RONAL MARTINEZ CUELLAR (1988) D75 Víctimas:1", "FARC-EP", "D:1:75 PERSONAS:RECLUTAMIENTO DE MENORES"
"2001-04-14", "GUAVIARE / SAN JOSÉ DEL GUAVIARE", "MARYI VANESA PELAEZ (1990) A11 Víctimas:1", "PARAMILITARES", "A:1:11 PERSECUCIÓN POLÍTICA:DESAPARICIÓN FORZADA"
"2001-05-03", "GUAVIARE / SAN JOSÉ DEL GUAVIARE", "WILSON LOZADA O A20 Víctimas:1", "EJERCITO", "A:2:20 ABUSO DE AUTORIDAD:EJECUCIÓN EXTRAJUDICIAL"
"2001-05-05", "GUAVIARE / SAN JOSÉ DEL GUAVIARE", "N N B48; HÉCTOR JAIRO RINCÓN CUELLAR (1978) B48 Víctimas:2", "FARC-EP", "B:1:48 PERSECUCIÓN POLÍTICA:RAPTO"
"2001-06-09", "GUAVIARE / SAN JOSÉ DEL GUAVIARE", "POBLACION DE SAN JOSE DEL GUAVIARE () Víctimas:0", "AUC. FARC-EP", "D:1:903 PERSONAS:DESPLAZAMIENTO FORZADO;  D:2:80 OBJETIVOS, MÉTODOS Y MÉDIOS ILÍCITOS:BIENES CIVILES;  D:3:902 MÉTODOS:CATEGORIA INEXISTENTE 902"
"2001-06-30", "GUAVIARE / SAN JOSÉ DEL GUAVIARE", "JORGE HUMBERTO CASTILLO A10; D701 Víctimas:1", "PARAMILITARES", "A:1:10 PERSECUCIÓN POLÍTICA:EJECUCIÓN EXTRAJUDICIAL;  D:1:701 PERSONAS:HOMICIDIO INTENCIONAL DE PERSONA PROTEGIDA"
"2001-07-27", "GUAVIARE / EL RETORNO", "JORGE ALONSO CORREA RAMIREZ (1984) D701; JOSE ANSELMO CORREA RAMÍREZ (1983) D701 Víctimas:2", "FARC-EP", "D:1:701 PERSONAS:HOMICIDIO INTENCIONAL DE PERSONA PROTEGIDA"
"2001-08-06", "GUAVIARE / MIRAFLORES", "SENEN QUESADA CARABALLO (1970) D73; D76; FAMILIA QUESADA MENA () Víctimas:1", "FARC-EP", "D:1:73 PERSONAS:AMENAZA;  D:1:76 PERSONAS:DESAPARICIÓN FORZADA;  D:1:706 PERSONAS:COLECTIVO AMENAZADO;  D:1:903 PERSONAS:DESPLAZAMIENTO FORZADO"
"2001-08-29", "GUAVIARE / SAN JOSÉ DEL GUAVIARE", "CESAR RAFAEL BORBON GARCIA (1965) B41; B48; FAMILIA BORBON () Víctimas:1", "FARC-EP", "B:1:41 PERSECUCIÓN POLÍTICA:SECUESTRO;  B:1:48 PERSECUCIÓN POLÍTICA:RAPTO;  D:1:706 PERSONAS:COLECTIVO AMENAZADO"
"2001-09-15", "GUAVIARE / CALAMAR", "JHON ALEXANDER HENAO LOMBANA (1986) D73; D76 Víctimas:1", "FARC-EP", "D:1:73 PERSONAS:AMENAZA;  D:1:76 PERSONAS:DESAPARICIÓN FORZADA"
"2001-10-03", "GUAVIARE / SAN JOSÉ DEL GUAVIARE", "JHON FREDDY BENAVIDES (1983) A10; D701 Víctimas:1", "PARAMILITARES", "A:1:10 PERSECUCIÓN POLÍTICA:EJECUCIÓN EXTRAJUDICIAL;  D:1:701 PERSONAS:HOMICIDIO INTENCIONAL DE PERSONA PROTEGIDA"
"2001-10-29", "GUAVIARE / CALAMAR", "WILSON BONILLA ACOSTA  A10; D701 Víctimas:1", "EJERCITO", "A:1:10 PERSECUCIÓN POLÍTICA:EJECUCIÓN EXTRAJUDICIAL;  D:1:701 PERSONAS:HOMICIDIO INTENCIONAL DE PERSONA PROTEGIDA"
"2001-11-14", "GUAVIARE / SAN JOSÉ DEL GUAVIARE", "LESLIE LOPEZ  B40; JOSE ROMEIRO ABADIA  B40 Víctimas:2", "SIN INFORMACIÓN", "B:1:40 PERSECUCIÓN POLÍTICA:ASESINATO"
"2001-12-12", "GUAVIARE / SAN JOSÉ DEL GUAVIARE", "JOSÉ ACOSTA RAMÍREZ  (1972) D72; D701; FAMILIA ACOSTA () Víctimas:1", "FARC-EP", "D:1:72 PERSONAS:TORTURA;  D:1:701 PERSONAS:HOMICIDIO INTENCIONAL DE PERSONA PROTEGIDA;  D:1:903 PERSONAS:DESPLAZAMIENTO FORZADO;  D:2:80 OBJETIVOS, MÉTODOS Y MÉDIOS ILÍCITOS:BIENES CIVILES;  D:3:902 MÉTODOS:CATEGORIA INEXISTENTE 902"
"2002-02-06", "GUAVIARE / SAN JOSÉ DEL GUAVIARE", "WILMER SALAZAR CANO  A11 Víctimas:1", "PARAMILITARES", "A:1:11 PERSECUCIÓN POLÍTICA:DESAPARICIÓN FORZADA"
"2002-02-21", "GUAVIARE / MIRAFLORES", "HABITANTES SAN JOSÉ DEL GUAVIARE, MIRAFLORES Y CALAMAR (GUAVIARE),  () Víctimas:0", "FUERZA PUBLICA. PARAMILITARES", "D:2:86 OBJETIVOS, MÉTODOS Y MÉDIOS ILÍCITOS:HAMBRE COMO MÉTODO DE GUERRA"
"2002-03-23", "GUAVIARE / EL RETORNO / LA LIBERTAD", "WILSON GARZÓN URREGO  (1987) D701 Víctimas:1", "FARC-EP", "D:1:701 PERSONAS:HOMICIDIO INTENCIONAL DE PERSONA PROTEGIDA"
"2002-03-25", "GUAVIARE / SAN JOSÉ DEL GUAVIARE / LA LINDOSA", "LUZ MARLEN SÁNCHEZ GUEVARA  (1981) A10; A11; D701; N N A11; N N A11; N N A11 Víctimas:4", "AUC", "A:1:10 PERSECUCIÓN POLÍTICA:EJECUCIÓN EXTRAJUDICIAL;  A:1:11 PERSECUCIÓN POLÍTICA:DESAPARICIÓN FORZADA;  D:1:701 PERSONAS:HOMICIDIO INTENCIONAL DE PERSONA PROTEGIDA"
"2002-03-28", "GUAVIARE / CALAMAR", "N N B40; N N B40; N N B40; N N B40 Víctimas:4", "SIN INFORMACIÓN", "B:1:40 PERSECUCIÓN POLÍTICA:ASESINATO"
"2002-04-04", "GUAVIARE / CALAMAR", "JOSE DE JESUS QUIROGA  B40 Víctimas:1", "SIN INFORMACIÓN", "B:1:40 PERSECUCIÓN POLÍTICA:ASESINATO"
"2002-04-06", "GUAVIARE / CALAMAR", "ELADIO JARA  B40 Víctimas:1", "SIN INFORMACIÓN", "B:1:40 PERSECUCIÓN POLÍTICA:ASESINATO"
"2002-04-16", "GUAVIARE / CALAMAR", "HUGO FABIO HOYOS  D701 Víctimas:1", "FARC-EP", "D:1:701 PERSONAS:HOMICIDIO INTENCIONAL DE PERSONA PROTEGIDA"
"2002-04-20", "GUAVIARE / CALAMAR", "FAUSTINO GUZMAN TORRES  B43 Víctimas:1", "SIN INFORMACIÓN", "B:1:43 PERSECUCIÓN POLÍTICA:LESIÓN FÍSICA"
"2002-04-21", "GUAVIARE / CALAMAR", "RAFAEL MARTINEZ  A15; D73 Víctimas:1", "EJERCITO", "A:1:15 PERSECUCIÓN POLÍTICA:AMENAZA;  D:1:73 PERSONAS:AMENAZA"
"2002-04-21", "GUAVIARE / CALAMAR", "ARGEMIRO LOPEZ  B40; CAMILO OLIMPO PINEDA CARDONA  B40 Víctimas:2", "SIN INFORMACIÓN", "B:1:40 PERSECUCIÓN POLÍTICA:ASESINATO"
"2002-04-24", "GUAVIARE / CALAMAR", "NORAYDA PARADA ORTEGA  A15; D73 Víctimas:1", "EJERCITO", "A:1:15 PERSECUCIÓN POLÍTICA:AMENAZA;  D:1:73 PERSONAS:AMENAZA"
"2002-04-25", "GUAVIARE / SAN JOSÉ DEL GUAVIARE", "LISANDRO GUERRERO D701 Víctimas:1", "FARC-EP", "D:1:701 PERSONAS:HOMICIDIO INTENCIONAL DE PERSONA PROTEGIDA"
"2002-04-26", "GUAVIARE / CALAMAR", "ALCIBIADES BOHORQUEZ  B40 Víctimas:1", "SIN INFORMACIÓN", "B:1:40 PERSECUCIÓN POLÍTICA:ASESINATO"
"2002-04-27", "GUAVIARE / CALAMAR", "FAVIO MISAEL JARA  B40; FLORIBERTO DUEÑAS  B40 Víctimas:2", "SIN INFORMACIÓN", "B:1:40 PERSECUCIÓN POLÍTICA:ASESINATO"
"2002-05-01", "GUAVIARE / CALAMAR", "EVELIO DIAZ CORTEZ  D703 Víctimas:1", "FARC-EP", "D:1:703 PERSONAS:CIVIL MUERTO EN ACCIÓN BÉLICA;  D:3:93 MÉTODOS:CATEGORIA INEXISTENTE 93"
"2002-05-02", "GUAVIARE / SAN JOSÉ DEL GUAVIARE / SABANAS DE FUGA", "JESÚS ANTONIO ZULUAGA ACOSTA  (1954) D72; D701; N N D72; D701; N N D72; D701 Víctimas:3", "FARC-EP", "D:1:72 PERSONAS:TORTURA;  D:1:701 PERSONAS:HOMICIDIO INTENCIONAL DE PERSONA PROTEGIDA"
"2002-06-15", "GUAVIARE / SAN JOSÉ DEL GUAVIARE", "IVÁN DARÍO SALAZAR ARBOLEDA A11 Víctimas:1", "PARAMILITARES", "A:1:11 PERSECUCIÓN POLÍTICA:DESAPARICIÓN FORZADA"
"2002-06-15", "GUAVIARE / EL RETORNO", "CARLOS ARMANDO LOPEZ GONZALEZ (1980) B48; PEDRO BENEDICTO GONZALEZ D701 Víctimas:2", "FARC-EP", "B:1:48 PERSECUCIÓN POLÍTICA:RAPTO;  D:1:701 PERSONAS:HOMICIDIO INTENCIONAL DE PERSONA PROTEGIDA"
"2002-06-15", "GUAVIARE / SAN JOSÉ DEL GUAVIARE", "NELSON GABRIEL MERCHAN (1962) A15; D73; N N A15; D73; N N (2001) A15; D73; PERSONAS EVANGELICAS () Víctimas:3", "PARAMILITARES", "A:1:15 PERSECUCIÓN POLÍTICA:AMENAZA;  A:1:18 PERSECUCIÓN POLÍTICA:COLECTIVO AMENAZADO;  D:1:73 PERSONAS:AMENAZA"
"2002-06-17", "GUAVIARE / EL RETORNO", "LEONARDO CHIVATA  D73 Víctimas:1", "FARC-EP", "D:1:73 PERSONAS:AMENAZA"
"2002-06-23", "GUAVIARE / SAN JOSÉ DEL GUAVIARE", "N N D73; N N D73; CONCEJALES AMENAZADOS (); AUTORIDADES CIVILES () Víctimas:2", "FARC-EP", "D:1:73 PERSONAS:AMENAZA;  D:1:706 PERSONAS:COLECTIVO AMENAZADO"
"2002-07-13", "GUAVIARE / SAN JOSÉ DEL GUAVIARE", "OSCAR GREGORIO MURILLO CLAVIJO A11 Víctimas:1", "PARAMILITARES", "A:1:11 PERSECUCIÓN POLÍTICA:DESAPARICIÓN FORZADA"
"2002-07-15", "GUAVIARE / SAN JOSÉ DEL GUAVIARE", "LUIS CARLOS GONZÁLEZ (1972) D72; D701 Víctimas:1", "FARC-EP", "D:1:72 PERSONAS:TORTURA;  D:1:701 PERSONAS:HOMICIDIO INTENCIONAL DE PERSONA PROTEGIDA"
"2002-07-15", "GUAVIARE / EL RETORNO / SAN LUCAS", "LUZ ANDREA SANCHEZ (1978) A15; N N A12; N N A12; N N A12; N N A12; N N A12; N N A12; N N A12; N N A12; N N A12; N N A12; N N A12; N N A12; COMUNIDAD CAMPESINA DE SAN LUCAS () Víctimas:13", "PARAMILITARES", "A:1:12 PERSECUCIÓN POLÍTICA:TORTURA;  A:1:15 PERSECUCIÓN POLÍTICA:AMENAZA;  A:1:18 PERSECUCIÓN POLÍTICA:COLECTIVO AMENAZADO;  D:2:80 OBJETIVOS, MÉTODOS Y MÉDIOS ILÍCITOS:BIENES CIVILES;  D:2:95 OBJETIVOS, MÉTODOS Y MÉDIOS ILÍCITOS:PILLAJE"
"2002-07-15", "GUAVIARE / EL RETORNO", "JAZMIN ULLOA MORON (1984) D73; EDGAR DARIO ORDOÑEZ D73; MARBY BRIGITH ORDOÑEZ D73; FAMILIA CAMPESINA DE CALAMAR () Víctimas:3", "FARC-EP. EJERCITO", "D:1:73 PERSONAS:AMENAZA;  D:1:903 PERSONAS:DESPLAZAMIENTO FORZADO;  D:1:904 PERSONAS:COLECTIVO ESCUDO"
"2002-07-21", "GUAVIARE / EL RETORNO", "POBLADORES MORICHAL (); POBLADORES SANTA HELENA () Víctimas:0", "FARC-EP. EJERCITO", "D:1:903 PERSONAS:DESPLAZAMIENTO FORZADO;  D:3:902 MÉTODOS:CATEGORIA INEXISTENTE 902"
"2002-08-08", "GUAVIARE / SAN JOSÉ DEL GUAVIARE", "EDWIN SANDOVAL  B48 Víctimas:1", "SIN INFORMACIÓN", "B:1:48 PERSECUCIÓN POLÍTICA:RAPTO"
"2002-08-21", "GUAVIARE / SAN JOSÉ DEL GUAVIARE", "EDGAR DARIO ORDOÑEZ (1969) A11 Víctimas:1", "PARAMILITARES", "A:1:11 PERSECUCIÓN POLÍTICA:DESAPARICIÓN FORZADA"
"2002-08-30", "GUAVIARE / SAN JOSÉ DEL GUAVIARE", "POBLADORES TROCHA GANADERA () Víctimas:0", "FARC-EP", "D:1:706 PERSONAS:COLECTIVO AMENAZADO"
"2002-09-14", "GUAVIARE / SAN JOSÉ DEL GUAVIARE / MOCUARE", "POBLADORES BARRANCO CEIBA (); POBLADORES MOCUARE () Víctimas:0", "FARC-EP", "D:1:903 PERSONAS:DESPLAZAMIENTO FORZADO;  D:3:902 MÉTODOS:CATEGORIA INEXISTENTE 902"
"2002-09-15", "GUAVIARE / CALAMAR", "JOSE VICENTE PAREDES MARTINEZ (1988) B48 Víctimas:1", "SIN INFORMACIÓN", "B:1:48 PERSECUCIÓN POLÍTICA:RAPTO"
"2002-09-17", "GUAVIARE / SAN JOSÉ DEL GUAVIARE / CHARRAS", "ZULY FLASMIN CAMELO BUZATO (1972) A10; A11; D701; POBLADORES DE CHARRAS GUAVIARE (200) Víctimas:1", "PARAMILITARES", "A:1:10 PERSECUCIÓN POLÍTICA:EJECUCIÓN EXTRAJUDICIAL;  A:1:11 PERSECUCIÓN POLÍTICA:DESAPARICIÓN FORZADA;  A:1:18 PERSECUCIÓN POLÍTICA:COLECTIVO AMENAZADO;  A:1:102 PERSECUCIÓN POLÍTICA:DESPLAZAMIENTO FORZADO;  D:1:701 PERSONAS:HOMICIDIO INTENCIONAL DE PERSONA PROTEGIDA;  D:1:706 PERSONAS:COLECTIVO AMENAZADO;  D:1:903 PERSONAS:DESPLAZAMIENTO FORZADO;  D:3:902 MÉTODOS:CATEGORIA INEXISTENTE 902"
"2002-09-27", "GUAVIARE / SAN JOSÉ DEL GUAVIARE", "RAFAEL MARTÍNEZ VARELA B48; RIQUELME MARTÍNEZ GARCÍA B48; RAFEL MARTÍNEZ GARCÍA B48 Víctimas:3", "SIN INFORMACIÓN", "B:1:48 PERSECUCIÓN POLÍTICA:RAPTO"
"2002-10-10", "GUAVIARE / SAN JOSÉ DEL GUAVIARE", "N N (1989) D75 Víctimas:1", "FARC-EP", "D:1:75 PERSONAS:RECLUTAMIENTO DE MENORES"
"2002-10-10", "GUAVIARE / SAN JOSÉ DEL GUAVIARE / BOQUERÓN", "LEONEL ARANA DÍAZ B48 Víctimas:1", "FARC-EP", "B:1:48 PERSECUCIÓN POLÍTICA:RAPTO"
"2002-11-03", "GUAVIARE / SAN JOSÉ DEL GUAVIARE", "LUIS FERNANDO SOLANO  A11 Víctimas:1", "PARAMILITARES", "A:1:11 PERSECUCIÓN POLÍTICA:DESAPARICIÓN FORZADA"
"2002-11-22", "GUAVIARE / SAN JOSÉ DEL GUAVIARE", "WEIMAR GIRALDO (1974) A11 Víctimas:1", "PARAMILITARES", "A:1:11 PERSECUCIÓN POLÍTICA:DESAPARICIÓN FORZADA;  D:2:95 OBJETIVOS, MÉTODOS Y MÉDIOS ILÍCITOS:PILLAJE"
"2002-12-13", "GUAVIARE / CALAMAR", "HABITANTES DE CALAMAR () Víctimas:0", "EJERCITO", "D:2:90 OBJETIVOS, MÉTODOS Y MÉDIOS ILÍCITOS:ATAQUE INDISCRIMINADO;  D:3:90 MÉTODOS:CATEGORIA INEXISTENTE 90"
"2002-12-13", "GUAVIARE / CALAMAR", "NANCY RIVERA  A13; D702; ALIRIO MONTES  A13; D702 Víctimas:2", "EJERCITO", "A:1:13 PERSECUCIÓN POLÍTICA:LESIÓN FÍSICA;  D:1:702 PERSONAS:LESIÓN A PERSONA PROTEGIDA;  D:2:80 OBJETIVOS, MÉTODOS Y MÉDIOS ILÍCITOS:BIENES CIVILES"
"2003-01-16", "GUAVIARE / SAN JOSÉ DEL GUAVIARE", "VICTORIA RIVERA A10; A11; D701; DIANA CRISTINA MARTÍNEZ RIVERA A10; A11; D701; N.N.  A10; A11; D701 Víctimas:3", "PARAMILITARES", "A:1:10 PERSECUCIÓN POLÍTICA:EJECUCIÓN EXTRAJUDICIAL;  A:1:11 PERSECUCIÓN POLÍTICA:DESAPARICIÓN FORZADA;  D:1:701 PERSONAS:HOMICIDIO INTENCIONAL DE PERSONA PROTEGIDA"
"2003-01-23", "GUAVIARE / EL RETORNO", "ANA MILENA RAMIREZ  A11 Víctimas:1", "PARAMILITARES", "A:1:11 PERSECUCIÓN POLÍTICA:DESAPARICIÓN FORZADA"
"2003-01-27", "GUAVIARE / SAN JOSÉ DEL GUAVIARE", "CAROL VIVIANA SUAREZ BEDOYA  (1987) A10; A12; A19; D72; D77; D701 Víctimas:1", "AUC", "A:1:10 PERSECUCIÓN POLÍTICA:EJECUCIÓN EXTRAJUDICIAL;  A:1:12 PERSECUCIÓN POLÍTICA:TORTURA;  A:1:19 PERSECUCIÓN POLÍTICA:VIOLENCIA SEXUAL;  D:1:72 PERSONAS:TORTURA;  D:1:77 PERSONAS:VIOLENCIA SEXUAL;  D:1:701 PERSONAS:HOMICIDIO INTENCIONAL DE PERSONA PROTEGIDA"
"2003-02-02", "GUAVIARE / SAN JOSÉ DEL GUAVIARE", "JOSE GILDARDO LADINO LADINO  A11; FERNEY GONZALEZ GONZALEZ  A11 Víctimas:2", "PARAMILITARES", "A:1:11 PERSECUCIÓN POLÍTICA:DESAPARICIÓN FORZADA"
"2003-02-05", "GUAVIARE / SAN JOSÉ DEL GUAVIARE", "WILDER RUEDA  A11 Víctimas:1", "PARAMILITARES", "A:1:11 PERSECUCIÓN POLÍTICA:DESAPARICIÓN FORZADA"
"2003-02-08", "GUAVIARE / SAN JOSÉ DEL GUAVIARE", "DORIS NIETO SILVA  (1976) D701 Víctimas:1", "FARC-EP", "D:1:701 PERSONAS:HOMICIDIO INTENCIONAL DE PERSONA PROTEGIDA"
"2003-02-15", "GUAVIARE / SAN JOSÉ DEL GUAVIARE", "PERSONA SIN IDENTIFICAR  A10; D701; ADELA ENCISO (1980) A10; D701; ISMAEL N A10; D701 Víctimas:3", "PARAMILITARES", "A:1:10 PERSECUCIÓN POLÍTICA:EJECUCIÓN EXTRAJUDICIAL;  D:1:701 PERSONAS:HOMICIDIO INTENCIONAL DE PERSONA PROTEGIDA"
"2003-02-18", "GUAVIARE / SAN JOSÉ DEL GUAVIARE", "PEDRO ANTONIO BUITRAGO MELO (1951) A11 Víctimas:1", "PARAMILITARES", "A:1:11 PERSECUCIÓN POLÍTICA:DESAPARICIÓN FORZADA"
"2003-02-23", "GUAVIARE / EL RETORNO", "EDUARDO FERNANDO CARRANZA  (1987) A11 Víctimas:1", "PARAMILITARES", "A:1:11 PERSECUCIÓN POLÍTICA:DESAPARICIÓN FORZADA"
"2003-03-07", "GUAVIARE / EL RETORNO", "JUAN GUTIERREZ  A11 Víctimas:1", "PARAMILITARES", "A:1:11 PERSECUCIÓN POLÍTICA:DESAPARICIÓN FORZADA"
"2003-03-21", "GUAVIARE / SAN JOSÉ DEL GUAVIARE", "JOSE ALIRIO MORENO MORA  A11 Víctimas:1", "PARAMILITARES", "A:1:11 PERSECUCIÓN POLÍTICA:DESAPARICIÓN FORZADA"
"2003-03-25", "GUAVIARE / EL RETORNO", "FABIO DIAZ  A11 Víctimas:1", "PARAMILITARES", "A:1:11 PERSECUCIÓN POLÍTICA:DESAPARICIÓN FORZADA"
"2003-03-27", "GUAVIARE / SAN JOSÉ DEL GUAVIARE", "TELESFORO CIFUENTES BASALLO (1944) A11 Víctimas:1", "PARAMILITARES", "A:1:11 PERSECUCIÓN POLÍTICA:DESAPARICIÓN FORZADA"
"2003-03-30", "GUAVIARE / SAN JOSÉ DEL GUAVIARE", "JESÚS ARMANDO CASTELLANOS SÁNCHEZ (1984) A11 Víctimas:1", "PARAMILITARES", "A:1:11 PERSECUCIÓN POLÍTICA:DESAPARICIÓN FORZADA"
"2003-04-23", "GUAVIARE / CALAMAR", "ALONSO CABALLERO RAMIREZ (1961) A11 Víctimas:1", "PARAMILITARES", "A:1:11 PERSECUCIÓN POLÍTICA:DESAPARICIÓN FORZADA"
"2003-05-04", "GUAVIARE / CALAMAR", "MARCO ANTONIO MARTINEZ MORENO  D701; ERNESTO MARTINEZ MORENO  D701 Víctimas:2", "FARC-EP", "D:1:701 PERSONAS:HOMICIDIO INTENCIONAL DE PERSONA PROTEGIDA"
"2003-05-07", "GUAVIARE / SAN JOSÉ DEL GUAVIARE", "CARLOS ARTURO SARMIENTO (1984) A11; FIDELINO ROJAS A11 Víctimas:2", "PARAMILITARES", "A:1:11 PERSECUCIÓN POLÍTICA:DESAPARICIÓN FORZADA"
"2003-05-10", "GUAVIARE / CALAMAR", "NEYER DE JESUS BOTERO TREJOS  (1960) B43 Víctimas:1", "SIN INFORMACIÓN", "B:1:43 PERSECUCIÓN POLÍTICA:LESIÓN FÍSICA"
"2003-05-10", "GUAVIARE / SAN JOSÉ DEL GUAVIARE", "LUIS SEGUNDO HERNANDEZ  A11 Víctimas:1", "PARAMILITARES", "A:1:11 PERSECUCIÓN POLÍTICA:DESAPARICIÓN FORZADA"
"2003-05-14", "GUAVIARE / SAN JOSÉ DEL GUAVIARE", "ADELA ENCIZO  A11; ISMAEL RIVERA  A11 Víctimas:2", "PARAMILITARES", "A:1:11 PERSECUCIÓN POLÍTICA:DESAPARICIÓN FORZADA"
"2003-05-24", "GUAVIARE / CALAMAR", "N N B40; N N B43; N N B43; N N B43 Víctimas:4", "SIN INFORMACIÓN", "B:1:40 PERSECUCIÓN POLÍTICA:ASESINATO;  B:1:43 PERSECUCIÓN POLÍTICA:LESIÓN FÍSICA"
"2003-05-28", "GUAVIARE / SAN JOSÉ DEL GUAVIARE", "JUANCHO MURILLO RIVAS  A10; D701; NN ALIAS ""EL MORO""  A10; D701 Víctimas:2", "PARAMILITARES", "A:1:10 PERSECUCIÓN POLÍTICA:EJECUCIÓN EXTRAJUDICIAL;  D:1:701 PERSONAS:HOMICIDIO INTENCIONAL DE PERSONA PROTEGIDA"
"2003-05-29", "GUAVIARE / SAN JOSÉ DEL GUAVIARE", "GIRSON DAVID ORTIZ  A11 Víctimas:1", "PARAMILITARES", "A:1:11 PERSECUCIÓN POLÍTICA:DESAPARICIÓN FORZADA"
"2003-05-29", "GUAVIARE / SAN JOSÉ DEL GUAVIARE", "ANGEL ROSENDO MURILLO MURILLO  A12; A13; D72; D702 Víctimas:1", "PARAMILITARES", "A:1:12 PERSECUCIÓN POLÍTICA:TORTURA;  A:1:13 PERSECUCIÓN POLÍTICA:LESIÓN FÍSICA;  D:1:72 PERSONAS:TORTURA;  D:1:702 PERSONAS:LESIÓN A PERSONA PROTEGIDA"
"2003-06-01", "GUAVIARE / SAN JOSÉ DEL GUAVIARE / PUERTO OSPINA (EL RAUDAL)", "COLECTIVO AMENAZADO () Víctimas:0", "FARC-EP", "D:1:706 PERSONAS:COLECTIVO AMENAZADO"
"2003-06-01", "GUAVIARE / SAN JOSÉ DEL GUAVIARE", "DELIO DE JESUS TORRES  A10; D701; N N A15; D73 Víctimas:2", "PARAMILITARES", "A:1:10 PERSECUCIÓN POLÍTICA:EJECUCIÓN EXTRAJUDICIAL;  A:1:15 PERSECUCIÓN POLÍTICA:AMENAZA;  D:1:73 PERSONAS:AMENAZA;  D:1:701 PERSONAS:HOMICIDIO INTENCIONAL DE PERSONA PROTEGIDA"
"2003-06-02", "GUAVIARE / SAN JOSÉ DEL GUAVIARE / GUACAMAYAS", "PEDRO GARZON BUITRAGO ALIAS ""PEDRO LOCO""  A11 Víctimas:1", "PARAMILITARES", "A:1:11 PERSECUCIÓN POLÍTICA:DESAPARICIÓN FORZADA"
"2003-06-05", "GUAVIARE / SAN JOSÉ DEL GUAVIARE", "YENCY N.  (1973) D701; N.N.  D701; FAMILIA CAMPESINA VEREDA TRES TEJAS () Víctimas:2", "FARC-EP", "D:1:701 PERSONAS:HOMICIDIO INTENCIONAL DE PERSONA PROTEGIDA;  D:1:706 PERSONAS:COLECTIVO AMENAZADO"
"2003-06-07", "MAGDALENA / CIÉNAGA / LA GRAN VIA; GUAVIARE / SAN JOSÉ DEL GUAVIARE", "N. BARRETO  (1942) D73; FAMILIA BARRETO  (4) Víctimas:1", "FARC-EP", "D:1:73 PERSONAS:AMENAZA;  D:1:706 PERSONAS:COLECTIVO AMENAZADO;  D:1:903 PERSONAS:DESPLAZAMIENTO FORZADO"
"2003-06-08", "GUAVIARE / SAN JOSÉ DEL GUAVIARE", "GILDARDO MORENO MORENO  A11 Víctimas:1", "PARAMILITARES", "A:1:11 PERSECUCIÓN POLÍTICA:DESAPARICIÓN FORZADA"
"2003-06-14", "GUAVIARE / EL RETORNO / EL UNILLA", "MARTHA GIRALDO  A15; D73; ALEXANDER DUQUE  A11 Víctimas:2", "PARAMILITARES", "A:1:11 PERSECUCIÓN POLÍTICA:DESAPARICIÓN FORZADA;  A:1:15 PERSECUCIÓN POLÍTICA:AMENAZA;  D:1:73 PERSONAS:AMENAZA"
"2003-06-15", "GUAVIARE / SAN JOSÉ DEL GUAVIARE", "HAIDER ELIAS SALAZAR ARBOLEDA A11 Víctimas:1", "PARAMILITARES", "A:1:11 PERSECUCIÓN POLÍTICA:DESAPARICIÓN FORZADA"
"2003-06-15", "GUAVIARE / SAN JOSÉ DEL GUAVIARE / BOQUERÓN", "RAFAEL MORENO PINEDA A10; A11; N N A10; A11; N N A10; A11; A12; N N A11 Víctimas:4", "PARAMILITARES", "A:1:10 PERSECUCIÓN POLÍTICA:EJECUCIÓN EXTRAJUDICIAL;  A:1:11 PERSECUCIÓN POLÍTICA:DESAPARICIÓN FORZADA;  A:1:12 PERSECUCIÓN POLÍTICA:TORTURA"
"2003-06-15", "GUAVIARE / SAN JOSÉ DEL GUAVIARE", "MARIA OFELIA MUÑOZ (1962) A10; N MUÑOZ (1991) A13 Víctimas:2", "PARAMILITARES", "A:1:10 PERSECUCIÓN POLÍTICA:EJECUCIÓN EXTRAJUDICIAL;  A:1:13 PERSECUCIÓN POLÍTICA:LESIÓN FÍSICA;  D:2:95 OBJETIVOS, MÉTODOS Y MÉDIOS ILÍCITOS:PILLAJE"
"2003-06-16", "GUAVIARE / EL RETORNO", "JOSE DUVAN FERNANDEZ  A10; D701 Víctimas:1", "PARAMILITARES", "A:1:10 PERSECUCIÓN POLÍTICA:EJECUCIÓN EXTRAJUDICIAL;  D:1:701 PERSONAS:HOMICIDIO INTENCIONAL DE PERSONA PROTEGIDA"
"2003-06-25", "GUAVIARE / CALAMAR", "RUBEN DARIO RAMIREZ DUQUE  D701 Víctimas:1", "FARC-EP", "D:1:701 PERSONAS:HOMICIDIO INTENCIONAL DE PERSONA PROTEGIDA"
"2003-07-03", "GUAVIARE / EL RETORNO", "JOSE MARIA ARAGON  D701; ANA GRACIELA HERNANDEZ  D701; JUAN PABLO ARAGON HERNANDEZ  D701; JOHANN ARAGON HERNANDEZ  D701; KELLY ARAGON HERNANDEZ  D701; YUNY TOMAS ARAGON HERNANDEZ  D701 Víctimas:6", "FARC-EP", "D:1:701 PERSONAS:HOMICIDIO INTENCIONAL DE PERSONA PROTEGIDA"
"2003-07-08", "GUAVIARE / SAN JOSÉ DEL GUAVIARE", "N N D701 Víctimas:1", "FARC-EP", "D:1:701 PERSONAS:HOMICIDIO INTENCIONAL DE PERSONA PROTEGIDA"
"2003-07-09", "GUAVIARE / SAN JOSÉ DEL GUAVIARE / CHARRAS", "DORA LOPEZ GUZMAN  D97 Víctimas:1", "FARC-EP", "D:1:97 PERSONAS:MUERTO POR OBJETIVOS, MÉTODOS Y MEDIOS ILÍCITOS;  D:3:93 MÉTODOS:CATEGORIA INEXISTENTE 93"
"2003-07-12", "GUAVIARE / SAN JOSÉ DEL GUAVIARE", "FRANCISCO JAVIER GARCIA OSORIO  A11 Víctimas:1", "PARAMILITARES", "A:1:11 PERSECUCIÓN POLÍTICA:DESAPARICIÓN FORZADA"
"2003-07-12", "GUAVIARE / EL RETORNO", "JUAN N ALIAS ""EL TUERTO""  A10; D701 Víctimas:1", "PARAMILITARES", "A:1:10 PERSECUCIÓN POLÍTICA:EJECUCIÓN EXTRAJUDICIAL;  D:1:701 PERSONAS:HOMICIDIO INTENCIONAL DE PERSONA PROTEGIDA"
"2003-07-12", "GUAVIARE / EL RETORNO", "ABEL CABRA  A11 Víctimas:1", "PARAMILITARES", "A:1:11 PERSECUCIÓN POLÍTICA:DESAPARICIÓN FORZADA"
"2003-07-14", "GUAVIARE / SAN JOSÉ DEL GUAVIARE / PUERTO ARTURO", "ERNESTO BOLAÑOS  A11; ANA LIGIA BELLO  A11 Víctimas:2", "PARAMILITARES", "A:1:11 PERSECUCIÓN POLÍTICA:DESAPARICIÓN FORZADA"
"2003-07-16", "GUAVIARE / SAN JOSÉ DEL GUAVIARE", "ARISTOBULO BRICEÑO  A11 Víctimas:1", "PARAMILITARES", "A:1:11 PERSECUCIÓN POLÍTICA:DESAPARICIÓN FORZADA"
"2003-07-16", "GUAVIARE / SAN JOSÉ DEL GUAVIARE", "TITO ALFONSO GALINDO  A11 Víctimas:1", "PARAMILITARES", "A:1:11 PERSECUCIÓN POLÍTICA:DESAPARICIÓN FORZADA"
"2003-07-19", "GUAVIARE / EL RETORNO", "GLORIA ESTHER DAZA  A11 Víctimas:1", "PARAMILITARES", "A:1:11 PERSECUCIÓN POLÍTICA:DESAPARICIÓN FORZADA"
"2003-07-24", "GUAVIARE / SAN JOSÉ DEL GUAVIARE", "ERNESTO GAVIRIA  A10; D701 Víctimas:1", "PARAMILITARES", "A:1:10 PERSECUCIÓN POLÍTICA:EJECUCIÓN EXTRAJUDICIAL;  D:1:701 PERSONAS:HOMICIDIO INTENCIONAL DE PERSONA PROTEGIDA"
"2003-08-05", "GUAVIARE / SAN JOSÉ DEL GUAVIARE", "ROBINSON ALEJANDRO MARMOLEJO M.  D701 Víctimas:1", "FARC-EP", "D:1:701 PERSONAS:HOMICIDIO INTENCIONAL DE PERSONA PROTEGIDA"
"2003-08-05", "GUAVIARE / EL RETORNO", "BENILDO OROZCO  A11; A12; D72; N OROZCO  A11; A12; D72 Víctimas:2", "PARAMILITARES", "A:1:11 PERSECUCIÓN POLÍTICA:DESAPARICIÓN FORZADA;  A:1:12 PERSECUCIÓN POLÍTICA:TORTURA;  D:1:72 PERSONAS:TORTURA"
"2003-08-12", "GUAVIARE / SAN JOSÉ DEL GUAVIARE", "JHON FREDY RAMIREZ PERILLA  A11 Víctimas:1", "PARAMILITARES", "A:1:11 PERSECUCIÓN POLÍTICA:DESAPARICIÓN FORZADA"
"2003-08-26", "GUAVIARE / SAN JOSÉ DEL GUAVIARE", "LUIS TROYANO MELO VILLA  A11; MARCELO MELO VILLA  A11; ROGER ARLET VILLA  A10; D701 Víctimas:3", "PARAMILITARES", "A:1:10 PERSECUCIÓN POLÍTICA:EJECUCIÓN EXTRAJUDICIAL;  A:1:11 PERSECUCIÓN POLÍTICA:DESAPARICIÓN FORZADA;  D:1:701 PERSONAS:HOMICIDIO INTENCIONAL DE PERSONA PROTEGIDA"
"2003-09-02", "GUAVIARE / SAN JOSÉ DEL GUAVIARE", "MATILDE CANO CANO  A11; RAFAEL CANO CANO  A11 Víctimas:2", "PARAMILITARES", "A:1:11 PERSECUCIÓN POLÍTICA:DESAPARICIÓN FORZADA"
"2003-09-13", "GUAVIARE / EL RETORNO", "MARIA TERESA JIMENEZ GUZMAN  D701 Víctimas:1", "FARC-EP", "D:1:701 PERSONAS:HOMICIDIO INTENCIONAL DE PERSONA PROTEGIDA"
"2003-09-13", "GUAVIARE / EL RETORNO / LA LIBERTAD", "ALBA MARÍA ÁLVAREZ MANCERA (1958) A11; JOSÉ DOMINGO VARGAS (1969) A11 Víctimas:2", "PARAMILITARES", "A:1:11 PERSECUCIÓN POLÍTICA:DESAPARICIÓN FORZADA"
"2003-10-03", "GUAVIARE / SAN JOSÉ DEL GUAVIARE", "JORGE HERNAN PENAGOS (1953) D73; D72; FAMILIA PENAGOS () Víctimas:1", "FARC-EP", "D:1:72 PERSONAS:TORTURA;  D:1:73 PERSONAS:AMENAZA;  D:1:706 PERSONAS:COLECTIVO AMENAZADO;  D:1:903 PERSONAS:DESPLAZAMIENTO FORZADO;  D:2:95 OBJETIVOS, MÉTODOS Y MÉDIOS ILÍCITOS:PILLAJE"
"2003-10-06", "GUAVIARE / SAN JOSÉ DEL GUAVIARE", "ARGELIA QUINTERO SARAI  A11; PEDRO JIMENEZ  A11 Víctimas:2", "PARAMILITARES", "A:1:11 PERSECUCIÓN POLÍTICA:DESAPARICIÓN FORZADA"
"2003-10-09", "GUAVIARE / SAN JOSÉ DEL GUAVIARE", "JOSÉ NIVELSON LOZANO ORDÓÑEZ  (1962) A10; D701; A10; D701 Víctimas:1", "INPEC. PARAMILITARES", "A:1:10 PERSECUCIÓN POLÍTICA:EJECUCIÓN EXTRAJUDICIAL;  D:1:701 PERSONAS:HOMICIDIO INTENCIONAL DE PERSONA PROTEGIDA"
"2003-10-10", "GUAVIARE / SAN JOSÉ DEL GUAVIARE / PUERTO OSPINA (EL RAUDAL)", "JHON FUNCIANO QUINTERO  D701; OSCAR FUNCIANO QUINTERO  D701 Víctimas:2", "FARC-EP", "D:1:701 PERSONAS:HOMICIDIO INTENCIONAL DE PERSONA PROTEGIDA"
"2003-10-14", "GUAVIARE / EL RETORNO", "N N D701; N N D701 Víctimas:2", "FARC-EP", "D:1:701 PERSONAS:HOMICIDIO INTENCIONAL DE PERSONA PROTEGIDA"
"2003-10-21", "GUAVIARE / SAN JOSÉ DEL GUAVIARE", "JESUS AMADOR LADINO CASTRO  D701; JOSE ANTONIO LADINO CASTRO  D701 Víctimas:2", "FARC-EP", "D:1:701 PERSONAS:HOMICIDIO INTENCIONAL DE PERSONA PROTEGIDA"
"2003-10-21", "GUAVIARE / SAN JOSÉ DEL GUAVIARE", "OSCAR ANDRES OVIEDO RODRIGUEZ  A11 Víctimas:1", "PARAMILITARES", "A:1:11 PERSECUCIÓN POLÍTICA:DESAPARICIÓN FORZADA"
"2003-10-22", "GUAVIARE / SAN JOSÉ DEL GUAVIARE / CARACOL", "LUIS GARCIA  (1981) A11 Víctimas:1", "PARAMILITARES", "A:1:11 PERSECUCIÓN POLÍTICA:DESAPARICIÓN FORZADA"
"2003-10-22", "GUAVIARE / SAN JOSÉ DEL GUAVIARE", "LUIS GARCIA MARTINEZ  A11 Víctimas:1", "PARAMILITARES", "A:1:11 PERSECUCIÓN POLÍTICA:DESAPARICIÓN FORZADA"
"2003-11-28", "GUAVIARE / EL RETORNO / LA LIBERTAD", "RICARDO MARTINEZ  A11; JHON FREDY BARAHONA  (1984) A11 Víctimas:2", "PARAMILITARES", "A:1:11 PERSECUCIÓN POLÍTICA:DESAPARICIÓN FORZADA"
"2003-11-29", "GUAVIARE / EL RETORNO / EL UNILLA", "NELSON RIVERA  A11 Víctimas:1", "PARAMILITARES", "A:1:11 PERSECUCIÓN POLÍTICA:DESAPARICIÓN FORZADA"
"2003-12-12", "GUAVIARE / CALAMAR", "YUBER ALEXANDER CASTAÑEDA  (1984) A10; D701; A10; D701; N N A10; D701; A10; D701; N N A10; D701; A10; D701 Víctimas:3", "PARAMILITARES. EJERCITO", "A:1:10 PERSECUCIÓN POLÍTICA:EJECUCIÓN EXTRAJUDICIAL;  D:1:701 PERSONAS:HOMICIDIO INTENCIONAL DE PERSONA PROTEGIDA;  D:2:80 OBJETIVOS, MÉTODOS Y MÉDIOS ILÍCITOS:BIENES CIVILES;  D:3:95 MÉTODOS:CATEGORIA INEXISTENTE 95"
"2004-01-08", "GUAVIARE / SAN JOSÉ DEL GUAVIARE", "HECTOR RAMOS BONILLA  D701; MARIA OMAIRA MONROY FRAILE  D701 Víctimas:2", "FARC-EP", "D:1:701 PERSONAS:HOMICIDIO INTENCIONAL DE PERSONA PROTEGIDA"
"2004-01-10", "GUAVIARE / CALAMAR", "CARLOS GARCIA LONDOÑO  A10; D701; A10; D701; CRISTO FERNEY GIRALDO GARCIA  A10; D701; A10; D701 Víctimas:2", "PARAMILITARES. EJERCITO", "A:1:10 PERSECUCIÓN POLÍTICA:EJECUCIÓN EXTRAJUDICIAL;  D:1:701 PERSONAS:HOMICIDIO INTENCIONAL DE PERSONA PROTEGIDA"
"2004-01-12", "GUAVIARE / SAN JOSÉ DEL GUAVIARE", "FERNEY GARCÍA CAMACHO A11 Víctimas:1", "PARAMILITARES", "A:1:11 PERSECUCIÓN POLÍTICA:DESAPARICIÓN FORZADA"
"2004-01-13", "GUAVIARE / SAN JOSÉ DEL GUAVIARE", "MARCO CASTILLO CHACHÓN B48 Víctimas:1", "SIN INFORMACIÓN", "B:1:48 PERSECUCIÓN POLÍTICA:RAPTO"
"2004-01-16", "GUAVIARE / SAN JOSÉ DEL GUAVIARE / PUERTO OSPINA (EL RAUDAL)", "JUAN LIZARAZO  B41; FAMILIA LIZARAZO () Víctimas:1", "FARC-EP", "B:1:41 PERSECUCIÓN POLÍTICA:SECUESTRO;  D:1:903 PERSONAS:DESPLAZAMIENTO FORZADO;  D:3:902 MÉTODOS:CATEGORIA INEXISTENTE 902"
"2004-01-18", "GUAVIARE / CALAMAR", "RICARDO CELIS REY B48 Víctimas:1", "FARC-EP", "B:1:48 PERSECUCIÓN POLÍTICA:RAPTO"
"2004-01-23", "GUAVIARE / CALAMAR", "VÍCTOR ALFONSO ZULETA B48; WILLIAM ZULETA TRAVIESA B48 Víctimas:2", "SIN INFORMACIÓN", "B:1:48 PERSECUCIÓN POLÍTICA:RAPTO"
"2004-01-26", "GUAVIARE / SAN JOSÉ DEL GUAVIARE / EL CAPRICHO", "ANA LILIA DELGADO ESPEJO  D701 Víctimas:1", "FARC-EP", "D:1:701 PERSONAS:HOMICIDIO INTENCIONAL DE PERSONA PROTEGIDA"
"2004-01-30", "GUAVIARE / SAN JOSÉ DEL GUAVIARE", "N N B48 Víctimas:1", "SIN INFORMACIÓN", "B:1:48 PERSECUCIÓN POLÍTICA:RAPTO"
"2004-02-03", "GUAVIARE / MIRAFLORES", "JHON ELIER VALENCIA JARA B48 Víctimas:1", "FARC-EP", "B:1:48 PERSECUCIÓN POLÍTICA:RAPTO"
"2004-02-04", "GUAVIARE / MIRAFLORES", "GUILLERMO RODRIGUEZ ROMERO (1976) A11 Víctimas:1", "PARAMILITARES", "A:1:11 PERSECUCIÓN POLÍTICA:DESAPARICIÓN FORZADA"
"2004-02-16", "GUAVIARE / SAN JOSÉ DEL GUAVIARE", "N N A10; D701 Víctimas:1", "PARAMILITARES", "A:1:10 PERSECUCIÓN POLÍTICA:EJECUCIÓN EXTRAJUDICIAL;  D:1:701 PERSONAS:HOMICIDIO INTENCIONAL DE PERSONA PROTEGIDA"
"2004-02-18", "GUAVIARE / EL RETORNO", "REINALDO HERNÁNDEZ B48 Víctimas:1", "SIN INFORMACIÓN", "B:1:48 PERSECUCIÓN POLÍTICA:RAPTO"
"2004-02-24", "GUAVIARE / CALAMAR", "MAXIMILIANO RAMIREZ  A11; A11; N N A15; D73; A15; D73 Víctimas:2", "EJERCITO. PARAMILITARES", "A:1:11 PERSECUCIÓN POLÍTICA:DESAPARICIÓN FORZADA;  A:1:15 PERSECUCIÓN POLÍTICA:AMENAZA;  D:1:73 PERSONAS:AMENAZA"
"2004-02-24", "GUAVIARE / SAN JOSÉ DEL GUAVIARE", "DUMAR DIAZ ORTÍZ (1987) B48 Víctimas:1", "FARC-EP", "B:1:48 PERSECUCIÓN POLÍTICA:RAPTO"
"2004-02-25", "GUAVIARE / SAN JOSÉ DEL GUAVIARE", "MAXIMILIANO RAMIREZ REYES (1954) A11; N N A11 Víctimas:2", "PARAMILITARES", "A:1:11 PERSECUCIÓN POLÍTICA:DESAPARICIÓN FORZADA"
"2004-03-02", "GUAVIARE / SAN JOSÉ DEL GUAVIARE", "RUBIEL ARIZA AGUELLO  A10; D701; MAURICIO BERMUDEZ HURTADO  A10; D701 Víctimas:2", "PARAMILITARES", "A:1:10 PERSECUCIÓN POLÍTICA:EJECUCIÓN EXTRAJUDICIAL;  D:1:701 PERSONAS:HOMICIDIO INTENCIONAL DE PERSONA PROTEGIDA"
"2004-03-25", "GUAVIARE / CALAMAR", "RAFAEL BARAHONA  A10; D701 Víctimas:1", "EJERCITO", "A:1:10 PERSECUCIÓN POLÍTICA:EJECUCIÓN EXTRAJUDICIAL;  D:1:701 PERSONAS:HOMICIDIO INTENCIONAL DE PERSONA PROTEGIDA"
"2004-03-30", "GUAVIARE / SAN JOSÉ DEL GUAVIARE", "JOSE MIGUEL CASTELLANOS  A11; JESUS ARMANDO CASTELLANOS  A11 Víctimas:2", "PARAMILITARES", "A:1:11 PERSECUCIÓN POLÍTICA:DESAPARICIÓN FORZADA"
"2004-03-30", "GUAVIARE / SAN JOSÉ DEL GUAVIARE", "N N A11; JOSÉ MIGUEL CASTELLANOS A11 Víctimas:2", "PARAMILITARES", "A:1:11 PERSECUCIÓN POLÍTICA:DESAPARICIÓN FORZADA"
"2004-04-10", "GUAVIARE / CALAMAR", "WILLIAM ALEXANDER SUAREZ BERMUDEZ (1987) B48 Víctimas:1", "SIN INFORMACIÓN", "B:1:48 PERSECUCIÓN POLÍTICA:RAPTO"
"2004-04-11", "GUAVIARE / CALAMAR", "EDGAR AGUDELO  A11; A11; A11 Víctimas:1", "POLICÍA. PARAMILITARES. EJERCITO", "A:1:11 PERSECUCIÓN POLÍTICA:DESAPARICIÓN FORZADA"
"2004-04-13", "GUAVIARE / CALAMAR", "BLANCA ELSY VARGAS GÓMEZ A10; A11; D701 Víctimas:1", "EJERCITO", "A:1:10 PERSECUCIÓN POLÍTICA:EJECUCIÓN EXTRAJUDICIAL;  A:1:11 PERSECUCIÓN POLÍTICA:DESAPARICIÓN FORZADA;  D:1:701 PERSONAS:HOMICIDIO INTENCIONAL DE PERSONA PROTEGIDA"
"2004-04-14", "GUAVIARE / SAN JOSÉ DEL GUAVIARE", "PEDRO ADOLFO GÓMEZ ARIZA A11 Víctimas:1", "PARAMILITARES", "A:1:11 PERSECUCIÓN POLÍTICA:DESAPARICIÓN FORZADA"
"2004-04-19", "GUAVIARE / EL RETORNO", "MARIA CRISTINA COBO MAHECHA  A11 Víctimas:1", "EJERCITO", "A:1:11 PERSECUCIÓN POLÍTICA:DESAPARICIÓN FORZADA"
"2004-04-19", "GUAVIARE / EL RETORNO", "MARIA CRISTINA COBO MAHECHA A11; A12; D72; A11; A12; D72; A11; A12; D72 Víctimas:1", "PARAMILITARES. POLICÍA. EJERCITO", "A:1:11 PERSECUCIÓN POLÍTICA:DESAPARICIÓN FORZADA;  A:1:12 PERSECUCIÓN POLÍTICA:TORTURA;  D:1:72 PERSONAS:TORTURA"
"2004-04-19", "GUAVIARE / CALAMAR", "MARÍA CRISTINA COBO MAHECHA (1975) A11 Víctimas:1", "PARAMILITARES", "A:1:11 PERSECUCIÓN POLÍTICA:DESAPARICIÓN FORZADA"
"2004-04-20", "GUAVIARE / MIRAFLORES", "JOSE DE JESUS RAMIREZ JARAMILLO  B40 Víctimas:1", "SIN INFORMACIÓN", "B:1:40 PERSECUCIÓN POLÍTICA:ASESINATO"
"2004-04-22", "GUAVIARE / CALAMAR", "PEDRO AUTIQUEZ PEDRAZA  A12; D72 Víctimas:1", "EJERCITO", "A:1:12 PERSECUCIÓN POLÍTICA:TORTURA;  D:1:72 PERSONAS:TORTURA"
"2004-04-23", "GUAVIARE / CALAMAR / CALAMAR", "ALFONSO CABALLERO RAMÍREZ B48 Víctimas:1", "SIN INFORMACIÓN", "B:1:48 PERSECUCIÓN POLÍTICA:RAPTO"
"2004-04-30", "GUAVIARE / CALAMAR", "RICAURTE SANTOS  A10; D701; A10; D701 Víctimas:1", "PARAMILITARES. EJERCITO", "A:1:10 PERSECUCIÓN POLÍTICA:EJECUCIÓN EXTRAJUDICIAL;  D:1:701 PERSONAS:HOMICIDIO INTENCIONAL DE PERSONA PROTEGIDA"
"2004-04-30", "GUAVIARE / CALAMAR", "SANTOS JACOME  A10; D701; A10; D701; N JACOME  A10; D701; A10; D701 Víctimas:2", "EJERCITO. PARAMILITARES", "A:1:10 PERSECUCIÓN POLÍTICA:EJECUCIÓN EXTRAJUDICIAL;  D:1:701 PERSONAS:HOMICIDIO INTENCIONAL DE PERSONA PROTEGIDA"
"2004-04-30", "GUAVIARE / CALAMAR", "MARIA HELENA FERNANDEZ  A15; D73; A15; D73 Víctimas:1", "PARAMILITARES. EJERCITO", "A:1:15 PERSECUCIÓN POLÍTICA:AMENAZA;  D:1:73 PERSONAS:AMENAZA"
"2004-04-30", "GUAVIARE / MIRAFLORES", "JOSE GILBERTO CADAVID CADAVID  D73 Víctimas:1", "FARC-EP", "D:1:73 PERSONAS:AMENAZA"
"2004-05-03", "GUAVIARE / EL RETORNO", "PABLO BASTIDAS  A11 Víctimas:1", "PARAMILITARES", "A:1:11 PERSECUCIÓN POLÍTICA:DESAPARICIÓN FORZADA"
"2004-05-12", "GUAVIARE / CALAMAR", "ALFONSO CABALLERO RAMIREZ  A11; A11 Víctimas:1", "PARAMILITARES. EJERCITO", "A:1:11 PERSECUCIÓN POLÍTICA:DESAPARICIÓN FORZADA"
"2004-05-15", "GUAVIARE / EL RETORNO", "YANETH MERCHAN (1968) D73; FAMILIA MERCHAN () Víctimas:1", "FARC-EP", "D:1:73 PERSONAS:AMENAZA;  D:1:706 PERSONAS:COLECTIVO AMENAZADO;  D:1:903 PERSONAS:DESPLAZAMIENTO FORZADO"
"2004-05-17", "GUAVIARE / EL RETORNO", "LUZ MIRIAM ALZATE  (1970) A11 Víctimas:1", "PARAMILITARES", "A:1:11 PERSECUCIÓN POLÍTICA:DESAPARICIÓN FORZADA"
"2004-06-10", "GUAVIARE / SAN JOSÉ DEL GUAVIARE / CACHICAMO", "VICTOR JULIO DAZA  A11 Víctimas:1", "PARAMILITARES", "A:1:11 PERSECUCIÓN POLÍTICA:DESAPARICIÓN FORZADA"
"2004-06-15", "GUAVIARE / SAN JOSÉ DEL GUAVIARE", "MECIAS VARGAS LEON (1981) A11 Víctimas:1", "PARAMILITARES", "A:1:11 PERSECUCIÓN POLÍTICA:DESAPARICIÓN FORZADA"
"2004-06-15", "GUAVIARE / CALAMAR", "JEISON ANDRES SUAREZ VILLA (1988) D76 Víctimas:1", "FARC-EP", "D:1:76 PERSONAS:DESAPARICIÓN FORZADA"
"2004-06-20", "GUAVIARE / SAN JOSÉ DEL GUAVIARE", "BERTONI GUASCA  D701 Víctimas:1", "FARC-EP", "D:1:701 PERSONAS:HOMICIDIO INTENCIONAL DE PERSONA PROTEGIDA"
"2004-06-22", "GUAVIARE / SAN JOSÉ DEL GUAVIARE", "ORLANDO UPEGUI  D701 Víctimas:1", "FARC-EP", "D:1:701 PERSONAS:HOMICIDIO INTENCIONAL DE PERSONA PROTEGIDA"
"2004-06-28", "GUAVIARE / SAN JOSÉ DEL GUAVIARE", "PEDRO MIGUEL MORALES GALINDO  A11; A11 Víctimas:1", "PARAMILITARES. EJERCITO", "A:1:11 PERSECUCIÓN POLÍTICA:DESAPARICIÓN FORZADA"
"2004-06-28", "GUAVIARE / CALAMAR", "ELSA AGUILAR  A10; D701; A10; D701; JOSELITO RAMIREZ  A10; D701; A10; D701 Víctimas:2", "EJERCITO. PARAMILITARES", "A:1:10 PERSECUCIÓN POLÍTICA:EJECUCIÓN EXTRAJUDICIAL;  D:1:701 PERSONAS:HOMICIDIO INTENCIONAL DE PERSONA PROTEGIDA"
"2004-06-30", "GUAVIARE / SAN JOSÉ DEL GUAVIARE / SABANAS DE FUGA", "JOSE CONTRERAS  D701 Víctimas:1", "FARC-EP", "D:1:701 PERSONAS:HOMICIDIO INTENCIONAL DE PERSONA PROTEGIDA"
"2004-07-05", "GUAVIARE / SAN JOSÉ DEL GUAVIARE", "NELSON LOZANO CASTRILLON  A11 Víctimas:1", "PARAMILITARES", "A:1:11 PERSECUCIÓN POLÍTICA:DESAPARICIÓN FORZADA"
"2004-07-06", "GUAVIARE / SAN JOSÉ DEL GUAVIARE", "PEDRO MORALES  A11 Víctimas:1", "PARAMILITARES", "A:1:11 PERSECUCIÓN POLÍTICA:DESAPARICIÓN FORZADA"
"2004-07-14", "GUAVIARE / SAN JOSÉ DEL GUAVIARE", "FABIO NELSON NAVAS IBARRA (1987) A11 Víctimas:1", "PARAMILITARES", "A:1:11 PERSECUCIÓN POLÍTICA:DESAPARICIÓN FORZADA"
"2004-07-17", "GUAVIARE / SAN JOSÉ DEL GUAVIARE / CHARRAS", "DANIEL RUDAS URREGO  D701 Víctimas:1", "FARC-EP", "D:1:701 PERSONAS:HOMICIDIO INTENCIONAL DE PERSONA PROTEGIDA"
"2004-08-04", "GUAVIARE / CALAMAR", "EDGAR SALAZAR MARTINEZ  D701 Víctimas:1", "GUERRILLA", "D:1:701 PERSONAS:HOMICIDIO INTENCIONAL DE PERSONA PROTEGIDA"
"2004-08-13", "GUAVIARE / EL RETORNO", "N N A10; D701; N N A10; D701 Víctimas:2", "PARAMILITARES", "A:1:10 PERSECUCIÓN POLÍTICA:EJECUCIÓN EXTRAJUDICIAL;  D:1:701 PERSONAS:HOMICIDIO INTENCIONAL DE PERSONA PROTEGIDA"
"2004-08-14", "GUAVIARE / SAN JOSÉ DEL GUAVIARE", "N N A11; N N A11 Víctimas:2", "PARAMILITARES", "A:1:11 PERSECUCIÓN POLÍTICA:DESAPARICIÓN FORZADA"
"2004-08-14", "GUAVIARE / SAN JOSÉ DEL GUAVIARE", "WILSON FRANCO CASTRO  A11 Víctimas:1", "PARAMILITARES", "A:1:11 PERSECUCIÓN POLÍTICA:DESAPARICIÓN FORZADA"
"2004-08-15", "GUAVIARE / EL RETORNO", "MANUEL MARTINEZ URREGO  (1987) A11; ALBEIRO MARTINEZ URREGO  (1989) A11 Víctimas:2", "PARAMILITARES", "A:1:11 PERSECUCIÓN POLÍTICA:DESAPARICIÓN FORZADA"
"2004-08-15", "GUAVIARE / EL RETORNO / MORICHAL", "N N A11; N N A11 Víctimas:2", "PARAMILITARES", "A:1:11 PERSECUCIÓN POLÍTICA:DESAPARICIÓN FORZADA"
"2004-08-16", "GUAVIARE / MIRAFLORES", "NESTOR N ALIAS ""EL BOYACO""  A11 Víctimas:1", "PARAMILITARES", "A:1:11 PERSECUCIÓN POLÍTICA:DESAPARICIÓN FORZADA"
"2004-08-24", "GUAVIARE / CALAMAR", "JOSE ALCIBÍADES TRUJILLO A11; YURI ANDREA TRUJILLO A11; MIGUEL ANGEL ESCOBAR GIL A11 Víctimas:3", "EJERCITO", "A:1:11 PERSECUCIÓN POLÍTICA:DESAPARICIÓN FORZADA"
"2004-09-03", "GUAVIARE / CALAMAR", "RODRIGO LEONEL ROPERO  D701 Víctimas:1", "GUERRILLA", "D:1:701 PERSONAS:HOMICIDIO INTENCIONAL DE PERSONA PROTEGIDA"
"2004-09-06", "GUAVIARE / SAN JOSÉ DEL GUAVIARE", "JUAN DE JESUS LOPEZ  A11 Víctimas:1", "PARAMILITARES", "A:1:11 PERSECUCIÓN POLÍTICA:DESAPARICIÓN FORZADA"
"2004-09-09", "GUAVIARE / SAN JOSÉ DEL GUAVIARE", "JUAN DAVID GABINO GOMEZ  A11 Víctimas:1", "PARAMILITARES", "A:1:11 PERSECUCIÓN POLÍTICA:DESAPARICIÓN FORZADA"
"2004-09-16", "GUAVIARE / MIRAFLORES / LAGOS DEL DORADO", "JAIME SANCHEZ PINEDA  A10; D701; JANETH DE SANCHEZ  A10; D701; NN ALIAS ""CHOCOLO""  A10; D701; FREDY N  A10; D701 Víctimas:4", "PARAMILITARES", "A:1:10 PERSECUCIÓN POLÍTICA:EJECUCIÓN EXTRAJUDICIAL;  D:1:701 PERSONAS:HOMICIDIO INTENCIONAL DE PERSONA PROTEGIDA"
"2004-09-16", "GUAVIARE / SAN JOSÉ DEL GUAVIARE", " Víctimas:0", "FARC-EP", "D:1:701 PERSONAS:HOMICIDIO INTENCIONAL DE PERSONA PROTEGIDA"
"2004-09-20", "GUAVIARE / MIRAFLORES", "WILFREDO BENÍTEZ TORRES  A14; SARA SOTELO  A14; DARIO SARMIENTO ROJAS  A14; JESUS PEREZ MONSALVE  A14; EMMA CHITIVA MESA  A14; FABIO BELTRAN  A14 Víctimas:6", "POLICÍA", "A:1:14 PERSECUCIÓN POLÍTICA:DETENCIÓN ARBITRARIA"
"2004-09-20", "GUAVIARE / MIRAFLORES / LAGOS DEL DORADO", "JAMES OSPINA  D73; MARIA CRISTINA ELOCUE  D73; N OSPINA ELOCUE  D77; N OSPINA ELOCUE (1)  D73; N OSPINA ELOCUE (2)  D73; FAMILIA OSPINA ELOCUE () Víctimas:5", "FARC-EP", "D:1:73 PERSONAS:AMENAZA;  D:1:77 PERSONAS:VIOLENCIA SEXUAL;  D:1:903 PERSONAS:DESPLAZAMIENTO FORZADO"
"2004-09-24", "GUAVIARE / SAN JOSÉ DEL GUAVIARE", "JOSE EDILSON BUITRAGO ARCE (1979) A11; N ARCE A15 Víctimas:2", "PARAMILITARES", "A:1:11 PERSECUCIÓN POLÍTICA:DESAPARICIÓN FORZADA;  A:1:15 PERSECUCIÓN POLÍTICA:AMENAZA"
"2004-10-01", "GUAVIARE / EL RETORNO / LA LIBERTAD", "JAMIR CORREDOR  (1966) A10; A12; D72; D701 Víctimas:1", "PARAMILITARES", "A:1:10 PERSECUCIÓN POLÍTICA:EJECUCIÓN EXTRAJUDICIAL;  A:1:12 PERSECUCIÓN POLÍTICA:TORTURA;  D:1:72 PERSONAS:TORTURA;  D:1:701 PERSONAS:HOMICIDIO INTENCIONAL DE PERSONA PROTEGIDA"
"2004-10-30", "GUAVIARE / CALAMAR", "PABLO ALFONSO FLOREZ (1966) A11; A11; DERLY GONZALEZ A15; A15; N N A11; A11; FAMILIA FLOREZ GONZALEZ () Víctimas:3", "PARAMILITARES. POLICÍA", "A:1:11 PERSECUCIÓN POLÍTICA:DESAPARICIÓN FORZADA;  A:1:15 PERSECUCIÓN POLÍTICA:AMENAZA;  A:1:18 PERSECUCIÓN POLÍTICA:COLECTIVO AMENAZADO;  A:1:102 PERSECUCIÓN POLÍTICA:DESPLAZAMIENTO FORZADO"
"2004-11-15", "GUAVIARE / CALAMAR", "MARLENY GONZALEZ CARDONA (1984) D73; D76 Víctimas:1", "FARC-EP", "D:1:73 PERSONAS:AMENAZA;  D:1:76 PERSONAS:DESAPARICIÓN FORZADA"
"2004-11-19", "GUAVIARE / CALAMAR", "CARLOS JULIO DUARTE FRANCO A11 Víctimas:1", "PARAMILITARES", "A:1:11 PERSECUCIÓN POLÍTICA:DESAPARICIÓN FORZADA"
"2004-12-04", "GUAVIARE / SAN JOSÉ DEL GUAVIARE", "HORACIO GOMEZ  A10; D701; ELIECER ANGEL GOMEZ  A10; D701 Víctimas:2", "PARAMILITARES", "A:1:10 PERSECUCIÓN POLÍTICA:EJECUCIÓN EXTRAJUDICIAL;  D:1:701 PERSONAS:HOMICIDIO INTENCIONAL DE PERSONA PROTEGIDA"
"2004-12-04", "GUAVIARE / SAN JOSÉ DEL GUAVIARE", "CARLOS ANGEL TIRADO  A10; D701 Víctimas:1", "PARAMILITARES", "A:1:10 PERSECUCIÓN POLÍTICA:EJECUCIÓN EXTRAJUDICIAL;  D:1:701 PERSONAS:HOMICIDIO INTENCIONAL DE PERSONA PROTEGIDA"
"2004-12-14", "GUAVIARE / CALAMAR", "CARLOS ALFREDO PINZON MARTINEZ  A14; A14; A14; MATEO FEDERICO CRUZ CHICA  A14; A14; A14; CARLOS JULIO MONGUI BERNAL  A14; A14; A14; JHON PERDOMO BARON  A14; A14; A14; CARLOS ALBERTO PERDOMO BARON  A14; A14; A14; IRINARCO SUAREZ SOTELO  A14; A14; A14; JAIME EDISON PINEDA BUITRAGO  A14; A14; A14; NELSON JAIR PERDOMO BARON  A14; A14; A14; RIGOBERTO DE JESUS LOPEZ  A14; A14; A14; ABEL ANTONIO MONGUI IBARRA  A14; A14; A14; JOSE REINALDO MONGUI IBARRA  A14; A14; A14; ALDEMAR MORALES MORALES  A14; A14; A14; LUIS ALVARO RINCON GARCIA  A14; A14; A14; JUAN BAUTISTA MARIN MUÑOZ  A14; A14; A14; ROSA STELLA AGUDELO MUÑOZ  A14; A14; A14; NEFTALI LOPEZ  A14; A14; A14; WILLIAM GONZALEZ MORALEZ  A14; A14; A14; HECTOR JAMES PINEDA BUITRAGO  A14; A14; A14; JAVIER ITE  A14; A14; A14 Víctimas:19", "ESTADO COLOMBIANO. POLICÍA. FISCALIA", "A:1:14 PERSECUCIÓN POLÍTICA:DETENCIÓN ARBITRARIA"
"2004-12-18", "GUAVIARE / SAN JOSÉ DEL GUAVIARE", "ALEX MARIN  D78 Víctimas:1", "PARAMILITARES", "D:1:78 PERSONAS:ESCUDO INDIVIDUAL;  D:3:95 MÉTODOS:CATEGORIA INEXISTENTE 95"
"2004-12-18", "GUAVIARE / SAN JOSÉ DEL GUAVIARE", "ALEX MARIN  D703 Víctimas:1", "FARC-EP", "D:1:703 PERSONAS:CIVIL MUERTO EN ACCIÓN BÉLICA"
"2004-12-19", "GUAVIARE / SAN JOSÉ DEL GUAVIARE", "BERTULFO LOPEZ  A10; D701 Víctimas:1", "PARAMILITARES", "A:1:10 PERSECUCIÓN POLÍTICA:EJECUCIÓN EXTRAJUDICIAL;  D:1:701 PERSONAS:HOMICIDIO INTENCIONAL DE PERSONA PROTEGIDA"
"2004-12-22", "GUAVIARE / CALAMAR", "ELDEVIER MORALES MORALES  A10; D701; IRINARCO SUAREZ  A11 Víctimas:2", "PARAMILITARES", "A:1:10 PERSECUCIÓN POLÍTICA:EJECUCIÓN EXTRAJUDICIAL;  A:1:11 PERSECUCIÓN POLÍTICA:DESAPARICIÓN FORZADA;  D:1:701 PERSONAS:HOMICIDIO INTENCIONAL DE PERSONA PROTEGIDA"
"2004-12-30", "GUAVIARE / SAN JOSÉ DEL GUAVIARE", "N N D704 Víctimas:1", "COMBATIENTES", "D:1:704 PERSONAS:LESIÓN A CIVILES EN ACCIÓN BÉLICA"
"2004-12-30", "GUAVIARE / SAN JOSÉ DEL GUAVIARE", "N N D78; POBLADORES LA ESMERALDA () Víctimas:1", "PARAMILITARES", "D:1:78 PERSONAS:ESCUDO INDIVIDUAL;  D:1:904 PERSONAS:COLECTIVO ESCUDO;  D:3:95 MÉTODOS:CATEGORIA INEXISTENTE 95"
"2005-01-10", "GUAVIARE / CALAMAR", "OMAR MEJIA  A11; A11; DORA N.  A11; A11 Víctimas:2", "FUERZA PUBLICA. PARAMILITARES", "A:1:11 PERSECUCIÓN POLÍTICA:DESAPARICIÓN FORZADA"
"2005-01-14", "GUAVIARE / CALAMAR", "CARLOS ARIEL PINZON  A15; D73; A15; D73; COLECTIVAS: POBLADORES DE CALAMAR () Víctimas:1", "FUERZA PUBLICA. PARAMILITARES", "A:1:15 PERSECUCIÓN POLÍTICA:AMENAZA;  A:1:18 PERSECUCIÓN POLÍTICA:COLECTIVO AMENAZADO;  D:1:73 PERSONAS:AMENAZA;  D:1:706 PERSONAS:COLECTIVO AMENAZADO"
"2005-02-03", "GUAVIARE / MIRAFLORES", "PEDRO SIERRA (1971) D701 Víctimas:1", "FARC-EP", "D:1:701 PERSONAS:HOMICIDIO INTENCIONAL DE PERSONA PROTEGIDA"
"2005-02-04", "GUAVIARE / EL RETORNO", "OSCAR DE JESÚS BOTERO ZULUAGA A10; D701 Víctimas:1", "PARAMILITARES", "A:1:10 PERSECUCIÓN POLÍTICA:EJECUCIÓN EXTRAJUDICIAL;  D:1:701 PERSONAS:HOMICIDIO INTENCIONAL DE PERSONA PROTEGIDA"
"2005-02-07", "GUAVIARE / CALAMAR", "MANUEL ALBERTO BOLAÑOS CARDENAS (1968) A11 Víctimas:1", "PARAMILITARES", "A:1:11 PERSECUCIÓN POLÍTICA:DESAPARICIÓN FORZADA"
"2005-02-21", "GUAVIARE / MIRAFLORES / LAGOS DEL DORADO", "ARGEMIRO OICATÁ MORENO A10; D701; N N A10; D701; N N A10; D701; N N A10; D701; N N A10; D701 Víctimas:5", "EJERCITO", "A:1:10 PERSECUCIÓN POLÍTICA:EJECUCIÓN EXTRAJUDICIAL;  D:1:701 PERSONAS:HOMICIDIO INTENCIONAL DE PERSONA PROTEGIDA"
"2005-03-15", "GUAVIARE / SAN JOSÉ DEL GUAVIARE", "MARTHA CECILIA CRIALES (1950) D73; FAMILIA CRIALES () Víctimas:1", "PARAMILITARES", "A:1:102 PERSECUCIÓN POLÍTICA:DESPLAZAMIENTO FORZADO;  D:1:73 PERSONAS:AMENAZA"
"2005-03-19", "GUAVIARE / SAN JOSÉ DEL GUAVIARE", "JHOANA MARQUEZ GONZÁLEZ  (1991) D75 Víctimas:1", "FARC-EP", "D:1:75 PERSONAS:RECLUTAMIENTO DE MENORES"
"2005-03-24", "GUAVIARE / EL RETORNO / LA LIBERTAD", "OHANA ANDREA DAVID ARANGO A11 Víctimas:1", "PARAMILITARES", "A:1:11 PERSECUCIÓN POLÍTICA:DESAPARICIÓN FORZADA"
"2005-03-28", "GUAVIARE / SAN JOSÉ DEL GUAVIARE / CACHICAMO", "EDWAR ALEXANDER SANABRIA A10; D701 Víctimas:1", "EJERCITO", "A:1:10 PERSECUCIÓN POLÍTICA:EJECUCIÓN EXTRAJUDICIAL;  D:1:701 PERSONAS:HOMICIDIO INTENCIONAL DE PERSONA PROTEGIDA"
"2005-04-14", "GUAVIARE / SAN JOSÉ DEL GUAVIARE", "JOSÉ ARTURO GALÁN (1988) A11 Víctimas:1", "PARAMILITARES", "A:1:11 PERSECUCIÓN POLÍTICA:DESAPARICIÓN FORZADA"
"2005-04-23", "GUAVIARE / MIRAFLORES", "JOVANNY YEPES  A10; D701; N N A10; D701; N N A10; D701 Víctimas:3", "PARAMILITARES", "A:1:10 PERSECUCIÓN POLÍTICA:EJECUCIÓN EXTRAJUDICIAL;  D:1:701 PERSONAS:HOMICIDIO INTENCIONAL DE PERSONA PROTEGIDA"
"2005-04-28", "GUAVIARE / SAN JOSÉ DEL GUAVIARE", "LUIS ALFONSO FORERO GONZÁLEZ (1987) A11; MILLAR OSWALDO FORERO GONZÁLEZ A11 Víctimas:2", "PARAMILITARES", "A:1:11 PERSECUCIÓN POLÍTICA:DESAPARICIÓN FORZADA"
"2005-04-29", "GUAVIARE / CALAMAR", "ROBERTO CASTRO BARRIOS  A11; N N A11 Víctimas:2", "EJERCITO", "A:1:11 PERSECUCIÓN POLÍTICA:DESAPARICIÓN FORZADA"
"2005-05-16", "GUAVIARE / SAN JOSÉ DEL GUAVIARE", "ELVER DIAS  (1998) D98; LIKO MOLINA  (2004) D98; ELVIA PEREZ  (1994) D98; JAIME PEREZ  (1996) D98; EDIVER VALENCIA  D98; NUBIA DIAS  (1986) D98; ABEL DIAS  (2000) D98 Víctimas:7", "EJERCITO", "D:1:98 PERSONAS:LESIÓN POR OBJETIVOS, MÉTODOS Y MEDIOS ILÍCITOS;  D:3:93 MÉTODOS:CATEGORIA INEXISTENTE 93"
"2005-06-10", "GUAVIARE / SAN JOSÉ DEL GUAVIARE", "HOLMAN ESNEIDER RAMÍREZ RIVERA A11 Víctimas:1", "PARAMILITARES", "A:1:11 PERSECUCIÓN POLÍTICA:DESAPARICIÓN FORZADA"
"2005-06-11", "GUAVIARE / SAN JOSÉ DEL GUAVIARE", "DANIEL CONTRERAS RUÍZ (1970) B48 Víctimas:1", "FARC-EP", "B:1:48 PERSECUCIÓN POLÍTICA:RAPTO;  D:3:95 MÉTODOS:CATEGORIA INEXISTENTE 95"
"2005-06-11", "GUAVIARE / CALAMAR", "ÁNGEL ALBERTO SÁNCHEZ GÓMEZ A11; N N A11; N N A11 Víctimas:3", "EJERCITO", "A:1:11 PERSECUCIÓN POLÍTICA:DESAPARICIÓN FORZADA"
"2005-06-15", "GUAVIARE / SAN JOSÉ DEL GUAVIARE", "GEOVANNY PERILLA (1986) A11 Víctimas:1", "PARAMILITARES", "A:1:11 PERSECUCIÓN POLÍTICA:DESAPARICIÓN FORZADA"
"2005-07-08", "GUAVIARE / SAN JOSÉ DEL GUAVIARE", "JHONATAN ÁLVAREZ VARGAS A11 Víctimas:1", "PARAMILITARES", "A:1:11 PERSECUCIÓN POLÍTICA:DESAPARICIÓN FORZADA"
"2005-07-22", "GUAVIARE / CALAMAR", "JUAN CARLOS CASTRO MUÑOZ  A23 Víctimas:1", "POLICÍA", "A:2:23 ABUSO DE AUTORIDAD:LESIÓN FÍSICA"
"2005-07-27", "ARAUCA / SARAVENA; GUAVIARE / SAN JOSÉ DEL GUAVIARE", "MIGUEL ANGEL VALENCIA VILLA  (1940) A10; A11; D701; JOSÉ ARCANGEL VALENCIA AGUILAR  (1976) A10; A11; D701; RAMON ELÍAS VALENCIA AGUILAR  (1978) A10; A11; D701 Víctimas:3", "PARAMILITARES", "A:1:10 PERSECUCIÓN POLÍTICA:EJECUCIÓN EXTRAJUDICIAL;  A:1:11 PERSECUCIÓN POLÍTICA:DESAPARICIÓN FORZADA;  D:1:701 PERSONAS:HOMICIDIO INTENCIONAL DE PERSONA PROTEGIDA"
"2005-07-27", "SANTANDER / BARRANCABERMEJA / EL CENTRO; GUAVIARE / SAN JOSÉ DEL GUAVIARE", "MIGUEL ANGEL VALENCIA  (1953) D701; JOSÉ ARCÁNGEL VALENCIA AGUDELO  (1977) D701; JOSÉ ARCÁNGEL VALENCIA AGUDELO  (1979) D701 Víctimas:3", "PARAMILITARES", "D:1:701 PERSONAS:HOMICIDIO INTENCIONAL DE PERSONA PROTEGIDA"
"2005-07-30", "GUAVIARE / SAN JOSÉ DEL GUAVIARE", "MARCI NATALIA GUZMAN (2001) A10; ANA VARGAS A12; A15 Víctimas:2", "PARAMILITARES", "A:1:10 PERSECUCIÓN POLÍTICA:EJECUCIÓN EXTRAJUDICIAL;  A:1:12 PERSECUCIÓN POLÍTICA:TORTURA;  A:1:15 PERSECUCIÓN POLÍTICA:AMENAZA"
"2005-08-15", "GUAVIARE / CALAMAR", "JHONNY SANCHEZ BUSTAMANTE (1981) D76 Víctimas:1", "FARC-EP", "D:1:76 PERSONAS:DESAPARICIÓN FORZADA"
"2005-08-20", "GUAVIARE / SAN JOSÉ DEL GUAVIARE / EL CAPRICHO", "IVAN RODRIGO GUTIERREZ AYALA (1980) D701 Víctimas:1", "FARC-EP", "D:1:701 PERSONAS:HOMICIDIO INTENCIONAL DE PERSONA PROTEGIDA"
"2005-08-23", "GUAVIARE / SAN JOSÉ DEL GUAVIARE / EL CAPRICHO", "JOSE RAMIREZ GARCIA D73; FAMILIA CAMPESINA RAMIREZ () Víctimas:1", "FARC-EP", "D:1:73 PERSONAS:AMENAZA;  D:1:706 PERSONAS:COLECTIVO AMENAZADO;  D:1:903 PERSONAS:DESPLAZAMIENTO FORZADO"
"2005-10-27", "GUAVIARE / CALAMAR", "MARCO FIDEL BONILLA  A10; D701 Víctimas:1", "EJERCITO", "A:1:10 PERSECUCIÓN POLÍTICA:EJECUCIÓN EXTRAJUDICIAL;  D:1:701 PERSONAS:HOMICIDIO INTENCIONAL DE PERSONA PROTEGIDA"
"2005-10-29", "GUAVIARE / CALAMAR", "MARCO FIDEL BONILLA (1952) A10; A12; D72; D701; PASCUAL N D701; A10; D72; A12 Víctimas:2", "EJERCITO", "A:1:10 PERSECUCIÓN POLÍTICA:EJECUCIÓN EXTRAJUDICIAL;  A:1:12 PERSECUCIÓN POLÍTICA:TORTURA;  D:1:72 PERSONAS:TORTURA;  D:1:701 PERSONAS:HOMICIDIO INTENCIONAL DE PERSONA PROTEGIDA;  D:2:80 OBJETIVOS, MÉTODOS Y MÉDIOS ILÍCITOS:BIENES CIVILES;  D:3:95 MÉTODOS:CATEGORIA INEXISTENTE 95"
"2005-11-05", "GUAVIARE / SAN JOSÉ DEL GUAVIARE", "NELSON MIGUEL VALDERRAMA  A12; D72 Víctimas:1", "PARAMILITARES", "A:1:12 PERSECUCIÓN POLÍTICA:TORTURA;  D:1:72 PERSONAS:TORTURA"
"2005-11-21", "GUAVIARE / SAN JOSÉ DEL GUAVIARE", "GIOVANNI GOMEZ  A15; D73 Víctimas:1", "PARAMILITARES", "A:1:15 PERSECUCIÓN POLÍTICA:AMENAZA;  D:1:73 PERSONAS:AMENAZA"
"2005-11-28", "GUAVIARE / SAN JOSÉ DEL GUAVIARE", "N N B41; N N B41; N N B41; N N B41; N N B41; N N B41; N N B41; N N B41; N N D701 Víctimas:9", "FARC-EP", "B:1:41 PERSECUCIÓN POLÍTICA:SECUESTRO;  D:1:701 PERSONAS:HOMICIDIO INTENCIONAL DE PERSONA PROTEGIDA;  D:2:80 OBJETIVOS, MÉTODOS Y MÉDIOS ILÍCITOS:BIENES CIVILES"
"2005-11-30", "GUAVIARE / SAN JOSÉ DEL GUAVIARE", "PEDRO ARENAS GARCIA  A15; D73 Víctimas:1", "PARAMILITARES", "A:1:15 PERSECUCIÓN POLÍTICA:AMENAZA;  D:1:73 PERSONAS:AMENAZA"
"2005-12-05", "GUAVIARE / SAN JOSÉ DEL GUAVIARE", "N N B41; N N B41; N N B41 Víctimas:3", "FARC-EP", "B:1:41 PERSECUCIÓN POLÍTICA:SECUESTRO"
"2005-12-21", "GUAVIARE / SAN JOSÉ DEL GUAVIARE", "N N B40; N N B40; N N B40 Víctimas:3", "SIN INFORMACIÓN", "B:1:40 PERSECUCIÓN POLÍTICA:ASESINATO"
"2005-12-21", "GUAVIARE / EL RETORNO", "N N B40 Víctimas:1", "SIN INFORMACIÓN", "B:1:40 PERSECUCIÓN POLÍTICA:ASESINATO"
"2005-12-27", "GUAVIARE / EL RETORNO", "JOSÉ LIBARDO MEDINA CABRERA A11 Víctimas:1", "EJERCITO", "A:1:11 PERSECUCIÓN POLÍTICA:DESAPARICIÓN FORZADA"
"2006-02-13", "GUAVIARE / SAN JOSÉ DEL GUAVIARE", "Nerlandy Mileiny Cepa Hernández  A12; A15; D72; D73; Michael Paola Miranda Taborda  (1986) A12; A15; D72; D73 Víctimas:2", "PARAMILITARES", "A:1:12 PERSECUCIÓN POLÍTICA:TORTURA;  A:1:15 PERSECUCIÓN POLÍTICA:AMENAZA;  D:1:72 PERSONAS:TORTURA;  D:1:73 PERSONAS:AMENAZA"
"2006-02-15", "GUAVIARE / SAN JOSÉ DEL GUAVIARE", "N. LEYTON  A14; FAMILIA LEYTON ROMERO () Víctimas:1", "POLICÍA", "A:1:14 PERSECUCIÓN POLÍTICA:DETENCIÓN ARBITRARIA;  A:1:102 PERSECUCIÓN POLÍTICA:DESPLAZAMIENTO FORZADO;  D:1:903 PERSONAS:DESPLAZAMIENTO FORZADO"
"2006-02-19", "GUAVIARE / SAN JOSÉ DEL GUAVIARE", "TRANSPORTADORES DE EL GUAVIARE () Víctimas:0", "FARC-EP", "D:1:706 PERSONAS:COLECTIVO AMENAZADO"
"2006-03-03", "GUAVIARE", "Esther García  A12; A14; A15; D72; D73 Víctimas:1", "POLICÍA", "A:1:12 PERSECUCIÓN POLÍTICA:TORTURA;  A:1:14 PERSECUCIÓN POLÍTICA:DETENCIÓN ARBITRARIA;  A:1:15 PERSECUCIÓN POLÍTICA:AMENAZA;  D:1:72 PERSONAS:TORTURA;  D:1:73 PERSONAS:AMENAZA;  D:1:903 PERSONAS:DESPLAZAMIENTO FORZADO;  D:2:80 OBJETIVOS, MÉTODOS Y MÉDIOS ILÍCITOS:BIENES CIVILES;  D:3:95 MÉTODOS:CATEGORIA INEXISTENTE 95"
"2006-03-07", "GUAVIARE / SAN JOSÉ DEL GUAVIARE", "EDIMER SILVA BENJUMEA A11 Víctimas:1", "EJERCITO", "A:1:11 PERSECUCIÓN POLÍTICA:DESAPARICIÓN FORZADA"
"2006-04-05", "GUAVIARE / SAN JOSÉ DEL GUAVIARE", "ALBERTO ELIÉCER BARRERA A11 Víctimas:1", "EJERCITO", "A:1:11 PERSECUCIÓN POLÍTICA:DESAPARICIÓN FORZADA"
"2006-05-02", "GUAVIARE / SAN JOSÉ DEL GUAVIARE", "RICAUTE GUAVITA (1985) A30; CARLOS N A30; N N A30 Víctimas:3", "PARAMILITARES", "A:3:30 INTOLERANCIA SOCIAL:EJECUCIÓN EXTRAJUDICIAL"
"2006-05-15", "GUAVIARE / SAN JOSÉ DEL GUAVIARE / LA CARPA", "EUCLIDES RINCÓN D701; FAMILIA RINCÓN DE LA CARPA () Víctimas:1", "FARC-EP", "D:1:701 PERSONAS:HOMICIDIO INTENCIONAL DE PERSONA PROTEGIDA;  D:1:706 PERSONAS:COLECTIVO AMENAZADO;  D:1:903 PERSONAS:DESPLAZAMIENTO FORZADO;  D:3:902 MÉTODOS:CATEGORIA INEXISTENTE 902"
"2006-06-15", "GUAVIARE / MIRAFLORES / PUERTO LÁGRIMAS", "RUBEN ZULIETA GRACIA (1964) D76 Víctimas:1", "FARC-EP", "D:1:76 PERSONAS:DESAPARICIÓN FORZADA"
"2006-06-27", "GUAVIARE / SAN JOSÉ DEL GUAVIARE", "N N A11 Víctimas:1", "PARAMILITARES", "A:1:11 PERSECUCIÓN POLÍTICA:DESAPARICIÓN FORZADA"
"2006-07-12", "GUAVIARE / SAN JOSÉ DEL GUAVIARE", "JULIO RIVERA AGUILERA A11; MILTON RIVERA AGUILERA A11; ISMAEL RIVERA A10; D701 Víctimas:3", "PARAMILITARES", "A:1:10 PERSECUCIÓN POLÍTICA:EJECUCIÓN EXTRAJUDICIAL;  A:1:11 PERSECUCIÓN POLÍTICA:DESAPARICIÓN FORZADA;  D:1:701 PERSONAS:HOMICIDIO INTENCIONAL DE PERSONA PROTEGIDA"
"2006-07-12", "GUAVIARE / CALAMAR", "HECTOR JAIRO POSSO DELGADO B48; POBLADORES CAÑO TIGRE () Víctimas:1", "FARC-EP", "B:1:48 PERSECUCIÓN POLÍTICA:RAPTO;  D:1:706 PERSONAS:COLECTIVO AMENAZADO"
"2006-07-14", "GUAVIARE / SAN JOSÉ DEL GUAVIARE", "CARLOS BELTRÁN PEÑA  D73; FAMILIA BELTRAN CORTEZ () Víctimas:1", "FARC-EP", "D:1:73 PERSONAS:AMENAZA;  D:1:903 PERSONAS:DESPLAZAMIENTO FORZADO;  D:2:80 OBJETIVOS, MÉTODOS Y MÉDIOS ILÍCITOS:BIENES CIVILES"
"2006-08-25", "GUAVIARE / SAN JOSÉ DEL GUAVIARE", "HOLMÁN SNEIDER RAMÍREZ  B48 Víctimas:1", "SIN INFORMACIÓN", "B:1:48 PERSECUCIÓN POLÍTICA:RAPTO"
"2006-08-26", "GUAVIARE / SAN JOSÉ DEL GUAVIARE", "SONIA BARRETO  (1978) D701; MIGUEL ROJAS  (1976) D701; N N D73; FAMILIA DESPLAZADA (4) Víctimas:3", "FARC-EP", "D:1:73 PERSONAS:AMENAZA;  D:1:701 PERSONAS:HOMICIDIO INTENCIONAL DE PERSONA PROTEGIDA;  D:1:903 PERSONAS:DESPLAZAMIENTO FORZADO;  D:3:902 MÉTODOS:CATEGORIA INEXISTENTE 902"
"2006-09-04", "GUAVIARE / SAN JOSÉ DEL GUAVIARE", "JAIRO RIAÑO VILLADA  D73 Víctimas:1", "FARC-EP", "D:1:73 PERSONAS:AMENAZA"
"2006-09-04", "GUAVIARE / SAN JOSÉ DEL GUAVIARE", "ÁNGEL MARÍA BARRETO  (1907) D701 Víctimas:1", "FARC-EP", "D:1:701 PERSONAS:HOMICIDIO INTENCIONAL DE PERSONA PROTEGIDA"
"2006-09-15", "GUAVIARE / SAN JOSÉ DEL GUAVIARE / PUERTO ARTURO", "ELSY TORRES ROJAS  A15; D73; FAMILIA TORRES () Víctimas:1", "EJERCITO", "A:1:15 PERSECUCIÓN POLÍTICA:AMENAZA;  A:1:102 PERSECUCIÓN POLÍTICA:DESPLAZAMIENTO FORZADO;  D:1:73 PERSONAS:AMENAZA;  D:1:903 PERSONAS:DESPLAZAMIENTO FORZADO;  D:2:80 OBJETIVOS, MÉTODOS Y MÉDIOS ILÍCITOS:BIENES CIVILES"
"2006-09-15", "GUAVIARE / SAN JOSÉ DEL GUAVIARE", "N CHAPARRO UNDA  D73; FAMILIA CHAPARRO UNDA () Víctimas:1", "FARC-EP", "D:1:73 PERSONAS:AMENAZA;  D:1:903 PERSONAS:DESPLAZAMIENTO FORZADO"
"2006-09-20", "GUAVIARE / SAN JOSÉ DEL GUAVIARE / EL CAPRICHO", "N. López  D73; FAMILIA LOPEZ ROLDAN (5) Víctimas:1", "FARC-EP", "D:1:73 PERSONAS:AMENAZA;  D:1:903 PERSONAS:DESPLAZAMIENTO FORZADO"
"2006-09-28", "GUAVIARE / SAN JOSÉ DEL GUAVIARE", "EDWIN FERNANDO AGUIRRE ZAMUDIO (1986) B48; LUIS FERNANDO AGUIRRE PALACIOS (1957) B48; DANILO IVAN AGUIRRE ZAMUDIO (1979) B48; CARLOS ORLANDO BENAVIDEZ URIBE (1957) B48 Víctimas:4", "FARC-EP", "B:1:48 PERSECUCIÓN POLÍTICA:RAPTO"
"2006-11-21", "GUAVIARE / EL RETORNO", "GUILLERMO PALACIO D701; JOSE FRANCISCO PALACIO D701 Víctimas:2", "FARC-EP", "D:1:701 PERSONAS:HOMICIDIO INTENCIONAL DE PERSONA PROTEGIDA"
"2007-02-02", "GUAVIARE / SAN JOSÉ DEL GUAVIARE / SAN JOSE DEL GUAVIARE", "HUGO DANIEL BARRETO  (1984) A10; D701 Víctimas:1", "PARAMILITARES", "A:1:10 PERSECUCIÓN POLÍTICA:EJECUCIÓN EXTRAJUDICIAL;  D:1:701 PERSONAS:HOMICIDIO INTENCIONAL DE PERSONA PROTEGIDA"
"2007-02-16", "GUAVIARE / EL RETORNO", "OSCAR ENRIQUE CAMPO  (1981) A10; D701; ABEL GONZALEZ  (1981) A10; D701 Víctimas:2", "EJERCITO", "A:1:10 PERSECUCIÓN POLÍTICA:EJECUCIÓN EXTRAJUDICIAL;  D:1:701 PERSONAS:HOMICIDIO INTENCIONAL DE PERSONA PROTEGIDA"
"2007-02-20", "GUAVIARE / SAN JOSÉ DEL GUAVIARE", "JARNES CATON  (1998) D98; LUZ MERY CATON  (1987) D98; FABER CAMAJARCA  (2000) D98; ANDRES CATON  (2006) D98; FERNANDO GOMEZ  (1984) D98; ALEXANDER N.  (1997) D98; JAZMIN CARDONA  (1965) D98; JAZMIN CARDONA  (2007) D98; DANILO CATON  (1984) D98; MONICA ZARATE  (2005) D98; NEIBER ZARATE  D98; DUBERNEY RODRIGUEZ  (1989) D98; EMERLINDA NAVARRO  (1989) D98; VIVIANA GUAYABERO  (1965) D98; ERMINIA MORENO  (1963) D98; MAIRA CATON  (1996) D98 Víctimas:16", "EJERCITO", "D:1:98 PERSONAS:LESIÓN POR OBJETIVOS, MÉTODOS Y MEDIOS ILÍCITOS"
"2007-03-05", "GUAVIARE / EL RETORNO / EL UNILLA", "ARNULFO RIVERA BERNAL  (1979) D701 Víctimas:1", "FARC-EP", "D:1:701 PERSONAS:HOMICIDIO INTENCIONAL DE PERSONA PROTEGIDA"
"2007-03-29", "GUAVIARE / SAN JOSÉ DEL GUAVIARE", "MANUEL ANTONIO MORALES BONILLA (1978) A10; A11; A14; DELFIN SARMIENTO A10; A11; A14 Víctimas:2", "EJERCITO", "A:1:10 PERSECUCIÓN POLÍTICA:EJECUCIÓN EXTRAJUDICIAL;  A:1:11 PERSECUCIÓN POLÍTICA:DESAPARICIÓN FORZADA;  A:1:14 PERSECUCIÓN POLÍTICA:DETENCIÓN ARBITRARIA"
"2007-07-14", "GUAVIARE / EL RETORNO", "ALEXIS ARMANDO VANEGAS BEDOYA  (1983) A10; D701 Víctimas:1", "PARAMILITARES", "A:1:10 PERSECUCIÓN POLÍTICA:EJECUCIÓN EXTRAJUDICIAL;  D:1:701 PERSONAS:HOMICIDIO INTENCIONAL DE PERSONA PROTEGIDA"
"2007-10-09", "GUAVIARE / MIRAFLORES", "ALDEMAR ROCERO VILLEGAS  (1988) D701; MARTHA N.  D701; N N (2003) D701 Víctimas:3", "FARC-EP", "D:1:701 PERSONAS:HOMICIDIO INTENCIONAL DE PERSONA PROTEGIDA"
"2007-10-15", "GUAVIARE / CALAMAR", "RICHAR JOANY MARINEZ DUARTE  (1979) A12; A14; A15; D72; D73 Víctimas:1", "POLICÍA", "A:1:12 PERSECUCIÓN POLÍTICA:TORTURA;  A:1:14 PERSECUCIÓN POLÍTICA:DETENCIÓN ARBITRARIA;  A:1:15 PERSECUCIÓN POLÍTICA:AMENAZA;  D:1:72 PERSONAS:TORTURA;  D:1:73 PERSONAS:AMENAZA"
"2007-11-17", "GUAVIARE / SAN JOSÉ DEL GUAVIARE", "JOSÉ ANTONIO ESQUIVEL  (1963) A15; D73; ALBEIRO ORTÍZ  A15; D73; CENELIA PINEDA  A15; D73; EDGAR ALEXANDER MORENO  A15; D73 Víctimas:4", "EJERCITO", "A:1:15 PERSECUCIÓN POLÍTICA:AMENAZA;  D:1:73 PERSONAS:AMENAZA;  D:3:95 MÉTODOS:CATEGORIA INEXISTENTE 95"
"2007-11-28", "GUAVIARE / SAN JOSÉ DEL GUAVIARE", "BERNARDO REY OSORIO A10 Víctimas:1", "PARAMILITARES", "A:1:10 PERSECUCIÓN POLÍTICA:EJECUCIÓN EXTRAJUDICIAL"
"2007-12-24", "GUAVIARE / MIRAFLORES / LAGOS DEL DORADO", "AGAPITO BELTRÁN  (1942) D701 Víctimas:1", "FARC-EP", "D:1:701 PERSONAS:HOMICIDIO INTENCIONAL DE PERSONA PROTEGIDA"
"2008-01-16", "GUAVIARE / SAN JOSÉ DEL GUAVIARE", "ROSARIO NEIRA  D73 Víctimas:1", "FARC-EP", "D:1:73 PERSONAS:AMENAZA"
"2008-01-20", "GUAVIARE / SAN JOSÉ DEL GUAVIARE", "MONICARO NUKAK  (1978) D701 Víctimas:1", "FARC-EP", "D:1:701 PERSONAS:HOMICIDIO INTENCIONAL DE PERSONA PROTEGIDA"
"2008-03-10", "GUAVIARE / MIRAFLORES / BARRANQUILLITA", "ABEL DE JESUS GONZALEZ SANCHEZ (1991) D76; N N D701; N N D701; N N D701 Víctimas:4", "FARC-EP", "D:1:76 PERSONAS:DESAPARICIÓN FORZADA;  D:1:701 PERSONAS:HOMICIDIO INTENCIONAL DE PERSONA PROTEGIDA"
"2008-06-13", "GUAVIARE / SAN JOSÉ DEL GUAVIARE / PUERTO NUEVO", "JOSÉ VICENTE NARVAEZ  A10; D701 Víctimas:1", "EJERCITO", "A:1:10 PERSECUCIÓN POLÍTICA:EJECUCIÓN EXTRAJUDICIAL;  D:1:701 PERSONAS:HOMICIDIO INTENCIONAL DE PERSONA PROTEGIDA"
"2008-06-13", "GUAVIARE / SAN JOSÉ DEL GUAVIARE / PUERTO NUEVO", "JOSÉ VICENTE NARVAEZ  D78 Víctimas:1", "FARC-EP", "D:1:78 PERSONAS:ESCUDO INDIVIDUAL"
"2008-07-10", "GUAVIARE / SAN JOSÉ DEL GUAVIARE", "N N (1992) D75; N N D75 Víctimas:2", "FARC-EP", "D:1:75 PERSONAS:RECLUTAMIENTO DE MENORES"
"2008-07-14", "GUAVIARE / MIRAFLORES / BARRANQUILLITA", "N N D701; N N D701; N N D701; N N D701; N N D701; N N D701 Víctimas:6", "FARC-EP", "D:1:701 PERSONAS:HOMICIDIO INTENCIONAL DE PERSONA PROTEGIDA"
"2008-07-17", "GUAVIARE / SAN JOSÉ DEL GUAVIARE", "ISRAEL GONZÁLEZ  (1991) D701 Víctimas:1", "FARC-EP", "D:1:701 PERSONAS:HOMICIDIO INTENCIONAL DE PERSONA PROTEGIDA"
"2008-09-28", "GUAVIARE / SAN JOSÉ DEL GUAVIARE", "MARÍA CRISTINA MARTÍNEZ MELÉNDEZ  (1992) D97; PATRICIA MENDOZA MARTÍNEZ  (2007) D97 Víctimas:2", "FARC-EP", "D:1:97 PERSONAS:MUERTO POR OBJETIVOS, MÉTODOS Y MEDIOS ILÍCITOS;  D:3:93 MÉTODOS:CATEGORIA INEXISTENTE 93"
"2008-09-28", "GUAVIARE / SAN JOSÉ DEL GUAVIARE", "ARLEY PERDOMO ARRIGUI (1978) B40 Víctimas:1", "SIN INFORMACIÓN", "B:1:40 PERSECUCIÓN POLÍTICA:ASESINATO"
"2008-10-07", "GUAVIARE / SAN JOSÉ DEL GUAVIARE", "LEIDY PAOLA MENDEZ  (1988) D701 Víctimas:1", "FARC-EP", "D:1:701 PERSONAS:HOMICIDIO INTENCIONAL DE PERSONA PROTEGIDA"
"2008-11-09", "GUAVIARE / SAN JOSÉ DEL GUAVIARE", "GUILLERMO CASTAÑEDA VILLAMIL  (1979) D701; N N D701 Víctimas:2", "FARC-EP", "D:1:701 PERSONAS:HOMICIDIO INTENCIONAL DE PERSONA PROTEGIDA"
"2008-11-19", "GUAVIARE / SAN JOSÉ DEL GUAVIARE / TOMACHIPÁN", "JHON FAIVER CÁRDENAS TORO  (1986) D72; D701 Víctimas:1", "FARC-EP", "D:1:72 PERSONAS:TORTURA;  D:1:701 PERSONAS:HOMICIDIO INTENCIONAL DE PERSONA PROTEGIDA"
"2008-12-08", "GUAVIARE / SAN JOSÉ DEL GUAVIARE", " Víctimas:0", "FARC-EP", "D:2:80 OBJETIVOS, MÉTODOS Y MÉDIOS ILÍCITOS:BIENES CIVILES;  D:2:89 OBJETIVOS, MÉTODOS Y MÉDIOS ILÍCITOS:ESTRUCTURA VIAL"
"2008-12-17", "GUAVIARE / SAN JOSÉ DEL GUAVIARE / LA CARPA", "ELVER GONZÁLEZ  (1976) D98 Víctimas:1", "FARC-EP", "D:1:98 PERSONAS:LESIÓN POR OBJETIVOS, MÉTODOS Y MEDIOS ILÍCITOS;  D:3:93 MÉTODOS:CATEGORIA INEXISTENTE 93"
"2008-12-20", "GUAVIARE / EL RETORNO", "N.N.  A10; D701; N.N.  A13; D702 Víctimas:2", "EJERCITO", "A:1:10 PERSECUCIÓN POLÍTICA:EJECUCIÓN EXTRAJUDICIAL;  A:1:13 PERSECUCIÓN POLÍTICA:LESIÓN FÍSICA;  D:1:701 PERSONAS:HOMICIDIO INTENCIONAL DE PERSONA PROTEGIDA;  D:1:702 PERSONAS:LESIÓN A PERSONA PROTEGIDA"
"2008-12-21", "GUAVIARE / EL RETORNO", "RUSBER ALEXANDER CASTRO LOPEZ  (1991) A20; JILMER ALEXANDER MORA LOPEZ  A23 Víctimas:2", "EJERCITO", "A:2:20 ABUSO DE AUTORIDAD:EJECUCIÓN EXTRAJUDICIAL;  A:2:23 ABUSO DE AUTORIDAD:LESIÓN FÍSICA"
"2008-12-26", "GUAVIARE / SAN JOSÉ DEL GUAVIARE / EL CAPRICHO", "PEDRO ZANABRIA  (1965) D701; ROSA RIAÑO  (1965) D72; D701 Víctimas:2", "FARC-EP", "D:1:72 PERSONAS:TORTURA;  D:1:701 PERSONAS:HOMICIDIO INTENCIONAL DE PERSONA PROTEGIDA"
"2009-02-11", "GUAVIARE / SAN JOSÉ DEL GUAVIARE / CACHICAMO", "JHONIER ESTIVEN ARCO LOPEZ  (1997) D78; D704; EVERNEY FORERO SUÁREZ  (1997) D78; D704; ANDREA JHOANA ATEORTUA ZAPATA  (1996) D78; D704 Víctimas:3", "EJERCITO. FARC-EP", "D:1:78 PERSONAS:ESCUDO INDIVIDUAL;  D:1:704 PERSONAS:LESIÓN A CIVILES EN ACCIÓN BÉLICA;  D:1:904 PERSONAS:COLECTIVO ESCUDO;  D:2:80 OBJETIVOS, MÉTODOS Y MÉDIOS ILÍCITOS:BIENES CIVILES;  D:3:90 MÉTODOS:CATEGORIA INEXISTENTE 90"
"2009-02-20", "GUAVIARE / SAN JOSÉ DEL GUAVIARE / SAN JOSE DEL GUAVIARE", "RENTERÍA N.  A30 Víctimas:1", "PARAMILITARES", "A:3:30 INTOLERANCIA SOCIAL:EJECUCIÓN EXTRAJUDICIAL"
"2009-05-01", "GUAVIARE / CALAMAR", "WILLIAM BELTRAN A10; D701 Víctimas:1", "PARAMILITARES", "A:1:10 PERSECUCIÓN POLÍTICA:EJECUCIÓN EXTRAJUDICIAL;  D:1:701 PERSONAS:HOMICIDIO INTENCIONAL DE PERSONA PROTEGIDA"
"2009-05-19", "GUAVIARE / EL RETORNO", "JHON FREDY CIFUENTES  A10; D701 Víctimas:1", "PARAMILITARES", "A:1:10 PERSECUCIÓN POLÍTICA:EJECUCIÓN EXTRAJUDICIAL;  D:1:701 PERSONAS:HOMICIDIO INTENCIONAL DE PERSONA PROTEGIDA"
"2009-06-01", "GUAVIARE / SAN JOSÉ DEL GUAVIARE", "MARÍA FONTECHE  D701 Víctimas:1", "FARC-EP", "D:1:701 PERSONAS:HOMICIDIO INTENCIONAL DE PERSONA PROTEGIDA"
"2009-06-09", "GUAVIARE / SAN JOSÉ DEL GUAVIARE", "MILLER JULIAN LUNA OSORIO (1992) A11 Víctimas:1", "PARAMILITARES", "A:1:11 PERSECUCIÓN POLÍTICA:DESAPARICIÓN FORZADA"
"2009-09-09", "GUAVIARE / SAN JOSÉ DEL GUAVIARE / CACHICAMO", "FERNEY ALDANA HERRAN  A10; D701; GONZALO BERNAL  A10; D701; GERMAN OSORIO  A10; D701; FELIX ANTONIO MUNERA  A13; D702; EDWIN GAONA MOSQUERA  A13; D702; GUILLERMO ORTÍZ  A16; MAURICIO GÓMEZ  A16; RAMIRO ATEHORTUA  A16; GUILLERMO CALDERÓN  A16; FLOR ÁNGELA HERNÁNDEZ  A16 Víctimas:10", "EJERCITO", "A:1:10 PERSECUCIÓN POLÍTICA:EJECUCIÓN EXTRAJUDICIAL;  A:1:13 PERSECUCIÓN POLÍTICA:LESIÓN FÍSICA;  A:1:16 PERSECUCIÓN POLÍTICA:ATENTADO;  D:1:701 PERSONAS:HOMICIDIO INTENCIONAL DE PERSONA PROTEGIDA;  D:1:702 PERSONAS:LESIÓN A PERSONA PROTEGIDA"
"2009-09-21", "GUAVIARE / SAN JOSÉ DEL GUAVIARE / EL CAPRICHO", "JUAN CAMACHO  D701 Víctimas:1", "FARC-EP", "D:1:701 PERSONAS:HOMICIDIO INTENCIONAL DE PERSONA PROTEGIDA"
"2009-10-10", "GUAVIARE / SAN JOSÉ DEL GUAVIARE", "JORGE LUIS GARCÍA CHAPARRO (1990) B48; N N B48; N N B48; N N B48; N N B48; N N B48; N N B48; N N B48; N N B48 Víctimas:9", "FARC-EP", "B:1:48 PERSECUCIÓN POLÍTICA:RAPTO"
"2009-10-14", "GUAVIARE / EL RETORNO", "OSCAR BURBANO  (1983) A11 Víctimas:1", "PARAMILITARES", "A:1:11 PERSECUCIÓN POLÍTICA:DESAPARICIÓN FORZADA"
"2009-10-24", "GUAVIARE / SAN JOSÉ DEL GUAVIARE", "&quot;EL ABUELO&quot;  (1979) A10; D701 Víctimas:1", "PARAMILITARES", "A:1:10 PERSECUCIÓN POLÍTICA:EJECUCIÓN EXTRAJUDICIAL;  D:1:701 PERSONAS:HOMICIDIO INTENCIONAL DE PERSONA PROTEGIDA"
"2009-11-05", "GUAVIARE / SAN JOSÉ DEL GUAVIARE", "JOSÉ ROSENDO PRADA (1961) B48; N PRADA A15; D73 Víctimas:2", "EJERCITO", "A:1:15 PERSECUCIÓN POLÍTICA:AMENAZA;  B:1:48 PERSECUCIÓN POLÍTICA:RAPTO;  D:1:73 PERSONAS:AMENAZA"
"2009-11-05", "GUAVIARE / SAN JOSÉ DEL GUAVIARE", "JOSE ROSENDO PRADA B48 Víctimas:1", "SIN INFORMACIÓN", "B:1:48 PERSECUCIÓN POLÍTICA:RAPTO"
"2010-01-27", "GUAVIARE / MIRAFLORES / BARRANQUILLITA", "JOSÉ HELÍ GAMBOA BENILLA A10; D701; HENRY LÓPEZ ROMERO A10; D701; N LOPEZ VALENZUELA (2009) A13; D702; MAGOLA VALENZUELA A15; D73; COLECTIVO CAMPESINO (); FAMILIA LOPEZ VALENZUELA () Víctimas:4", "EJERCITO", "A:1:10 PERSECUCIÓN POLÍTICA:EJECUCIÓN EXTRAJUDICIAL;  A:1:13 PERSECUCIÓN POLÍTICA:LESIÓN FÍSICA;  A:1:15 PERSECUCIÓN POLÍTICA:AMENAZA;  A:1:18 PERSECUCIÓN POLÍTICA:COLECTIVO AMENAZADO;  D:1:73 PERSONAS:AMENAZA;  D:1:701 PERSONAS:HOMICIDIO INTENCIONAL DE PERSONA PROTEGIDA;  D:1:702 PERSONAS:LESIÓN A PERSONA PROTEGIDA;  D:1:706 PERSONAS:COLECTIVO AMENAZADO"
"2010-01-31", "GUAVIARE / SAN JOSÉ DEL GUAVIARE", "N N A10; D701; POBLADORES VEREDA ACACIAS () Víctimas:1", "PARAMILITARES", "A:1:10 PERSECUCIÓN POLÍTICA:EJECUCIÓN EXTRAJUDICIAL;  A:1:18 PERSECUCIÓN POLÍTICA:COLECTIVO AMENAZADO;  D:1:701 PERSONAS:HOMICIDIO INTENCIONAL DE PERSONA PROTEGIDA;  D:1:706 PERSONAS:COLECTIVO AMENAZADO;  D:3:95 MÉTODOS:CATEGORIA INEXISTENTE 95"
"2010-02-14", "GUAVIARE / SAN JOSÉ DEL GUAVIARE", "JOSÉ ALBERTO PÉREZ RESTREPO D703; HÉCTOR GUTIÉRREZ D703; N N D704; N N D704 Víctimas:4", "FARC-EP", "D:1:703 PERSONAS:CIVIL MUERTO EN ACCIÓN BÉLICA;  D:1:704 PERSONAS:LESIÓN A CIVILES EN ACCIÓN BÉLICA;  D:2:80 OBJETIVOS, MÉTODOS Y MÉDIOS ILÍCITOS:BIENES CIVILES"
"2010-02-15", "GUAVIARE / SAN JOSÉ DEL GUAVIARE", "CLAUDIO ESCOBAR LEON (1965) B40 Víctimas:1", "SIN INFORMACIÓN", "B:1:40 PERSECUCIÓN POLÍTICA:ASESINATO"
"2010-02-15", "GUAVIARE / SAN JOSÉ DEL GUAVIARE", "JOSE DUMAR MARCIAN GARCIA (1987) A11 Víctimas:1", "PARAMILITARES", "A:1:11 PERSECUCIÓN POLÍTICA:DESAPARICIÓN FORZADA"
"2010-02-16", "GUAVIARE / SAN JOSÉ DEL GUAVIARE", "JHON FRANCINEL BELTRAN OCAMPO (1978) A10; D701 Víctimas:1", "PARAMILITARES", "A:1:10 PERSECUCIÓN POLÍTICA:EJECUCIÓN EXTRAJUDICIAL;  D:1:701 PERSONAS:HOMICIDIO INTENCIONAL DE PERSONA PROTEGIDA"
"2010-02-17", "GUAVIARE / SAN JOSÉ DEL GUAVIARE / CACHICAMO", "POBLADORES PUERTO CACHICAMO (200) Víctimas:0", "EJERCITO", "A:1:18 PERSECUCIÓN POLÍTICA:COLECTIVO AMENAZADO;  D:1:706 PERSONAS:COLECTIVO AMENAZADO"
"2010-02-17", "GUAVIARE / SAN JOSÉ DEL GUAVIARE", "MARIBEL REY TIRADO (1979) B40 Víctimas:1", "SIN INFORMACIÓN", "B:1:40 PERSECUCIÓN POLÍTICA:ASESINATO"
"2010-03-15", "GUAVIARE / SAN JOSÉ DEL GUAVIARE", "PERSONA SIN IDENTIFICAR  A10; D701; N CAMPESINO A25 Víctimas:2", "PARAMILITARES", "A:1:10 PERSECUCIÓN POLÍTICA:EJECUCIÓN EXTRAJUDICIAL;  A:2:25 ABUSO DE AUTORIDAD:AMENAZA;  D:1:701 PERSONAS:HOMICIDIO INTENCIONAL DE PERSONA PROTEGIDA"
"2010-04-16", "GUAVIARE / SAN JOSÉ DEL GUAVIARE", "ORTIMIO SEGURA SUAREZ (1995) D75 Víctimas:1", "FARC-EP", "D:1:75 PERSONAS:RECLUTAMIENTO DE MENORES"
"2010-05-30", "GUAVIARE / MIRAFLORES", "JOSÉ VERA D701; HUGO ARTURO ROA D701 Víctimas:2", "FARC-EP", "D:1:701 PERSONAS:HOMICIDIO INTENCIONAL DE PERSONA PROTEGIDA"
"2010-06-27", "GUAVIARE / SAN JOSÉ DEL GUAVIARE", "NEIDER YAMID ARAGÓN A10; D701; YASBLEY HERNÁNDEZ (1996) A10; D701 Víctimas:2", "PARAMILITARES", "A:1:10 PERSECUCIÓN POLÍTICA:EJECUCIÓN EXTRAJUDICIAL;  D:1:701 PERSONAS:HOMICIDIO INTENCIONAL DE PERSONA PROTEGIDA"
"2010-09-02", "GUAVIARE / EL RETORNO", "MANUEL ANTONIO QUEVEDO (1975) B48; ERIKA N (1985) B48 Víctimas:2", "FARC-EP", "B:1:48 PERSECUCIÓN POLÍTICA:RAPTO"
"2011-01-08", "GUAVIARE / CALAMAR", "JEISON CAMILO GONZÁLEZ GALLEGO (1985) A10; D701 Víctimas:1", "PARAMILITARES", "A:1:10 PERSECUCIÓN POLÍTICA:EJECUCIÓN EXTRAJUDICIAL;  D:1:701 PERSONAS:HOMICIDIO INTENCIONAL DE PERSONA PROTEGIDA"
"2011-01-13", "GUAVIARE / EL RETORNO", "JULIO BONILLA (1969) D701 Víctimas:1", "FARC-EP", "D:1:701 PERSONAS:HOMICIDIO INTENCIONAL DE PERSONA PROTEGIDA"
"2011-05-25", "GUAVIARE / SAN JOSÉ DEL GUAVIARE / CHARRAS", "N REYES A10; D701 Víctimas:1", "PARAMILITARES", "A:1:10 PERSECUCIÓN POLÍTICA:EJECUCIÓN EXTRAJUDICIAL;  D:1:701 PERSONAS:HOMICIDIO INTENCIONAL DE PERSONA PROTEGIDA"
"2011-06-16", "GUAVIARE / SAN JOSÉ DEL GUAVIARE", "N N (1996) D73; FAMILIA VEREDA LA PRIMAVERA () Víctimas:1", "FARC-EP", "D:1:73 PERSONAS:AMENAZA;  D:1:706 PERSONAS:COLECTIVO AMENAZADO;  D:1:903 PERSONAS:DESPLAZAMIENTO FORZADO"
"2011-06-19", "GUAVIARE / SAN JOSÉ DEL GUAVIARE", "N N (1984) B45; B47 Víctimas:1", "SIN INFORMACIÓN", "B:1:45 PERSECUCIÓN POLÍTICA:AMENAZA;  B:1:47 PERSECUCIÓN POLÍTICA:TORTURA"
"2011-07-06", "GUAVIARE / SAN JOSÉ DEL GUAVIARE", "N N D73; N N D73; FAMILIA VEREDA VACATTI () Víctimas:2", "FARC-EP", "D:1:73 PERSONAS:AMENAZA;  D:1:706 PERSONAS:COLECTIVO AMENAZADO;  D:1:903 PERSONAS:DESPLAZAMIENTO FORZADO;  D:3:902 MÉTODOS:CATEGORIA INEXISTENTE 902"
"2011-07-24", "GUAVIARE / SAN JOSÉ DEL GUAVIARE / PUERTO NUEVO", "YESID ALBEIRO HERRERA BEDOYA (1978) B48 Víctimas:1", "FARC-EP", "B:1:48 PERSECUCIÓN POLÍTICA:RAPTO"
"2011-08-03", "GUAVIARE / SAN JOSÉ DEL GUAVIARE / MOCUARE", " Víctimas:0", "FARC-EP", "D:3:95 MÉTODOS:CATEGORIA INEXISTENTE 95;  D:3:707 MÉTODOS:CATEGORIA INEXISTENTE 707"
"2011-09-12", "GUAVIARE / SAN JOSÉ DEL GUAVIARE", "N N (1995) A35 Víctimas:1", "PARAMILITARES", "A:3:35 INTOLERANCIA SOCIAL:AMENAZA"
"2011-09-29", "GUAVIARE / SAN JOSÉ DEL GUAVIARE", "N N (1978) D73; D72; FAMILIA VEREDA LA ESMERALDA (4) Víctimas:1", "FARC-EP", "A:1:102 PERSECUCIÓN POLÍTICA:DESPLAZAMIENTO FORZADO;  D:1:72 PERSONAS:TORTURA;  D:1:73 PERSONAS:AMENAZA;  D:1:903 PERSONAS:DESPLAZAMIENTO FORZADO;  D:3:902 MÉTODOS:CATEGORIA INEXISTENTE 902"
"2011-10-19", "GUAVIARE / SAN JOSÉ DEL GUAVIARE", "POBLADORES VEREDA EL TIGRE () Víctimas:0", "ARMADA", "A:1:18 PERSECUCIÓN POLÍTICA:COLECTIVO AMENAZADO;  A:1:104 PERSECUCIÓN POLÍTICA:CONFINAMIENTO COLECTIVO;  D:1:706 PERSONAS:COLECTIVO AMENAZADO;  D:1:906 PERSONAS:CONFINAMIENTO COLECTIVO;  D:2:86 OBJETIVOS, MÉTODOS Y MÉDIOS ILÍCITOS:HAMBRE COMO MÉTODO DE GUERRA"
"2011-12-01", "GUAVIARE / SAN JOSÉ DEL GUAVIARE", "N N (1972) B41; B47 Víctimas:1", "FARC-EP", "B:1:41 PERSECUCIÓN POLÍTICA:SECUESTRO;  B:1:47 PERSECUCIÓN POLÍTICA:TORTURA"
"2011-12-05", "GUAVIARE / MIRAFLORES", "N N D72; D701; N N D72; D701; N N D77; D771; N N D77; D771 Víctimas:4", "FARC-EP", "D:1:72 PERSONAS:TORTURA;  D:1:77 PERSONAS:VIOLENCIA SEXUAL;  D:1:701 PERSONAS:HOMICIDIO INTENCIONAL DE PERSONA PROTEGIDA;  D:1:771 PERSONAS:VIOLACIÓN"
"2011-12-07", "GUAVIARE / SAN JOSÉ DEL GUAVIARE", "VICENTE NARVAEZ (1980) A10; D701; A12; D72; FAMILIA NARVAEZ (3) Víctimas:1", "PARAMILITARES", "A:1:10 PERSECUCIÓN POLÍTICA:EJECUCIÓN EXTRAJUDICIAL;  A:1:12 PERSECUCIÓN POLÍTICA:TORTURA;  A:1:18 PERSECUCIÓN POLÍTICA:COLECTIVO AMENAZADO;  A:1:102 PERSECUCIÓN POLÍTICA:DESPLAZAMIENTO FORZADO;  D:1:72 PERSONAS:TORTURA;  D:1:701 PERSONAS:HOMICIDIO INTENCIONAL DE PERSONA PROTEGIDA;  D:1:706 PERSONAS:COLECTIVO AMENAZADO;  D:1:903 PERSONAS:DESPLAZAMIENTO FORZADO;  D:3:902 MÉTODOS:CATEGORIA INEXISTENTE 902"
"2011-12-09", "GUAVIARE / CALAMAR", "LUIS EDUARDO FLOREZ (1966) A11; MARIA DEL CARMEN BUSTOS (1970) A11 Víctimas:2", "PARAMILITARES", "A:1:11 PERSECUCIÓN POLÍTICA:DESAPARICIÓN FORZADA"
"2011-12-15", "GUAVIARE / SAN JOSÉ DEL GUAVIARE", "N N (1990) D73 Víctimas:1", "FARC-EP", "D:1:73 PERSONAS:AMENAZA"
"2011-12-17", "GUAVIARE / SAN JOSÉ DEL GUAVIARE", "N N (1995) D73; N N D73 Víctimas:2", "PARAMILITARES", "D:1:73 PERSONAS:AMENAZA"
"2011-12-20", "GUAVIARE / EL RETORNO", "N N (1997) D75 Víctimas:1", "FARC-EP", "D:1:75 PERSONAS:RECLUTAMIENTO DE MENORES"
"2012-01-23", "GUAVIARE / SAN JOSÉ DEL GUAVIARE", "N N D73; N N D73 Víctimas:2", "FARC-EP", "D:1:73 PERSONAS:AMENAZA;  D:3:707 MÉTODOS:CATEGORIA INEXISTENTE 707"
"2012-02-03", "GUAVIARE / MIRAFLORES", "EMILIO DELGADO D701 Víctimas:1", "FARC-EP", "D:1:701 PERSONAS:HOMICIDIO INTENCIONAL DE PERSONA PROTEGIDA"
"2012-03-31", "GUAVIARE / SAN JOSÉ DEL GUAVIARE", "JOSÉ ALMIDAS CAMPOS GUTIÉRREZ (1972) D701 Víctimas:1", "FARC-EP", "D:1:701 PERSONAS:HOMICIDIO INTENCIONAL DE PERSONA PROTEGIDA"
"2012-04-27", "GUAVIARE / SAN JOSÉ DEL GUAVIARE / SAN JOSE DEL GUAVIARE", "JARON FABIAN VASQUEZ (1995) A10; D701 Víctimas:1", "PARAMILITARES", "A:1:10 PERSECUCIÓN POLÍTICA:EJECUCIÓN EXTRAJUDICIAL;  D:1:701 PERSONAS:HOMICIDIO INTENCIONAL DE PERSONA PROTEGIDA"
"2012-06-15", "GUAVIARE / CALAMAR", "FABIAN ANTONIO MARTINEZ ROJAS (1998) D75; D76 Víctimas:1", "FARC-EP", "D:1:75 PERSONAS:RECLUTAMIENTO DE MENORES;  D:1:76 PERSONAS:DESAPARICIÓN FORZADA"
"2012-07-08", "GUAVIARE / SAN JOSÉ DEL GUAVIARE", "PERSONA SIN IDENTIFICAR  (1996) D701 Víctimas:1", "FARC-EP", "D:1:701 PERSONAS:HOMICIDIO INTENCIONAL DE PERSONA PROTEGIDA"
"2012-10-25", "GUAVIARE / SAN JOSÉ DEL GUAVIARE", "MARIA EDITH PALACIOS PINEROS (1984) D98; ÓSCAR ROPERO VIDAL (1987) D98; MARIA ALEJANDRA SERNA DIAZ (1993) D98; JAIME BELTRAN (1981) D98; MONICA TATIANA RODRIGUEZ VANEGAS (2008) D98; JANETH VANEGAS MELO (1980) D98; ADRIANA RINCON (1977) D98; MARIA DEL ROSARIO ARIZA BARRERA (1953) D98; LIDA SUSANA DOMINGUEZ (1986) D98 Víctimas:9", "FARC-EP", "D:1:98 PERSONAS:LESIÓN POR OBJETIVOS, MÉTODOS Y MEDIOS ILÍCITOS;  D:3:93 MÉTODOS:CATEGORIA INEXISTENTE 93"
"2013-06-20", "GUAVIARE / EL RETORNO", "KEVIN SCOTT SUTAY B41 Víctimas:1", "FARC-EP", "B:1:41 PERSECUCIÓN POLÍTICA:SECUESTRO"
"2013-07-22", "GUAVIARE / MIRAFLORES", "LEOPOLDO CASTAÑEDA NIÑO (1948) A11 Víctimas:1", "EJERCITO", "A:1:11 PERSECUCIÓN POLÍTICA:DESAPARICIÓN FORZADA"
"2013-10-28", "GUAVIARE / SAN JOSÉ DEL GUAVIARE", "FREDY DARIO MARTINEZ (1981) A10; A12; D72; D701 Víctimas:1", "EJERCITO", "A:1:10 PERSECUCIÓN POLÍTICA:EJECUCIÓN EXTRAJUDICIAL;  A:1:12 PERSECUCIÓN POLÍTICA:TORTURA;  D:1:72 PERSONAS:TORTURA;  D:1:701 PERSONAS:HOMICIDIO INTENCIONAL DE PERSONA PROTEGIDA"
"2013-12-20", "GUAVIARE / SAN JOSÉ DEL GUAVIARE", "ERIKA ALEJANDRA LONDOÑO RESTREPO B45; GUSTAVO CHICANGANA ALVAREZ B45; JORGE RAMIREZ B45 Víctimas:3", "SIN INFORMACIÓN", "B:1:45 PERSECUCIÓN POLÍTICA:AMENAZA"
"2015-02-27", "GUAVIARE / SAN JOSÉ DEL GUAVIARE", "RICARDO MOLINA VARGAS (1967) B40 Víctimas:1", "SIN INFORMACIÓN", "B:1:40 PERSECUCIÓN POLÍTICA:ASESINATO"
"2015-06-15", "GUAVIARE / MIRAFLORES", "INGRID PINILLA ESPITIA A14; A15; D73 Víctimas:1", "EJERCITO", "A:1:14 PERSECUCIÓN POLÍTICA:DETENCIÓN ARBITRARIA;  A:1:15 PERSECUCIÓN POLÍTICA:AMENAZA;  D:1:73 PERSONAS:AMENAZA"
"2015-12-28", "GUAVIARE / SAN JOSÉ DEL GUAVIARE", "JULIAN BONILLA ARAGON B40 Víctimas:1", "SIN INFORMACIÓN", "B:1:40 PERSECUCIÓN POLÍTICA:ASESINATO"
"2016-08-11", "GUAVIARE / CALAMAR / CALAMAR", "N N D704; N N D704 Víctimas:2", "FARC-EP", "D:1:704 PERSONAS:LESIÓN A CIVILES EN ACCIÓN BÉLICA"
"2016-09-30", "GUAVIARE / SAN JOSÉ DEL GUAVIARE", "GILBERTO HERNANDEZ SANCHEZ B40 Víctimas:1", "SIN INFORMACIÓN", "B:1:40 PERSECUCIÓN POLÍTICA:ASESINATO"
"2017-01-30", "GUAVIARE / CALAMAR", "BRAYAN STIVEN MURCIA MUÑOZ (1998) B40 Víctimas:1", "SIN INFORMACIÓN", "B:1:40 PERSECUCIÓN POLÍTICA:ASESINATO"
"2017-03-08", "GUAVIARE / EL RETORNO; GUAVIARE / EL RETORNO; GUAVIARE / MIRAFLORES; GUAVIARE / SAN JOSÉ DEL GUAVIARE", "COMITÉ INTERNACIONAL DE LA CRUZ ROJA, CICR (); DEFENSORÍA DEL PUEBLO (); PESCADORES DEL GUAVIARE () Víctimas:0", "GUERRILLA", "D:1:706 PERSONAS:COLECTIVO AMENAZADO;  D:2:709 OBJETIVOS, MÉTODOS Y MÉDIOS ILÍCITOS:MISIÓN HUMANITARIA"
"2017-04-13", "GUAVIARE / CALAMAR", "HUGO JAVIER CARRILLO D98; MAICOL ERNESTO TORRES BALLESTEROS D98 Víctimas:2", "GUERRILLA", "D:1:98 PERSONAS:LESIÓN POR OBJETIVOS, MÉTODOS Y MEDIOS ILÍCITOS;  D:2:93 OBJETIVOS, MÉTODOS Y MÉDIOS ILÍCITOS:EMPLEO ILÍCITO DE ARMAS DE USO RESTRINGIDO"
"2017-05-01", "GUAVIARE / MIRAFLORES / BARRANQUILLITA", "ARLEY LÓPEZ B41 Víctimas:1", "GUERRILLA", "B:1:41 PERSECUCIÓN POLÍTICA:SECUESTRO"
"2017-07-09", "GUAVIARE / SAN JOSÉ DEL GUAVIARE / EL CAPRICHO", "N N D704; N N D704; N N (2001) D704; N N D704 Víctimas:4", "GUERRILLA", "D:1:704 PERSONAS:LESIÓN A CIVILES EN ACCIÓN BÉLICA"
"2017-08-05", "GUAVIARE / SAN JOSÉ DEL GUAVIARE", "GILBERTO AGUIRRE (1975) B40 Víctimas:1", "SIN INFORMACIÓN", "B:1:40 PERSECUCIÓN POLÍTICA:ASESINATO"
"2017-09-10", "GUAVIARE / MIRAFLORES / BARRANQUILLITA", "IVÁN TORRES ACOSTA (1995) D701; HABITANTES DE BARRANQUILLITA  () Víctimas:1", "GUERRILLA", "D:1:701 PERSONAS:HOMICIDIO INTENCIONAL DE PERSONA PROTEGIDA;  D:1:706 PERSONAS:COLECTIVO AMENAZADO"
"2017-10-03", "GUAVIARE / SAN JOSÉ DEL GUAVIARE / EL CAPRICHO", "JIMMY HUMBERTO MEDINA TRUJILLO (1985) B40 Víctimas:1", "SIN INFORMACIÓN", "B:1:40 PERSECUCIÓN POLÍTICA:ASESINATO"
"2017-10-21", "GUAVIARE / EL RETORNO", "CRISTIAN VASQUEZ AVILA D98; FREDDY ECHEVERRY D98 Víctimas:2", "COMBATIENTES", "D:1:98 PERSONAS:LESIÓN POR OBJETIVOS, MÉTODOS Y MEDIOS ILÍCITOS;  D:2:93 OBJETIVOS, MÉTODOS Y MÉDIOS ILÍCITOS:EMPLEO ILÍCITO DE ARMAS DE USO RESTRINGIDO"
"2017-10-21", "GUAVIARE / CALAMAR", "HECTOR MANUEL PINZON MARTINEZ (1966) D73 Víctimas:1", "GUERRILLA", "D:1:73 PERSONAS:AMENAZA"
"2018-01-31", "GUAVIARE / SAN JOSÉ DEL GUAVIARE", "N N D72; INDIGENAS DE LA ETNIA JIW (75) Víctimas:1", "GUERRILLA", "D:1:72 PERSONAS:TORTURA;  D:1:706 PERSONAS:COLECTIVO AMENAZADO;  D:1:903 PERSONAS:DESPLAZAMIENTO FORZADO"
"2018-04-09", "GUAVIARE / SAN JOSÉ DEL GUAVIARE / GUACAMAYAS", "YOBANY VELASCO ARIZA B40 Víctimas:1", "SIN INFORMACIÓN", "B:1:40 PERSECUCIÓN POLÍTICA:ASESINATO"
"2018-08-13", "GUAVIARE / CALAMAR", "JORGE ELIECER ROA PATIÑO B40 Víctimas:1", "SIN INFORMACIÓN", "B:1:40 PERSECUCIÓN POLÍTICA:ASESINATO"
"2018-08-13", "GUAVIARE / CALAMAR", "JOSE JAIME WALTEROS (1981) D701 Víctimas:1", "GUERRILLA", "D:1:701 PERSONAS:HOMICIDIO INTENCIONAL DE PERSONA PROTEGIDA"
"2018-09-15", "GUAVIARE / EL RETORNO", "LEONARDO GONZALEZ (1968) D98 Víctimas:1", "COMBATIENTES", "D:1:98 PERSONAS:LESIÓN POR OBJETIVOS, MÉTODOS Y MEDIOS ILÍCITOS;  D:2:93 OBJETIVOS, MÉTODOS Y MÉDIOS ILÍCITOS:EMPLEO ILÍCITO DE ARMAS DE USO RESTRINGIDO"
"2018-09-17", "GUAVIARE / SAN JOSÉ DEL GUAVIARE", "EDILSON JACOME TRUJILLO (1982) A22; A23; A25 Víctimas:1", "POLICÍA", "A:2:22 ABUSO DE AUTORIDAD:TORTURA;  A:2:23 ABUSO DE AUTORIDAD:LESIÓN FÍSICA;  A:2:25 ABUSO DE AUTORIDAD:AMENAZA"
"2018-10-07", "GUAVIARE / SAN JOSÉ DEL GUAVIARE / CACHICAMO", "JHON FREDY DURANGO ACOSTA B40 Víctimas:1", "SIN INFORMACIÓN", "B:1:40 PERSECUCIÓN POLÍTICA:ASESINATO"
"2018-10-18", "GUAVIARE / SAN JOSÉ DEL GUAVIARE", "JENNIFER LHISETH CASTAÑEDA COBO A15; POBLADORES EL PROGRESO () Víctimas:1", "EJERCITO", "A:1:15 PERSECUCIÓN POLÍTICA:AMENAZA;  A:1:18 PERSECUCIÓN POLÍTICA:COLECTIVO AMENAZADO;  D:2:80 OBJETIVOS, MÉTODOS Y MÉDIOS ILÍCITOS:BIENES CIVILES"
"2018-11-02", "GUAVIARE / SAN JOSÉ DEL GUAVIARE / CACHICAMO", "FERMIN OVIEDO A15; POBLADORES CACHICAMO () Víctimas:1", "EJERCITO", "A:1:15 PERSECUCIÓN POLÍTICA:AMENAZA;  A:1:18 PERSECUCIÓN POLÍTICA:COLECTIVO AMENAZADO"
"2018-11-04", "GUAVIARE / SAN JOSÉ DEL GUAVIARE / CACHICAMO", "POBLADORES PUERTO CACHICAMO (); POBLADORES ALTO CACHICAMO () Víctimas:0", "EJERCITO. POLICÍA", "A:1:18 PERSECUCIÓN POLÍTICA:COLECTIVO AMENAZADO"
"2018-11-13", "GUAVIARE / SAN JOSÉ DEL GUAVIARE / CACHICAMO", "FERMIN OVIEDO A15 Víctimas:1", "EJERCITO", "A:1:15 PERSECUCIÓN POLÍTICA:AMENAZA"
"2019-01-17", "GUAVIARE / CALAMAR", "HECTOR MANUEL PINZON MARTINEZ (1965) A15; FAMILIA MARTINEZ () Víctimas:1", "PARAMILITARES", "A:1:15 PERSECUCIÓN POLÍTICA:AMENAZA;  A:1:18 PERSECUCIÓN POLÍTICA:COLECTIVO AMENAZADO"
