"Fecha", "Ubicación", "Víctimas", "Pr. Resp.", "Tipificación"
"2001-01-04", "LA GUAJIRA / SAN JUAN DEL CESAR / LA PEÑA DE LOS INDIOS", "GERMAN SEGUNDO MONTERO AMAYA  (1961) D701; MARCO JOSÉ DÍAZ AMAYA  A10; D701; MARCOS JOSE DIAZ AMAYA  (1973) A10; D701 Víctimas:3", "PARAMILITARES", "A:1:10 PERSECUCIÓN POLÍTICA:EJECUCIÓN EXTRAJUDICIAL;  D:1:701 PERSONAS:HOMICIDIO INTENCIONAL DE PERSONA PROTEGIDA"
"2001-01-13", "LA GUAJIRA / SAN JUAN DEL CESAR / GUAYACANAL", "ALVARO ROMERO CACERES  A10; D701; N N A10; D701; N N A10; D701; OIDER RAFAEL OCHOA ATENCIA  A10; D701; MANUEL ENRIQUE GIL  A10; D701; N N A10; D701; N N A10; D701 Víctimas:7", "EJERCITO", "A:1:10 PERSECUCIÓN POLÍTICA:EJECUCIÓN EXTRAJUDICIAL;  D:1:701 PERSONAS:HOMICIDIO INTENCIONAL DE PERSONA PROTEGIDA"
"2001-03-05", "LA GUAJIRA / FONSECA", " Víctimas:0", "FARC-EP", "D:3:95 MÉTODOS:CATEGORIA INEXISTENTE 95"
"2001-03-10", "LA GUAJIRA / LA JAGUA DEL PILAR", "N N B41; N N B41; N N B41; N N B41; N N B41; N N B41 Víctimas:6", "ELN", "B:1:41 PERSECUCIÓN POLÍTICA:SECUESTRO"
"2001-03-24", "LA GUAJIRA / RIOHACHA", "N N D701; SIMON FERNANDO ARMENTA LOPEZ  (1931) B41; VICTOR ALEJANDRO FIGUEROA  B41; MANUEL DE JESUS ACOSTA  B41 Víctimas:4", "FARC-EP", "B:1:41 PERSECUCIÓN POLÍTICA:SECUESTRO;  D:1:701 PERSONAS:HOMICIDIO INTENCIONAL DE PERSONA PROTEGIDA;  D:2:80 OBJETIVOS, MÉTODOS Y MÉDIOS ILÍCITOS:BIENES CIVILES;  D:3:95 MÉTODOS:CATEGORIA INEXISTENTE 95"
"2001-03-28", "LA GUAJIRA / URIBIA", " Víctimas:0", "POLICÍA", "D:2:89 OBJETIVOS, MÉTODOS Y MÉDIOS ILÍCITOS:ESTRUCTURA VIAL;  D:3:93 MÉTODOS:CATEGORIA INEXISTENTE 93"
"2001-04-06", "LA GUAJIRA / FONSECA", "WILLIAM MARTINEZ ROMERO  B40; N MARTINEZ ROMERO  B43 Víctimas:2", "SIN INFORMACIÓN", "B:1:40 PERSECUCIÓN POLÍTICA:ASESINATO;  B:1:43 PERSECUCIÓN POLÍTICA:LESIÓN FÍSICA"
"2001-05-07", "LA GUAJIRA / RIOHACHA", "CARLOS ALBERTO ALMAZO MONROY  (1954) B43 Víctimas:1", "SIN INFORMACIÓN", "B:1:43 PERSECUCIÓN POLÍTICA:LESIÓN FÍSICA"
"2001-05-12", "LA GUAJIRA / LA JAGUA DEL PILAR", "JORGE VILLAMIZAR BAYONA  (1935) B40; MARIA TERESA ROJAS  B40 Víctimas:2", "SIN INFORMACIÓN", "B:1:40 PERSECUCIÓN POLÍTICA:ASESINATO"
"2001-05-17", "LA GUAJIRA / LA JAGUA DEL PILAR", "DIDIER MANJARRES MENDOZA  B41; LUIS ANGEL GOMEZ BRITO  (1960) B41; ELSA NOHORA CARRILLO  (1957) B41; N N B41; N N B41; N N B41 Víctimas:6", "GUERRILLA", "B:1:41 PERSECUCIÓN POLÍTICA:SECUESTRO;  D:3:95 MÉTODOS:CATEGORIA INEXISTENTE 95"
"2001-06-03", "LA GUAJIRA / BARRANCAS", "ROBERTO CARLOS BONILLA CARDONA  (1972) B40; EDGAR RAFAEL GOMEZ CARRILLO  (1968) B40; REINER DE JESUS RODRIGUEZ ROMERO  (1979) B40 Víctimas:3", "SIN INFORMACIÓN", "B:1:40 PERSECUCIÓN POLÍTICA:ASESINATO"
"2001-06-15", "LA GUAJIRA / BARRANCAS", "FAMILIA COBO SOLANO () Víctimas:0", "SIN INFORMACIÓN", "B:1:49 PERSECUCIÓN POLÍTICA:COLECTIVO AMENAZADO"
"2001-06-29", "LA GUAJIRA / VILLANUEVA", " Víctimas:0", "GUERRILLA", "D:2:80 OBJETIVOS, MÉTODOS Y MÉDIOS ILÍCITOS:BIENES CIVILES"
"2001-07-04", "LA GUAJIRA / RIOHACHA", "ARMANDO ENRIQUE MELENDEZ CABRERA  (1973) B40; CARLOS RAFAEL OCHOA ARCE  (1971) B40; N N B40; N N B40; N N B40 Víctimas:5", "SIN INFORMACIÓN", "B:1:40 PERSECUCIÓN POLÍTICA:ASESINATO"
"2001-07-09", "LA GUAJIRA / FONSECA", "ALBERTO HERNANDEZ ECHAVARRIA  (1978) B50 Víctimas:1", "GRUPOS DE INTOLERANCIA", "B:2:50 INTOLERANCIA SOCIAL:ASESINATO"
"2001-07-16", "LA GUAJIRA / BARRANCAS", "JOSE JAIME ABDALA CELEDON  (1965) B40; CARLOS ALBERTO MONSALVE NUÑEZ  B40; JORGE LUIS CARRILLO COBO  B40; EMILCE LOPEZ DIAZ  B40 Víctimas:4", "SIN INFORMACIÓN", "B:1:40 PERSECUCIÓN POLÍTICA:ASESINATO"
"2001-08-09", "LA GUAJIRA / HATONUEVO / TABACO", "N N A23; N N A23; N N A23; N N A23; N N A23; N N A23; N N A23; N N A23; N N A23; N N A23 Víctimas:10", "FUERZA PUBLICA", "A:2:23 ABUSO DE AUTORIDAD:LESIÓN FÍSICA"
"2001-08-10", "LA GUAJIRA / RIOHACHA / COTOPRIX", "EFRAIN BRION  B41 Víctimas:1", "FARC-EP", "B:1:41 PERSECUCIÓN POLÍTICA:SECUESTRO;  D:2:80 OBJETIVOS, MÉTODOS Y MÉDIOS ILÍCITOS:BIENES CIVILES"
"2001-08-12", "LA GUAJIRA / VILLANUEVA", " Víctimas:0", "FARC-EP. POLICÍA", "D:3:95 MÉTODOS:CATEGORIA INEXISTENTE 95"
"2001-08-14", "LA GUAJIRA / MAICAO", "EMERSON ABUCHAIBE SUAREZ  (1947) B48 Víctimas:1", "SIN INFORMACIÓN", "B:1:48 PERSECUCIÓN POLÍTICA:RAPTO"
"2001-09-16", "LA GUAJIRA / LA JAGUA DEL PILAR", " Víctimas:0", "GUERRILLA", "D:2:80 OBJETIVOS, MÉTODOS Y MÉDIOS ILÍCITOS:BIENES CIVILES;  D:3:95 MÉTODOS:CATEGORIA INEXISTENTE 95"
"2001-09-27", "LA GUAJIRA / LA JAGUA DEL PILAR", "N N B41; IRINA FERNANDEZ  B41; HENRY HERRERA  B41; LUIS ALFONSO PERALTA  B41; RODOLFO VEGA  B41; EVER CARRASCAL  B41; JOSE DAVID MANZANO  B41; WILSON DANGOND DANGOND  B41; ALVARO CARRILLO  B41; JUAN VARGAS  B41; RAFAEL PLATA SUAREZ  B41; JOSE ALFREDO JIMENEZ  B41; HECTOR GUILLERMO MAESTRE OLIVELLA  B41; ISMAEL BLANCO  B41; ALEXIS MARTINEZ GUERRA  B41; YAUDY PARDO TEHERAN  B41; LUIS PERALTA CARRILLO  B41; N N B41; N N B41; N N B41 Víctimas:20", "FARC-EP. EJERCITO", "B:1:41 PERSECUCIÓN POLÍTICA:SECUESTRO;  D:2:80 OBJETIVOS, MÉTODOS Y MÉDIOS ILÍCITOS:BIENES CIVILES;  D:3:95 MÉTODOS:CATEGORIA INEXISTENTE 95"
"2001-10-19", "LA GUAJIRA / RIOHACHA / EL ABRA", "ALBERTO ENRIQUE REDONDO COTEZ  B50; B56; RICARDO QUINTERO QUINTERO  B50; B56; ANTONIO AUGUSTO MENDOZA  B50; B56; JOSE ALEXIS ESTRADA TREJOS  B50; B56; TARCIZA GONZALEZ  B50; B56 Víctimas:5", "GRUPOS DE INTOLERANCIA", "B:2:50 INTOLERANCIA SOCIAL:ASESINATO;  B:2:56 INTOLERANCIA SOCIAL:TORTURA"
"2001-10-20", "LA GUAJIRA / RIOHACHA", "EIRA MARCELA  (1990) D97; D97; ANDRES FELIPE  (1991) D97; D97; MERCEDES  (1995) D97; D97; YAZMIN LORENA MARTINEZ CASTRO  (1997) D97; D97; FRANCISCO MAYA  (1963) D98; D98; MARIA CARDENAS  (1985) D98; D98; ARGEMIRO GUERRA DIAZ  (1955) D97; D97; FELIX HERRERA  (1958) D98; D98; ROSIMA REALES MARTINEZ  D98; D98; EDISON JIMENEZ  D98; D98; DOLORES CASTRO EPIAYU  (1968) D97; D97; WILMER DE LA HOZ  (1977) D98; D98; JHON PEREZ PEREZ  D98; D98 Víctimas:13", "FARC-EP. ELN", "D:1:97 PERSONAS:MUERTO POR OBJETIVOS, MÉTODOS Y MEDIOS ILÍCITOS;  D:1:98 PERSONAS:LESIÓN POR OBJETIVOS, MÉTODOS Y MEDIOS ILÍCITOS;  D:2:80 OBJETIVOS, MÉTODOS Y MÉDIOS ILÍCITOS:BIENES CIVILES;  D:2:801 OBJETIVOS, MÉTODOS Y MÉDIOS ILÍCITOS:ATAQUE A OBRAS E INST. QUE CONT. FUERZAS PELIGR."
"2001-11-15", "LA GUAJIRA / LA JAGUA DEL PILAR", " Víctimas:0", "FARC-EP", "D:2:89 OBJETIVOS, MÉTODOS Y MÉDIOS ILÍCITOS:ESTRUCTURA VIAL"
"2001-11-15", "LA GUAJIRA / DISTRACCIÓN", " Víctimas:0", "FARC-EP", "D:2:89 OBJETIVOS, MÉTODOS Y MÉDIOS ILÍCITOS:ESTRUCTURA VIAL"
"2001-12-02", "LA GUAJIRA / SAN JUAN DEL CESAR", "N N A30; N N A30; N N A30; N N A30; N N A30 Víctimas:5", "AUC", "A:3:30 INTOLERANCIA SOCIAL:EJECUCIÓN EXTRAJUDICIAL"
"2001-12-05", "LA GUAJIRA / VILLANUEVA", "ÁNGEL BOLÍVAR SÚAREZ FERNÁNDEZ B40; GEINER ENRIQUE GÓMEZ NAVARRO B40 Víctimas:2", "SIN INFORMACIÓN", "B:1:40 PERSECUCIÓN POLÍTICA:ASESINATO"
"2001-12-10", "LA GUAJIRA / RIOHACHA", "LUISA JUDITH CERCHAR  (1979) B41; MANUEL OCHOA  B41; ALEJANDRO PALACIO  B41; ELIAS SAGAL  B41; MARIO ARAUJO  B41; GERMAN ANDRES GIRALDO  B41; JESUS EUGENIO PIMIENTA  B41; JOSE MANUEL UREÑA  B41; JEFERSON BRACHO  B41; MUNIR ALI. PROFESIONAL  B41; ALVARO CUAO  B41; MARGARITA PEREZ.  B41; IVAN HERNANDEZ.  B41 Víctimas:13", "ELN", "B:1:41 PERSECUCIÓN POLÍTICA:SECUESTRO"
"2001-12-15", "LA GUAJIRA / SAN JUAN DEL CESAR / LOS HATICOS", "ADAULFO ALVARADO  B41; RIGOBERTO LOPEZ  B41; ELIECER LOPEZ  B41; RAFAEL ANTONIO MANJARREZ  B41; JULIO VASQUEZ  B41; FABIO MADRID  B41; WILLINGTON MEJIA  B41; EDWIN MEJIA  B41; DAYSON GUZMAN  B41; WALDIR PERTUZ  B41; JULIO ROJAS  B41; NEYI PLATA  (1941) B41; YORMAN PLATA  (1992) B41; ALIX PLATA  (1989) B41; YIRLENIS PLATA  (1979) B41; N. PLATA  B41; DANIEL LOPEZ  B41; ERIC JOSE N.  B41; DIONIS DANIEL  B41; CESAR ANDRES ALVARADO  B41 Víctimas:20", "FARC-EP", "B:1:41 PERSECUCIÓN POLÍTICA:SECUESTRO"
"2001-12-15", "LA GUAJIRA / SAN JUAN DEL CESAR", "N N B41; N N B41; N N B41 Víctimas:3", "FARC-EP", "B:1:41 PERSECUCIÓN POLÍTICA:SECUESTRO;  D:3:95 MÉTODOS:CATEGORIA INEXISTENTE 95"
"2001-12-22", "LA GUAJIRA / VILLANUEVA / VILLANUEVA", "ISMAEL ANTONIO GUERRERO BOCANEGRA B43; B47 Víctimas:1", "SIN INFORMACIÓN", "B:1:43 PERSECUCIÓN POLÍTICA:LESIÓN FÍSICA;  B:1:47 PERSECUCIÓN POLÍTICA:TORTURA"
"2002-01-16", "LA GUAJIRA / RIOHACHA", "POBLADORES VEREDA MARQUETALIA (); POBLADORES VEREDA PERICO AGUAO (); POBLADORES VEREDA SAN SALVADOR () Víctimas:0", "PARAMILITARES", "A:1:102 PERSECUCIÓN POLÍTICA:DESPLAZAMIENTO FORZADO;  D:1:903 PERSONAS:DESPLAZAMIENTO FORZADO;  D:2:80 OBJETIVOS, MÉTODOS Y MÉDIOS ILÍCITOS:BIENES CIVILES;  D:2:86 OBJETIVOS, MÉTODOS Y MÉDIOS ILÍCITOS:HAMBRE COMO MÉTODO DE GUERRA;  D:3:95 MÉTODOS:CATEGORIA INEXISTENTE 95;  D:3:902 MÉTODOS:CATEGORIA INEXISTENTE 902"
"2002-02-12", "LA GUAJIRA / VILLANUEVA", "JULIO HABIB CELEDON  (1965) B48 Víctimas:1", "SIN INFORMACIÓN", "B:1:48 PERSECUCIÓN POLÍTICA:RAPTO"
"2002-02-14", "LA GUAJIRA / RIOHACHA", " Víctimas:0", "GUERRILLA", "D:2:80 OBJETIVOS, MÉTODOS Y MÉDIOS ILÍCITOS:BIENES CIVILES"
"2002-03-09", "LA GUAJIRA / RIOHACHA / TOMARRAZÓN", "ELBER MONTERO CALVO  A10; A12; D72; D701; WILLIAM MONTERO CALVO  A10; A12; D72; D701 Víctimas:2", "PARAMILITARES", "A:1:10 PERSECUCIÓN POLÍTICA:EJECUCIÓN EXTRAJUDICIAL;  A:1:12 PERSECUCIÓN POLÍTICA:TORTURA;  D:1:72 PERSONAS:TORTURA;  D:1:701 PERSONAS:HOMICIDIO INTENCIONAL DE PERSONA PROTEGIDA"
"2002-03-29", "LA GUAJIRA / RIOHACHA", "MIEMBROS COMUNIDAD LA TEMBLADERA (); COMUNIDAD DE CARACOLÍ (); COMUNIDAD DE PIÑONCITO () Víctimas:0", "PARAMILITARES", "A:1:18 PERSECUCIÓN POLÍTICA:COLECTIVO AMENAZADO;  D:1:706 PERSONAS:COLECTIVO AMENAZADO;  D:1:904 PERSONAS:COLECTIVO ESCUDO"
"2002-04-01", "LA GUAJIRA / RIOHACHA / MATITAS", "DIIOMILDE RAFAEL FINCE TORO  (1963) A10; D701; CESAR GUILLERMO BERTY BRITO  (1954) A10; D701 Víctimas:2", "PARAMILITARES", "A:1:10 PERSECUCIÓN POLÍTICA:EJECUCIÓN EXTRAJUDICIAL;  D:1:701 PERSONAS:HOMICIDIO INTENCIONAL DE PERSONA PROTEGIDA"
"2002-04-04", "LA GUAJIRA / RIOHACHA / MATITAS", "N N A15; A19; A196; D77; D776; D73; N N (2001) A15; D73; N N (1998) A15; D73 Víctimas:3", "PARAMILITARES", "A:1:15 PERSECUCIÓN POLÍTICA:AMENAZA;  A:1:19 PERSECUCIÓN POLÍTICA:VIOLENCIA SEXUAL;  A:1:196 PERSECUCIÓN POLÍTICA:ABUSO SEXUAL;  D:1:73 PERSONAS:AMENAZA;  D:1:77 PERSONAS:VIOLENCIA SEXUAL;  D:1:776 PERSONAS:ABUSO SEXUAL"
"2002-04-07", "LA GUAJIRA / SAN JUAN DEL CESAR / LOS HATICOS", "LUIS EDUARDO GUERRA MENDOZA  (1975) A10; D701; ERNESTO JOSE BRITO CELEÑO  (1974) A10; D701 Víctimas:2", "AUC", "A:1:10 PERSECUCIÓN POLÍTICA:EJECUCIÓN EXTRAJUDICIAL;  D:1:701 PERSONAS:HOMICIDIO INTENCIONAL DE PERSONA PROTEGIDA"
"2002-04-07", "LA GUAJIRA / RIOHACHA / COTOPRIX", "OMAR FUENTES ARAGON  A10; A12; D72; D701; JAIME GUTIERREZ VERGARA  A10; A12; D72; D701; LEODEGAR CARRILLO VERGARA  A10; A12; D72; D701 Víctimas:3", "AUC", "A:1:10 PERSECUCIÓN POLÍTICA:EJECUCIÓN EXTRAJUDICIAL;  A:1:12 PERSECUCIÓN POLÍTICA:TORTURA;  D:1:72 PERSONAS:TORTURA;  D:1:701 PERSONAS:HOMICIDIO INTENCIONAL DE PERSONA PROTEGIDA"
"2002-05-22", "LA GUAJIRA / SAN JUAN DEL CESAR", " Víctimas:0", "ELN", "D:2:89 OBJETIVOS, MÉTODOS Y MÉDIOS ILÍCITOS:ESTRUCTURA VIAL;  D:3:93 MÉTODOS:CATEGORIA INEXISTENTE 93"
"2002-06-27", "LA GUAJIRA / SAN JUAN DEL CESAR / GUAYACANAL", "SALOMON VERGARA  B41; MANUEL MEJIA  B41 Víctimas:2", "FARC-EP", "B:1:41 PERSECUCIÓN POLÍTICA:SECUESTRO"
"2002-07-10", "LA GUAJIRA / SAN JUAN DEL CESAR", "COLECTIVO ALCALDES (); COLECTIVO JUECES (); COLECTIVO AUTORIDADES GUBERNAMENTALES (); COLECTIVO CONCEJALES (); COLECTIVO FISCALES () Víctimas:0", "FARC-EP", "D:1:706 PERSONAS:COLECTIVO AMENAZADO"
"2002-07-10", "LA GUAJIRA / SAN JUAN DEL CESAR / CARACOLÍ", "COMUNIDAD CARACOLI () Víctimas:0", "EJERCITO. PARAMILITARES", "A:1:18 PERSECUCIÓN POLÍTICA:COLECTIVO AMENAZADO;  A:1:102 PERSECUCIÓN POLÍTICA:DESPLAZAMIENTO FORZADO;  D:1:706 PERSONAS:COLECTIVO AMENAZADO;  D:1:903 PERSONAS:DESPLAZAMIENTO FORZADO;  D:2:80 OBJETIVOS, MÉTODOS Y MÉDIOS ILÍCITOS:BIENES CIVILES;  D:2:86 OBJETIVOS, MÉTODOS Y MÉDIOS ILÍCITOS:HAMBRE COMO MÉTODO DE GUERRA;  D:3:95 MÉTODOS:CATEGORIA INEXISTENTE 95;  D:3:902 MÉTODOS:CATEGORIA INEXISTENTE 902"
"2002-07-11", "LA GUAJIRA / RIOHACHA", "IDAIRIS YOLIMA CARRILLO  D73; JUAN FRANCISCO GOMEZ CERCHAR  D73; OVIDIO MEJIA  D73; CRISPIN PERALTA  D73 Víctimas:4", "FARC-EP", "D:1:73 PERSONAS:AMENAZA"
"2002-07-12", "LA GUAJIRA / URUMITA", " Víctimas:0", "FARC-EP", "D:2:80 OBJETIVOS, MÉTODOS Y MÉDIOS ILÍCITOS:BIENES CIVILES;  D:2:85 OBJETIVOS, MÉTODOS Y MÉDIOS ILÍCITOS:BIENES CULTURALES Y RELIGIOSOS"
"2002-07-14", "LA GUAJIRA / SAN JUAN DEL CESAR / POTRERITO", "MARCELO NIEVES  (1972) A10; D701; RAUL NIEVES MAESTRE  (1979) A10; D701; COMUNIDAD SABANA GRANDE (); COMUNIDAD POTRERITO () Víctimas:2", "EJERCITO", "A:1:10 PERSECUCIÓN POLÍTICA:EJECUCIÓN EXTRAJUDICIAL;  A:1:102 PERSECUCIÓN POLÍTICA:DESPLAZAMIENTO FORZADO;  D:1:701 PERSONAS:HOMICIDIO INTENCIONAL DE PERSONA PROTEGIDA;  D:1:903 PERSONAS:DESPLAZAMIENTO FORZADO;  D:3:90 MÉTODOS:CATEGORIA INEXISTENTE 90;  D:3:95 MÉTODOS:CATEGORIA INEXISTENTE 95;  D:3:902 MÉTODOS:CATEGORIA INEXISTENTE 902"
"2002-07-16", "LA GUAJIRA / RIOHACHA", "COMUNIDAD LA TEMBLADERA () Víctimas:0", "PARAMILITARES", "A:1:18 PERSECUCIÓN POLÍTICA:COLECTIVO AMENAZADO;  D:1:706 PERSONAS:COLECTIVO AMENAZADO;  D:1:904 PERSONAS:COLECTIVO ESCUDO;  D:3:95 MÉTODOS:CATEGORIA INEXISTENTE 95"
"2002-07-17", "LA GUAJIRA / SAN JUAN DEL CESAR / CURAZAO", "POBLADORES CURAZAO () Víctimas:0", "SIN INFORMACIÓN", "B:1:49 PERSECUCIÓN POLÍTICA:COLECTIVO AMENAZADO;  B:1:401 PERSECUCIÓN POLÍTICA:COLECTIVO DESPLAZADO"
"2002-07-21", "LA GUAJIRA / SAN JUAN DEL CESAR", "SALOMON VERGARA  D73; LISANDRO SIERRA  D73; CONCEJALES SAN JUAN DEL CESAR (); FUNCIONARIOS ALCALDIA SAN JUAN DEL CESAR () Víctimas:2", "FARC-EP", "D:1:73 PERSONAS:AMENAZA;  D:1:706 PERSONAS:COLECTIVO AMENAZADO"
"2002-07-29", "LA GUAJIRA / SAN JUAN DEL CESAR / LA PEÑA DE LOS INDIOS", "LADISLAO MENDOZA CATAÑO  A10; D701; EDUARDO CATAÑO CATAÑO  A10; D701; KELLY FARIDES DAZA BERMUDEZ  A11; ROSANA DAZA BERMUDEZ  A11 Víctimas:4", "AUC", "A:1:10 PERSECUCIÓN POLÍTICA:EJECUCIÓN EXTRAJUDICIAL;  A:1:11 PERSECUCIÓN POLÍTICA:DESAPARICIÓN FORZADA;  D:1:701 PERSONAS:HOMICIDIO INTENCIONAL DE PERSONA PROTEGIDA"
"2002-08-14", "LA GUAJIRA / SAN JUAN DEL CESAR", "ALVARO PLATA FUENTES  (1967) B40; JESUS CUELLO OÑATE  (1963) B40; ELBER GUERRA BRITO  (1962) B40; LUIS CAMACHO ROMERO  (1974) B40 Víctimas:4", "SIN INFORMACIÓN", "B:1:40 PERSECUCIÓN POLÍTICA:ASESINATO"
"2002-08-28", "LA GUAJIRA / RIOHACHA", "JORGE ARROYO MONSALVE  B41; SAMY MAGADANIEL SOCARRAS  B41; JORGE MAGDANIEL MORA  (1942) B41; JORGE MAGADANIEL SOCARRAS  B41; DANIEL ROBLES  B41; PEDRO SUAREZ  B41; MIGUEL VERGARA RUIZ  B41; RICARDO ROJAS  B41; JUAN CARLOS BALDOMINO  B41; ROBINSON PRADO DELGADO  B41; ROBINSON ARROYO MONSALVE  B41 Víctimas:11", "GUERRILLA", "B:1:41 PERSECUCIÓN POLÍTICA:SECUESTRO"
"2002-08-29", "LA GUAJIRA / SAN JUAN DEL CESAR", "ELIECER MENDOZA RABILLO  A10; D701; A10; D701; ALBEIRO MENDOZA RABILLO  (1990) A10; D701; A10; D701; FRANCISCO MENDOZA RABILLO  (1985) A10; D701; A10; D701 Víctimas:3", "EJERCITO. PARAMILITARES", "A:1:10 PERSECUCIÓN POLÍTICA:EJECUCIÓN EXTRAJUDICIAL;  D:1:701 PERSONAS:HOMICIDIO INTENCIONAL DE PERSONA PROTEGIDA"
"2002-08-31", "LA GUAJIRA / RIOHACHA / TOMARRAZÓN", "EDGAR RAGAEL RADILLO REDONDO  (1987) A10; A12; D72; D701; GILMA N.  A10; A12; D72; D701; N N A10; A12; D72; D701; N N A10; A12; D72; D701; DIOSELINA ARMENTA  A10; A12; D72; D701; HECTOR DE ARMAS MARTINEZ  (1957) A10; A12; D72; D701; N N A10; A12; D72; D701; ADALBERTO SARMIENTO LOPERENA  (1977) A10; A12; D72; D701; JUAN MANUEL SARMIENTO LOPERENA  (1979) A10; A12; D72; D701; JAIME ELIAS MENDOZA LOPERENA  (1951) A10; A12; D72; D701; LUIS ANTONIO MENDOZA MONTAÑO  (1924) A10; A12; D72; D701; N.N. EL CHAVO  (1977) A10; A12; D72; D701; ROSA MARIA LOPERENA  (1926) A10; A12; D72; D701; JAIME LUIS MENDOZA  (1989) A10; A12; D72; D701; HAMILTON JAVIER RADILLO REDONDO  (1984) A10; A12; D72; D701; JUAN MANUEL CATAÑO GUERRA  (1988) A10; A12; D72; D701; HABITANTES TOMARRAZON (); HABITANTES LA PALMA (); HABITANTES CARACOLI (); HABITANTES TEMBLADERA (); HABITANTES EL LIMON (); HABITANTES SABANA DE MANUELA (); HABITANTES MARACASO () Víctimas:16", "AUC", "A:1:10 PERSECUCIÓN POLÍTICA:EJECUCIÓN EXTRAJUDICIAL;  A:1:12 PERSECUCIÓN POLÍTICA:TORTURA;  A:1:18 PERSECUCIÓN POLÍTICA:COLECTIVO AMENAZADO;  A:1:102 PERSECUCIÓN POLÍTICA:DESPLAZAMIENTO FORZADO;  D:1:72 PERSONAS:TORTURA;  D:1:701 PERSONAS:HOMICIDIO INTENCIONAL DE PERSONA PROTEGIDA;  D:1:706 PERSONAS:COLECTIVO AMENAZADO;  D:1:903 PERSONAS:DESPLAZAMIENTO FORZADO;  D:2:80 OBJETIVOS, MÉTODOS Y MÉDIOS ILÍCITOS:BIENES CIVILES;  D:3:95 MÉTODOS:CATEGORIA INEXISTENTE 95"
"2002-09-17", "LA GUAJIRA / RIOHACHA / LA PUNTA DE LOS REMEDIOS", "DEBILES REDONDO  A11; A11; GONZALO OÑATE  A11; A11; ANDERSON MENA  A11; A11; HECTOR JOSE RUIZ SUAREZ  (1978) A10; D701; A10; D701; ALVARO MEJIA CASTILLA  (1977) A10; D701; A10; D701; SAUL CANTILLO  (1940) A13; D702; A13; D702; FARINER REDONDO  (1983) A10; A12; D72; D701; A10; A12; D72; D701; JHON FADER REDONDO  (1978) A10; A12; D72; D701; A10; A12; D72; D701; DANIEL BARROS  A11; A11; ALBERTO GUERRERO  A11; A11 Víctimas:10", "AUC. POLICÍA", "A:1:10 PERSECUCIÓN POLÍTICA:EJECUCIÓN EXTRAJUDICIAL;  A:1:11 PERSECUCIÓN POLÍTICA:DESAPARICIÓN FORZADA;  A:1:12 PERSECUCIÓN POLÍTICA:TORTURA;  A:1:13 PERSECUCIÓN POLÍTICA:LESIÓN FÍSICA;  D:1:72 PERSONAS:TORTURA;  D:1:701 PERSONAS:HOMICIDIO INTENCIONAL DE PERSONA PROTEGIDA;  D:1:702 PERSONAS:LESIÓN A PERSONA PROTEGIDA"
"2002-10-17", "LA GUAJIRA / DIBULLA", "RUBEN DARIO CARRILLO  B40 Víctimas:1", "SIN INFORMACIÓN", "B:1:40 PERSECUCIÓN POLÍTICA:ASESINATO"
"2002-11-01", "LA GUAJIRA", "CARLOS PERALTA  B40 Víctimas:1", "SIN INFORMACIÓN", "B:1:40 PERSECUCIÓN POLÍTICA:ASESINATO"
"2002-11-07", "LA GUAJIRA / MAICAO", "JUAN CARLOS DAWN RODRIGUEZ  B48 Víctimas:1", "SIN INFORMACIÓN", "B:1:48 PERSECUCIÓN POLÍTICA:RAPTO"
"2002-11-11", "LA GUAJIRA / VILLANUEVA", " Víctimas:0", "FARC-EP", "D:2:80 OBJETIVOS, MÉTODOS Y MÉDIOS ILÍCITOS:BIENES CIVILES;  D:3:93 MÉTODOS:CATEGORIA INEXISTENTE 93"
"2002-11-14", "LA GUAJIRA / SAN JUAN DEL CESAR / VILLA DEL RÍO", "OMAR DAZA RODRIGUEZ  (1979) D701; NEVIS DAZA  (1974) D701; ALDO LOPEZ DAZA  (1977) D701; NURMEN OÑATE CUELLO  (1985) D701 Víctimas:4", "FARC-EP", "D:1:701 PERSONAS:HOMICIDIO INTENCIONAL DE PERSONA PROTEGIDA;  D:3:95 MÉTODOS:CATEGORIA INEXISTENTE 95"
"2002-12-01", "LA GUAJIRA / URIBIA", "ANTONIO URIANA  B40; B47; MANUEL URIANA  B40; B47; N N (1987) B40; B47 Víctimas:3", "SIN INFORMACIÓN", "B:1:40 PERSECUCIÓN POLÍTICA:ASESINATO;  B:1:47 PERSECUCIÓN POLÍTICA:TORTURA"
"2002-12-02", "LA GUAJIRA / LA JAGUA DEL PILAR", " Víctimas:0", "FARC-EP", "D:2:80 OBJETIVOS, MÉTODOS Y MÉDIOS ILÍCITOS:BIENES CIVILES;  D:3:93 MÉTODOS:CATEGORIA INEXISTENTE 93"
"2002-12-06", "LA GUAJIRA / SAN JUAN DEL CESAR", "DANIEL MONTERO  B40; B47 Víctimas:1", "SIN INFORMACIÓN", "B:1:40 PERSECUCIÓN POLÍTICA:ASESINATO;  B:1:47 PERSECUCIÓN POLÍTICA:TORTURA"
"2003-01-07", "LA GUAJIRA / BARRANCAS / SAN PEDRO", "WILMER RAFAEL DUARTE MEDINA  (1975) A10; D701; EULIDES UWALDO MARTINEZ ZARATE  (1973) A10; D701; VICTOR CASTELLANOS  (1975) A10; D701; JANIER ALFONSO FONSECA COBO  A10; D701; CARMEN ARIAS CAMPUZANO  A10; D701; N N A10; D701; MARIA DEL CARMEN ARIAS CAMPUSANO  (1959) A10; D701 Víctimas:7", "PARAMILITARES", "A:1:10 PERSECUCIÓN POLÍTICA:EJECUCIÓN EXTRAJUDICIAL;  D:1:701 PERSONAS:HOMICIDIO INTENCIONAL DE PERSONA PROTEGIDA"
"2003-01-19", "LA GUAJIRA / SAN JUAN DEL CESAR / POTRERITO", "COMUNIDAD BERNAKA (); COMUNIDAD POTRERITO () Víctimas:0", "PARAMILITARES", "A:1:102 PERSECUCIÓN POLÍTICA:DESPLAZAMIENTO FORZADO;  D:1:903 PERSONAS:DESPLAZAMIENTO FORZADO;  D:3:90 MÉTODOS:CATEGORIA INEXISTENTE 90;  D:3:902 MÉTODOS:CATEGORIA INEXISTENTE 902"
"2003-01-29", "LA GUAJIRA / LA JAGUA DEL PILAR", "GUILLERMO ANTONIO DAVID LOPEZ  B40; MOISES DE JESUS RUMBO OÑATE  B40; ALVARO JOSE SOLIS LUNA  B40 Víctimas:3", "SIN INFORMACIÓN", "B:1:40 PERSECUCIÓN POLÍTICA:ASESINATO"
"2003-02-02", "LA GUAJIRA / SAN JUAN DEL CESAR / LOS HATICOS", "JOSUE FERNANDO CUADRADO ROMERO  (1966) A10; D701; AUGUSTO RAMOS ORCASITA  (1957) A10; D701; ANGEL ALBERTO ARAUJO MONTERO  A10; D701; EDUARDO CASTRO JAIMES  (1958) A10; D701; GUSTAVO ENRIQUE MONTERO COTES  (1971) A10; D701; HIDALGO JOSE GONZALEZ CARRILLO  A10; D701 Víctimas:6", "PARAMILITARES", "A:1:10 PERSECUCIÓN POLÍTICA:EJECUCIÓN EXTRAJUDICIAL;  D:1:701 PERSONAS:HOMICIDIO INTENCIONAL DE PERSONA PROTEGIDA"
"2003-02-10", "LA GUAJIRA / DIBULLA / LAS FLORES", " Víctimas:0", "FUERZA PUBLICA", "D:2:84 OBJETIVOS, MÉTODOS Y MÉDIOS ILÍCITOS:MEDIO AMBIENTE;  D:2:86 OBJETIVOS, MÉTODOS Y MÉDIOS ILÍCITOS:HAMBRE COMO MÉTODO DE GUERRA"
"2003-04-08", "LA GUAJIRA / SAN JUAN DEL CESAR / LAGUNITA", "ANTONIO GUERRA  (1953) B40 Víctimas:1", "SIN INFORMACIÓN", "B:1:40 PERSECUCIÓN POLÍTICA:ASESINATO"
"2003-04-20", "LA GUAJIRA / FONSECA", "RAFAEL JIMENEZ REDONDO  B41; TEMISTOCLES JIMENEZ  B41; FABIOLA AVILA  B41; N N B41; N N B41; N N B41; N N B41; N N B41; N N B41; N N B41; N N B41 Víctimas:11", "FARC-EP", "B:1:41 PERSECUCIÓN POLÍTICA:SECUESTRO"
"2003-04-21", "LA GUAJIRA / RIOHACHA", "N N A12; D72; A12; D72; N N A13; A14; D702; A13; A14; D702; N N A13; A14; D702; A13; A14; D702; N N A13; A14; D702; A13; A14; D702; N N A13; A14; D702; A13; A14; D702; N N A13; A14; D702; A13; A14; D702; POBLADORES INDIGENAS COMUNIDAD WIWA (400) Víctimas:6", "EJERCITO. PARAMILITARES", "A:1:12 PERSECUCIÓN POLÍTICA:TORTURA;  A:1:13 PERSECUCIÓN POLÍTICA:LESIÓN FÍSICA;  A:1:14 PERSECUCIÓN POLÍTICA:DETENCIÓN ARBITRARIA;  A:1:102 PERSECUCIÓN POLÍTICA:DESPLAZAMIENTO FORZADO;  D:1:72 PERSONAS:TORTURA;  D:1:702 PERSONAS:LESIÓN A PERSONA PROTEGIDA;  D:1:903 PERSONAS:DESPLAZAMIENTO FORZADO;  D:2:80 OBJETIVOS, MÉTODOS Y MÉDIOS ILÍCITOS:BIENES CIVILES;  D:2:84 OBJETIVOS, MÉTODOS Y MÉDIOS ILÍCITOS:MEDIO AMBIENTE;  D:2:85 OBJETIVOS, MÉTODOS Y MÉDIOS ILÍCITOS:BIENES CULTURALES Y RELIGIOSOS;  D:2:86 OBJETIVOS, MÉTODOS Y MÉDIOS ILÍCITOS:HAMBRE COMO MÉTODO DE GUERRA;  D:3:90 MÉTODOS:CATEGORIA INEXISTENTE 90;  D:3:95 MÉTODOS:CATEGORIA INEXISTENTE 95;  D:3:902 MÉTODOS:CATEGORIA INEXISTENTE 902"
"2003-04-23", "LA GUAJIRA / MAICAO", "ALFONSO PAZ JUSAYU  A10; D701 Víctimas:1", "PARAMILITARES", "A:1:10 PERSECUCIÓN POLÍTICA:EJECUCIÓN EXTRAJUDICIAL;  D:1:701 PERSONAS:HOMICIDIO INTENCIONAL DE PERSONA PROTEGIDA"
"2003-04-29", "LA GUAJIRA / MAICAO", "JAIME RENGIFO JUNIOR  (1954) B40 Víctimas:1", "SIN INFORMACIÓN", "B:1:40 PERSECUCIÓN POLÍTICA:ASESINATO"
"2003-04-29", "LA GUAJIRA / MAICAO", "JAIME RENGIFO JUNIOR A10; D701 Víctimas:1", "PARAMILITARES", "A:1:10 PERSECUCIÓN POLÍTICA:EJECUCIÓN EXTRAJUDICIAL;  D:1:701 PERSONAS:HOMICIDIO INTENCIONAL DE PERSONA PROTEGIDA"
"2003-05-08", "LA GUAJIRA / RIOHACHA", "ALBEIRO SANCHEZ ROLDAN  B45; FRANCISCO DE LA HOZ  B45; WILFRIDO VARGAS  B45; HERNAN DIAZ  B45; ELADIO NARVAEZ  B45 Víctimas:5", "SIN INFORMACIÓN", "B:1:45 PERSECUCIÓN POLÍTICA:AMENAZA"
"2003-05-18", "LA GUAJIRA / EL MOLINO", " Víctimas:0", "FARC-EP", "D:2:80 OBJETIVOS, MÉTODOS Y MÉDIOS ILÍCITOS:BIENES CIVILES"
"2003-05-27", "LA GUAJIRA / RIOHACHA / COMEJENES", "HIRALDO MANJARES  A10; A12; D72; D701; N N A14; N N A14; N N A11; N N A14 Víctimas:5", "PARAMILITARES", "A:1:10 PERSECUCIÓN POLÍTICA:EJECUCIÓN EXTRAJUDICIAL;  A:1:11 PERSECUCIÓN POLÍTICA:DESAPARICIÓN FORZADA;  A:1:12 PERSECUCIÓN POLÍTICA:TORTURA;  A:1:14 PERSECUCIÓN POLÍTICA:DETENCIÓN ARBITRARIA;  D:1:72 PERSONAS:TORTURA;  D:1:701 PERSONAS:HOMICIDIO INTENCIONAL DE PERSONA PROTEGIDA"
"2003-06-03", "LA GUAJIRA / URUMITA", "ANTONIO RUMBO  B41; ELIAS DAZA BERMUDEZ  B41 Víctimas:2", "GUERRILLA", "B:1:41 PERSECUCIÓN POLÍTICA:SECUESTRO"
"2003-06-06", "LA GUAJIRA / VILLANUEVA", "LUIS ALBERTO SILVERA MUÑOZ  (1964) B40; JOSEFINA PAJARO  B40 Víctimas:2", "SIN INFORMACIÓN", "B:1:40 PERSECUCIÓN POLÍTICA:ASESINATO"
"2003-06-15", "LA GUAJIRA / DISTRACCIÓN", "CAROLINA TOVAR OROZCO  (1984) B41; ANGEL FORERO GONZALEZ  B41; ALVARO MARQUEZ CORONADO  (1976) B41; OMAR MONTERO BANDERA  (1956) B41; FABIAN ENRIQUE MONTERO  B41; ERIT OROZCO  B41 Víctimas:6", "ELN", "B:1:41 PERSECUCIÓN POLÍTICA:SECUESTRO"
"2003-07-12", "LA GUAJIRA / RIOHACHA / COTOPRIX", "ALBIS JAVIER BERMUDEZ BRITO  (1981) A10; D701; ANDRIS ARENAS AREVALO  (1981) A10; D701 Víctimas:2", "PARAMILITARES", "A:1:10 PERSECUCIÓN POLÍTICA:EJECUCIÓN EXTRAJUDICIAL;  D:1:701 PERSONAS:HOMICIDIO INTENCIONAL DE PERSONA PROTEGIDA"
"2003-08-11", "LA GUAJIRA / RIOHACHA", "N N A23; N N A23; N N A23; N N A23; N N A24; N N A24; N N A24; N N A24; N N A24; N N A24; N N A24; N N A24; N N A24; N N A24 Víctimas:14", "FUERZA PUBLICA", "A:2:23 ABUSO DE AUTORIDAD:LESIÓN FÍSICA;  A:2:24 ABUSO DE AUTORIDAD:DETENCIÓN ARBITRARIA"
"2003-08-26", "LA GUAJIRA / SAN JUAN DEL CESAR / CARACOLÍ", "POBLACION INDIGENA MAMARONGO (); POBLACION INDIGENA WAMACAS () Víctimas:0", "EJERCITO", "A:1:18 PERSECUCIÓN POLÍTICA:COLECTIVO AMENAZADO;  D:1:706 PERSONAS:COLECTIVO AMENAZADO;  D:3:95 MÉTODOS:CATEGORIA INEXISTENTE 95"
"2003-09-04", "LA GUAJIRA / RIOHACHA", "IVAN MANUEL MUÑIZ SALCEDO  A10; D701 Víctimas:1", "PARAMILITARES", "A:1:10 PERSECUCIÓN POLÍTICA:EJECUCIÓN EXTRAJUDICIAL;  D:1:701 PERSONAS:HOMICIDIO INTENCIONAL DE PERSONA PROTEGIDA"
"2003-09-04", "LA GUAJIRA / RIOHACHA", "N N D78; N N D78 Víctimas:2", "EJERCITO", "D:1:78 PERSONAS:ESCUDO INDIVIDUAL"
"2003-09-04", "LA GUAJIRA / SAN JUAN DEL CESAR", "MAJIN ANTONIO TERÁN DÍAZ A11 Víctimas:1", "PARAMILITARES", "A:1:11 PERSECUCIÓN POLÍTICA:DESAPARICIÓN FORZADA"
"2003-09-06", "LA GUAJIRA / URIBIA / PUERTO ESTRELLA", "RENATO POLANCO  A15; D73; MARITZA ZAMBRANO URIANA  A15; D73; HELENA GARCIA URIANA  A15; D73; COMUNIDAD INDIGENA URIANA JARARIYU () Víctimas:3", "EJERCITO", "A:1:15 PERSECUCIÓN POLÍTICA:AMENAZA;  A:1:18 PERSECUCIÓN POLÍTICA:COLECTIVO AMENAZADO;  D:1:73 PERSONAS:AMENAZA;  D:1:706 PERSONAS:COLECTIVO AMENAZADO;  D:2:80 OBJETIVOS, MÉTODOS Y MÉDIOS ILÍCITOS:BIENES CIVILES;  D:2:85 OBJETIVOS, MÉTODOS Y MÉDIOS ILÍCITOS:BIENES CULTURALES Y RELIGIOSOS;  D:3:95 MÉTODOS:CATEGORIA INEXISTENTE 95"
"2003-09-07", "LA GUAJIRA / RIOHACHA", " Víctimas:0", "EJERCITO", "D:3:95 MÉTODOS:CATEGORIA INEXISTENTE 95"
"2003-09-26", "LA GUAJIRA", "BRAULIO MONTOYA LOPEZ  A10; D701; A10; D701 Víctimas:1", "PARAMILITARES. FUERZA PUBLICA", "A:1:10 PERSECUCIÓN POLÍTICA:EJECUCIÓN EXTRAJUDICIAL;  D:1:701 PERSONAS:HOMICIDIO INTENCIONAL DE PERSONA PROTEGIDA"
"2003-09-27", "LA GUAJIRA / SAN JUAN DEL CESAR / CARACOLÍ", "BLAUDIO MONTOYA  (1940) A10; D701 Víctimas:1", "EJERCITO", "A:1:10 PERSECUCIÓN POLÍTICA:EJECUCIÓN EXTRAJUDICIAL;  D:1:701 PERSONAS:HOMICIDIO INTENCIONAL DE PERSONA PROTEGIDA"
"2003-09-28", "LA GUAJIRA / RIOHACHA", "JAVIER DELUQUE HERNANDEZ  A16; A16 Víctimas:1", "PARAMILITARES. SIJIN", "A:1:16 PERSECUCIÓN POLÍTICA:ATENTADO"
"2003-09-28", "LA GUAJIRA", "POBLADORES LA SIERRITA () Víctimas:0", "FUERZA AEREA", "A:1:102 PERSECUCIÓN POLÍTICA:DESPLAZAMIENTO FORZADO;  D:1:903 PERSONAS:DESPLAZAMIENTO FORZADO;  D:3:90 MÉTODOS:CATEGORIA INEXISTENTE 90;  D:3:902 MÉTODOS:CATEGORIA INEXISTENTE 902"
"2003-10-01", "LA GUAJIRA / SAN JUAN DEL CESAR", "WILLIAM CALVO  (1973) A10; D701 Víctimas:1", "EJERCITO", "A:1:10 PERSECUCIÓN POLÍTICA:EJECUCIÓN EXTRAJUDICIAL;  D:1:701 PERSONAS:HOMICIDIO INTENCIONAL DE PERSONA PROTEGIDA"
"2003-10-21", "LA GUAJIRA / VILLANUEVA", "MIRYAM BELTRAN  (1950) A10; D701; ARGEMIRO PEREZ BELTRAN  A10; D701; NN ""CHICHE""  (1981) A10; D701; CAMPO ELIAS PEREZ BELTRAN  (1987) A10; D701; LAURA N.  (1984) A10; D701 Víctimas:5", "EJERCITO. ELN", "A:1:10 PERSECUCIÓN POLÍTICA:EJECUCIÓN EXTRAJUDICIAL;  D:1:701 PERSONAS:HOMICIDIO INTENCIONAL DE PERSONA PROTEGIDA"
"2003-11-10", "LA GUAJIRA / BARRANCAS", "JOSE MIGUEL ROJANO MEDINA  (1978) B40; EZEQUIEL ROJANO MEDINA  (1985) B40; IVAN CAMARGO DURAN  (1982) B40; EFRAIN SEGUNDO GARCES BARRIOS  (1974) B40 Víctimas:4", "SIN INFORMACIÓN", "B:1:40 PERSECUCIÓN POLÍTICA:ASESINATO"
"2003-11-14", "LA GUAJIRA / VILLANUEVA", " Víctimas:0", "EJERCITO", "D:3:95 MÉTODOS:CATEGORIA INEXISTENTE 95"
"2003-11-22", "LA GUAJIRA / VILLANUEVA", "ALVARO ELIAS CARRILLO ORIVELLA ""PACHIN""  A10; D701; LEOVIS PUYANA GOMEZ  (1985) A10; D701; LIBARDO ENRIQUE NIÑO  A10; D701; N N A10; D701 Víctimas:4", "EJERCITO", "A:1:10 PERSECUCIÓN POLÍTICA:EJECUCIÓN EXTRAJUDICIAL;  D:1:701 PERSONAS:HOMICIDIO INTENCIONAL DE PERSONA PROTEGIDA"
"2004-01-09", "LA GUAJIRA / SAN JUAN DEL CESAR", "JOSE DEL CARMEN TORRES VILLAZON  A16; FERNANDO TORRES TORRES  A16; ELIECER TORRES TORRES  A16 Víctimas:3", "EJERCITO", "A:1:16 PERSECUCIÓN POLÍTICA:ATENTADO"
"2004-01-12", "LA GUAJIRA / SAN JUAN DEL CESAR", " Víctimas:0", "EJERCITO", "D:3:95 MÉTODOS:CATEGORIA INEXISTENTE 95"
"2004-01-17", "LA GUAJIRA / RIOHACHA", "JANIS LORENA CELEDON  (2000) B40; RAFAEL CELEDON  B40; EDILSA SUAREZ  B43 Víctimas:3", "SIN INFORMACIÓN", "B:1:40 PERSECUCIÓN POLÍTICA:ASESINATO;  B:1:43 PERSECUCIÓN POLÍTICA:LESIÓN FÍSICA"
"2004-01-17", "LA GUAJIRA / SAN JUAN DEL CESAR", " Víctimas:0", "EJERCITO", "D:2:80 OBJETIVOS, MÉTODOS Y MÉDIOS ILÍCITOS:BIENES CIVILES;  D:3:95 MÉTODOS:CATEGORIA INEXISTENTE 95"
"2004-01-18", "LA GUAJIRA / RIOHACHA", "JOSE PEDRO PASTOR ALBERTO  A10; D701; ZUNILDA VILLAZON MONTAÑO  A10; D701 Víctimas:2", "EJERCITO", "A:1:10 PERSECUCIÓN POLÍTICA:EJECUCIÓN EXTRAJUDICIAL;  D:1:701 PERSONAS:HOMICIDIO INTENCIONAL DE PERSONA PROTEGIDA"
"2004-01-20", "LA GUAJIRA / SAN JUAN DEL CESAR", "COMUNIDAD INDIGENA WIWA () Víctimas:0", "EJERCITO", "A:1:102 PERSECUCIÓN POLÍTICA:DESPLAZAMIENTO FORZADO;  D:1:903 PERSONAS:DESPLAZAMIENTO FORZADO;  D:2:80 OBJETIVOS, MÉTODOS Y MÉDIOS ILÍCITOS:BIENES CIVILES;  D:2:86 OBJETIVOS, MÉTODOS Y MÉDIOS ILÍCITOS:HAMBRE COMO MÉTODO DE GUERRA;  D:3:95 MÉTODOS:CATEGORIA INEXISTENTE 95;  D:3:902 MÉTODOS:CATEGORIA INEXISTENTE 902"
"2004-01-31", "LA GUAJIRA / FONSECA", "CALIXTO GOMEZ RUMMER  A10; D701 Víctimas:1", "PARAMILITARES", "A:1:10 PERSECUCIÓN POLÍTICA:EJECUCIÓN EXTRAJUDICIAL;  D:1:701 PERSONAS:HOMICIDIO INTENCIONAL DE PERSONA PROTEGIDA"
"2004-02-01", "LA GUAJIRA", "ROLANDO EVER FINCE  A10; D701; ALBERTO EVER FINCE  A10; D701 Víctimas:2", "PARAMILITARES", "A:1:10 PERSECUCIÓN POLÍTICA:EJECUCIÓN EXTRAJUDICIAL;  D:1:701 PERSONAS:HOMICIDIO INTENCIONAL DE PERSONA PROTEGIDA"
"2004-02-17", "LA GUAJIRA / SAN JUAN DEL CESAR", "JULIO MENDOZA LOPERENA  A10; D701; N N A10; D701 Víctimas:2", "EJERCITO", "A:1:10 PERSECUCIÓN POLÍTICA:EJECUCIÓN EXTRAJUDICIAL;  D:1:701 PERSONAS:HOMICIDIO INTENCIONAL DE PERSONA PROTEGIDA"
"2004-02-26", "LA GUAJIRA / SAN JUAN DEL CESAR", "N N (1988) A10; D701; A10; D701; N N (1988) A10; D701; A10; D701 Víctimas:2", "EJERCITO. PARAMILITARES", "A:1:10 PERSECUCIÓN POLÍTICA:EJECUCIÓN EXTRAJUDICIAL;  D:1:701 PERSONAS:HOMICIDIO INTENCIONAL DE PERSONA PROTEGIDA"
"2004-03-07", "LA GUAJIRA / MAICAO", "VICTOR OJEDA MARTINEZ  B40 Víctimas:1", "SIN INFORMACIÓN", "B:1:40 PERSECUCIÓN POLÍTICA:ASESINATO"
"2004-03-12", "LA GUAJIRA / SAN JUAN DEL CESAR", "VICTOR MANUEL RODRIGUEZ DAZA  B41; CECILIA BAUTE  B41; SOFIA RODRIGUEZ  B41; CARLOS ARAUJO RODRIGUEZ  B41 Víctimas:4", "ELN", "B:1:41 PERSECUCIÓN POLÍTICA:SECUESTRO"
"2004-03-23", "LA GUAJIRA / ALBANIA / LOS REMEDIOS", "SAUL JAVIER BRITO CARRILLO  (1979) B48; CARLOS EDUARDO PINO ACOSTA  (1982) B48 Víctimas:2", "SIN INFORMACIÓN", "B:1:48 PERSECUCIÓN POLÍTICA:RAPTO"
"2004-04-03", "LA GUAJIRA / BARRANCAS", "ADAULFO AURELIO PALMESANO ARREGOCES  (1960) A14 Víctimas:1", "DAS", "A:1:14 PERSECUCIÓN POLÍTICA:DETENCIÓN ARBITRARIA"
"2004-04-06", "LA GUAJIRA / MAICAO", "CHAFFAN HAMUND  B41 Víctimas:1", "FARC-EP", "B:1:41 PERSECUCIÓN POLÍTICA:SECUESTRO"
"2004-04-07", "LA GUAJIRA / SAN JUAN DEL CESAR", "VICTOR JULIO MONTAÑO  A10; D701; SIMON MONTAÑO  A10; D701; ENER MANJARREZ  A10; D701 Víctimas:3", "EJERCITO", "A:1:10 PERSECUCIÓN POLÍTICA:EJECUCIÓN EXTRAJUDICIAL;  D:1:701 PERSONAS:HOMICIDIO INTENCIONAL DE PERSONA PROTEGIDA;  D:2:80 OBJETIVOS, MÉTODOS Y MÉDIOS ILÍCITOS:BIENES CIVILES"
"2004-04-08", "LA GUAJIRA / SAN JUAN DEL CESAR", "LUIS FERNANDO MONTAÑO  A10; D701 Víctimas:1", "EJERCITO", "A:1:10 PERSECUCIÓN POLÍTICA:EJECUCIÓN EXTRAJUDICIAL;  D:1:701 PERSONAS:HOMICIDIO INTENCIONAL DE PERSONA PROTEGIDA"
"2004-04-08", "LA GUAJIRA / MAICAO", "N N (1989) A10; D701 Víctimas:1", "PARAMILITARES", "A:1:10 PERSECUCIÓN POLÍTICA:EJECUCIÓN EXTRAJUDICIAL;  D:1:701 PERSONAS:HOMICIDIO INTENCIONAL DE PERSONA PROTEGIDA"
"2004-04-11", "LA GUAJIRA / SAN JUAN DEL CESAR", "COMUNIDAD SABANA JOAQUINA (); COMUNIDAD LA CELOSA (); COMUNIDAD EL FILO DEL MACHIN () Víctimas:0", "EJERCITO", "A:1:102 PERSECUCIÓN POLÍTICA:DESPLAZAMIENTO FORZADO;  D:1:903 PERSONAS:DESPLAZAMIENTO FORZADO;  D:3:90 MÉTODOS:CATEGORIA INEXISTENTE 90;  D:3:902 MÉTODOS:CATEGORIA INEXISTENTE 902"
"2004-04-18", "LA GUAJIRA / URIBIA", "ALBERTO EVERTS FINCE  A10; A12; D72; D701; RUBEN EPINAYU  A10; A12; D72; D701; ROLAN EVERTS FINCE  A10; A12; D72; D701; ROSA CECILIA FINCE URIANA  A10; A12; D72; D701; MARGOT EPINAYU  A10; A12; D72; D701; N N A10; A12; D72; D701; N N A10; A12; D72; D701; N N A10; A12; D72; D701; N N A10; A12; D72; D701; N N A10; A12; D72; D701; N N A10; A12; D72; D701; N N A10; A12; D72; D701; N N A11; N N A11; N N A11; N N A11; N N A11; N N A11; N N A11; N N A11; N N A11; N N A11; N N A11; N N A11; N N A11; N N A11; N N A11; N N A11; N N A11; N N A11; N N A11; N N A11; INDIGENAS COMUNIDAD WAYUU () Víctimas:32", "PARAMILITARES", "A:1:10 PERSECUCIÓN POLÍTICA:EJECUCIÓN EXTRAJUDICIAL;  A:1:11 PERSECUCIÓN POLÍTICA:DESAPARICIÓN FORZADA;  A:1:12 PERSECUCIÓN POLÍTICA:TORTURA;  A:1:102 PERSECUCIÓN POLÍTICA:DESPLAZAMIENTO FORZADO;  D:1:72 PERSONAS:TORTURA;  D:1:701 PERSONAS:HOMICIDIO INTENCIONAL DE PERSONA PROTEGIDA;  D:1:903 PERSONAS:DESPLAZAMIENTO FORZADO;  D:2:85 OBJETIVOS, MÉTODOS Y MÉDIOS ILÍCITOS:BIENES CULTURALES Y RELIGIOSOS;  D:3:902 MÉTODOS:CATEGORIA INEXISTENTE 902"
"2004-05-12", "LA GUAJIRA / MAICAO / LA MAJAYURA", "WILMER ENRIQUE BOSCAN USECHE  A10; D701; GERMAN GUILLERMO OSPINA LOPEZ  A10; D701; JOSE LUIS SOLANO GOMEZ  A10; D701; N N A14; N N A14; N N A14 Víctimas:6", "PARAMILITARES", "A:1:10 PERSECUCIÓN POLÍTICA:EJECUCIÓN EXTRAJUDICIAL;  A:1:14 PERSECUCIÓN POLÍTICA:DETENCIÓN ARBITRARIA;  D:1:701 PERSONAS:HOMICIDIO INTENCIONAL DE PERSONA PROTEGIDA"
"2004-05-24", "LA GUAJIRA / DIBULLA", "JULIO CESAR NIEVES CAMARGO  (1984) A20 Víctimas:1", "EJERCITO", "A:2:20 ABUSO DE AUTORIDAD:EJECUCIÓN EXTRAJUDICIAL"
"2004-06-03", "LA GUAJIRA / DIBULLA", "JORGE LUIS REGINO CUADRADO  D701; JOSE DAVID MESA HERRERA  D701; HUMBERTO JOSE CABAS HERRERA  D701; YESID EDUARDO CARDENAS ARRIETA  D701; N N B41 Víctimas:5", "FARC-EP", "B:1:41 PERSECUCIÓN POLÍTICA:SECUESTRO;  D:1:701 PERSONAS:HOMICIDIO INTENCIONAL DE PERSONA PROTEGIDA"
"2004-06-06", "LA GUAJIRA / EL MOLINO / EL MOLINO", "FAMILIA CAMPESINA (6) Víctimas:0", "EJERCITO", "A:1:102 PERSECUCIÓN POLÍTICA:DESPLAZAMIENTO FORZADO;  D:1:903 PERSONAS:DESPLAZAMIENTO FORZADO;  D:2:80 OBJETIVOS, MÉTODOS Y MÉDIOS ILÍCITOS:BIENES CIVILES;  D:3:95 MÉTODOS:CATEGORIA INEXISTENTE 95;  D:3:902 MÉTODOS:CATEGORIA INEXISTENTE 902"
"2004-06-07", "LA GUAJIRA / URIBIA", "CIELO REDONDO MINDIOLA  (1955) B48 Víctimas:1", "SIN INFORMACIÓN", "B:1:48 PERSECUCIÓN POLÍTICA:RAPTO"
"2004-06-18", "LA GUAJIRA / MAICAO", "INDIGENAS WAYUU () Víctimas:0", "PARAMILITARES", "A:1:18 PERSECUCIÓN POLÍTICA:COLECTIVO AMENAZADO;  D:1:706 PERSONAS:COLECTIVO AMENAZADO"
"2004-06-29", "LA GUAJIRA / MAICAO", "VLADIMIR PASTRANA MOYORCA  B41 Víctimas:1", "FARC-EP", "B:1:41 PERSECUCIÓN POLÍTICA:SECUESTRO"
"2004-07-15", "LA GUAJIRA / MAICAO", "CAMILO DAZA A11 Víctimas:1", "PARAMILITARES", "A:1:11 PERSECUCIÓN POLÍTICA:DESAPARICIÓN FORZADA"
"2004-08-05", "LA GUAJIRA / HATONUEVO", "REINALDO GOMEZ ORTIZ  B48 Víctimas:1", "SIN INFORMACIÓN", "B:1:48 PERSECUCIÓN POLÍTICA:RAPTO"
"2004-08-06", "LA GUAJIRA / URIBIA", "N N A13; D702; N N A13; D702; N N A13; D702 Víctimas:3", "PARAMILITARES", "A:1:13 PERSECUCIÓN POLÍTICA:LESIÓN FÍSICA;  D:1:702 PERSONAS:LESIÓN A PERSONA PROTEGIDA"
"2004-08-08", "LA GUAJIRA / URIBIA", "MANUEL AFANADOR  (1964) A10; D701 Víctimas:1", "PARAMILITARES", "A:1:10 PERSECUCIÓN POLÍTICA:EJECUCIÓN EXTRAJUDICIAL;  D:1:701 PERSONAS:HOMICIDIO INTENCIONAL DE PERSONA PROTEGIDA"
"2004-08-08", "LA GUAJIRA / MAICAO", "LIDERES Y LIDEREZAS DE LA ETNIA WAYUU () Víctimas:0", "PARAMILITARES", "A:1:18 PERSECUCIÓN POLÍTICA:COLECTIVO AMENAZADO;  D:1:706 PERSONAS:COLECTIVO AMENAZADO"
"2004-08-09", "LA GUAJIRA / RIOHACHA", "RONALDO DAVID REDONDO REDONDO  B40 Víctimas:1", "SIN INFORMACIÓN", "B:1:40 PERSECUCIÓN POLÍTICA:ASESINATO"
"2004-08-17", "LA GUAJIRA / DIBULLA / MINGUEO", "JUAN HERNANDEZ SIERRA  (1961) A14 Víctimas:1", "PARAMILITARES", "A:1:14 PERSECUCIÓN POLÍTICA:DETENCIÓN ARBITRARIA"
"2004-08-24", "LA GUAJIRA / MAICAO", "JAIRO LUIS OSORIO MONTAÑO  (1984) B40; ELVIS ENRIQUE BARROS ROJANO  (1980) B40; N N B40; N N (1987) B43 Víctimas:4", "SIN INFORMACIÓN", "B:1:40 PERSECUCIÓN POLÍTICA:ASESINATO;  B:1:43 PERSECUCIÓN POLÍTICA:LESIÓN FÍSICA"
"2004-09-02", "LA GUAJIRA / DIBULLA / MINGUEO", "COMUNIDAD INDIGENA KOGUI (100) Víctimas:0", "FARC-EP", "D:1:706 PERSONAS:COLECTIVO AMENAZADO;  D:1:903 PERSONAS:DESPLAZAMIENTO FORZADO;  D:3:902 MÉTODOS:CATEGORIA INEXISTENTE 902"
"2004-09-13", "LA GUAJIRA / DIBULLA / PALOMINO", "N. DINGARA ALABATA  B40; N DINGARA ALABATA  B40; COMUNIDAD INDIGENA KOGUI () Víctimas:2", "SIN INFORMACIÓN", "B:1:40 PERSECUCIÓN POLÍTICA:ASESINATO;  B:1:401 PERSECUCIÓN POLÍTICA:COLECTIVO DESPLAZADO"
"2004-09-16", "LA GUAJIRA / MAICAO", "MUNIR CARRILLO DAZA A10; A11; D701; ISIDRO ANTONIO URIANA A10; A11; D701; MANUEL ANTONIO DAZA A10; A11; D701 Víctimas:3", "PARAMILITARES", "A:1:10 PERSECUCIÓN POLÍTICA:EJECUCIÓN EXTRAJUDICIAL;  A:1:11 PERSECUCIÓN POLÍTICA:DESAPARICIÓN FORZADA;  D:1:701 PERSONAS:HOMICIDIO INTENCIONAL DE PERSONA PROTEGIDA"
"2004-11-08", "LA GUAJIRA / URUMITA", "PERVIS PACHECO DIAZ  D701 Víctimas:1", "FARC-EP", "D:1:701 PERSONAS:HOMICIDIO INTENCIONAL DE PERSONA PROTEGIDA"
"2004-11-20", "LA GUAJIRA", "MANUEL SALVADOR LEONE  A10; D701 Víctimas:1", "PARAMILITARES", "A:1:10 PERSECUCIÓN POLÍTICA:EJECUCIÓN EXTRAJUDICIAL;  D:1:701 PERSONAS:HOMICIDIO INTENCIONAL DE PERSONA PROTEGIDA"
"2005-01-15", "LA GUAJIRA / DIBULLA / MINGUEO", "POBLADORES CAMPESINOS E INDIGENAS () Víctimas:0", "COMBATIENTES", "D:1:903 PERSONAS:DESPLAZAMIENTO FORZADO;  D:3:902 MÉTODOS:CATEGORIA INEXISTENTE 902"
"2005-01-19", "LA GUAJIRA / SAN JUAN DEL CESAR", "YUGUMAIUN BUKUANARUA TAYRONA  B40; ANGEL MILCIADES LOPERENA DIAZ  B40; DARIO LOPERENA  B40 Víctimas:3", "SIN INFORMACIÓN", "B:1:40 PERSECUCIÓN POLÍTICA:ASESINATO"
"2005-01-29", "LA GUAJIRA / RIOHACHA / RIO ANCHO; LA GUAJIRA / RIOHACHA", "MARTIN BARRIOS  A11; JOSE ANTONIO GIL  A11 Víctimas:2", "PARAMILITARES", "A:1:11 PERSECUCIÓN POLÍTICA:DESAPARICIÓN FORZADA"
"2005-02-02", "LA GUAJIRA / MAICAO", "FRANCIA BOSCAN  A15; D73; FAMILIA INDIGENA () Víctimas:1", "PARAMILITARES", "A:1:15 PERSECUCIÓN POLÍTICA:AMENAZA;  A:1:18 PERSECUCIÓN POLÍTICA:COLECTIVO AMENAZADO;  D:1:73 PERSONAS:AMENAZA;  D:1:706 PERSONAS:COLECTIVO AMENAZADO"
"2005-02-03", "LA GUAJIRA / MAICAO / LA MAJAYURA", "JOSE EDUARDO BOSCAN EPINAYU  (1985) A10; D701; MANUEL SALVADOR LOPEZ FERNANDEZ  (1979) A10; D701 Víctimas:2", "PARAMILITARES", "A:1:10 PERSECUCIÓN POLÍTICA:EJECUCIÓN EXTRAJUDICIAL;  D:1:701 PERSONAS:HOMICIDIO INTENCIONAL DE PERSONA PROTEGIDA"
"2005-02-06", "LA GUAJIRA / RIOHACHA / RIO ANCHO", "FERMIN CORONADO  A11; JOSE JAUDIGUA  A11 Víctimas:2", "PARAMILITARES", "A:1:11 PERSECUCIÓN POLÍTICA:DESAPARICIÓN FORZADA"
"2005-02-16", "LA GUAJIRA / RIOHACHA / CHOLES", " Víctimas:0", "FARC-EP", "D:2:80 OBJETIVOS, MÉTODOS Y MÉDIOS ILÍCITOS:BIENES CIVILES"
"2005-02-18", "LA GUAJIRA / RIOHACHA", "GLORIA CECILIA TORO BEDOYA  B48; SOR BEATRIZ TORO BEDOYA  B48; JUAN CARLOS TORO  B48 Víctimas:3", "SIN INFORMACIÓN", "B:1:48 PERSECUCIÓN POLÍTICA:RAPTO"
"2005-02-28", "LA GUAJIRA / RIOHACHA / MONGUÍ", "ADANILO ORTIZ GRIEGO  A10; D701 Víctimas:1", "PARAMILITARES", "A:1:10 PERSECUCIÓN POLÍTICA:EJECUCIÓN EXTRAJUDICIAL;  D:1:701 PERSONAS:HOMICIDIO INTENCIONAL DE PERSONA PROTEGIDA"
"2005-03-06", "LA GUAJIRA / RIOHACHA / TOMARRAZÓN", "DANILO ORTIZ GRIEGO  (1959) A10; D701 Víctimas:1", "PARAMILITARES", "A:1:10 PERSECUCIÓN POLÍTICA:EJECUCIÓN EXTRAJUDICIAL;  D:1:701 PERSONAS:HOMICIDIO INTENCIONAL DE PERSONA PROTEGIDA"
"2005-03-09", "LA GUAJIRA / RIOHACHA / TOMARRAZÓN", "ADANILO GOMEZ GRIEGO  (1959) B40 Víctimas:1", "SIN INFORMACIÓN", "B:1:40 PERSECUCIÓN POLÍTICA:ASESINATO"
"2005-04-01", "LA GUAJIRA / DIBULLA", "FAMILIAS WIWAS (100) Víctimas:0", "COMBATIENTES", "D:1:903 PERSONAS:DESPLAZAMIENTO FORZADO;  D:3:902 MÉTODOS:CATEGORIA INEXISTENTE 902"
"2005-04-02", "LA GUAJIRA / RIOHACHA / CAMARONES", "RAFAEL RICARDO CEBALLOS SIERRA  B41 Víctimas:1", "ELN", "B:1:41 PERSECUCIÓN POLÍTICA:SECUESTRO"
"2005-04-14", "LA GUAJIRA / SAN JUAN DEL CESAR", "ELKIN PACHECO MONTERO  A14 Víctimas:1", "EJERCITO", "A:1:14 PERSECUCIÓN POLÍTICA:DETENCIÓN ARBITRARIA"
"2005-04-17", "LA GUAJIRA / RIOHACHA", "ANGEL DAVID LOAIZA  (1990) B40; JUAN TOMAS LOAIZA  B43 Víctimas:2", "SIN INFORMACIÓN", "B:1:40 PERSECUCIÓN POLÍTICA:ASESINATO;  B:1:43 PERSECUCIÓN POLÍTICA:LESIÓN FÍSICA"
"2005-04-18", "LA GUAJIRA / RIOHACHA / CHOLES", "JADER SUAREZ DELUQUE  (1969) B40; N N (1990) B43; N N (1988) B43; JOSE VICENTE LAVERDE GUZMAN  B40 Víctimas:4", "SIN INFORMACIÓN", "B:1:40 PERSECUCIÓN POLÍTICA:ASESINATO;  B:1:43 PERSECUCIÓN POLÍTICA:LESIÓN FÍSICA"
"2005-05-08", "LA GUAJIRA / RIOHACHA / MONGUÍ", "ELIDA BEATRIZ BRITO RODRIGUEZ  (1940) A10; D701; A10; D701; CRISTIAN MANUEL ACOSTA BRITO  (1970) A10; D701; A10; D701; GERCEL JOHAN PINTO DITTA  A10; D701; A10; D701; N N A10; D701; A10; D701 Víctimas:4", "POLICÍA. PARAMILITARES", "A:1:10 PERSECUCIÓN POLÍTICA:EJECUCIÓN EXTRAJUDICIAL;  D:1:701 PERSONAS:HOMICIDIO INTENCIONAL DE PERSONA PROTEGIDA"
"2005-05-16", "LA GUAJIRA / DIBULLA / MINGUEO", "PEDRO ZARABETA PINTO  B48 Víctimas:1", "SIN INFORMACIÓN", "B:1:48 PERSECUCIÓN POLÍTICA:RAPTO"
"2005-05-27", "LA GUAJIRA / FONSECA", "COMUNIDAD WAYÚU MAYABANGLOMA () Víctimas:0", "SIN INFORMACIÓN", "B:1:49 PERSECUCIÓN POLÍTICA:COLECTIVO AMENAZADO"
"2005-06-04", "LA GUAJIRA / RIOHACHA", "WILLIAM OÑATE  B41; EDWIN MOSCOTE  B41; AMILKAR TORO  B41; MIGUEL PEDRAZA  B41 Víctimas:4", "ELN", "B:1:41 PERSECUCIÓN POLÍTICA:SECUESTRO"
"2005-06-06", "LA GUAJIRA / DIBULLA / PALOMINO", " Víctimas:0", "GUERRILLA", "D:2:86 OBJETIVOS, MÉTODOS Y MÉDIOS ILÍCITOS:HAMBRE COMO MÉTODO DE GUERRA"
"2005-06-30", "LA GUAJIRA / RIOHACHA", "MARIA MERCEDES SARMIENTO MANCILLA  (1966) B40; RICARDO SANCHEZ SARMIENTO  (1987) B40 Víctimas:2", "SIN INFORMACIÓN", "B:1:40 PERSECUCIÓN POLÍTICA:ASESINATO"
"2005-07-13", "LA GUAJIRA / URIBIA", "DILIA EPINAYUU  (1955) A10; D701 Víctimas:1", "PARAMILITARES", "A:1:10 PERSECUCIÓN POLÍTICA:EJECUCIÓN EXTRAJUDICIAL;  D:1:701 PERSONAS:HOMICIDIO INTENCIONAL DE PERSONA PROTEGIDA"
"2005-07-20", "LA GUAJIRA / RIOHACHA", "RAFAEL CARO ESPITIA  B45; N N B45; DEFENSORES PUBLICOS WAYÚU (11) Víctimas:2", "SIN INFORMACIÓN", "B:1:45 PERSECUCIÓN POLÍTICA:AMENAZA;  B:1:49 PERSECUCIÓN POLÍTICA:COLECTIVO AMENAZADO"
"2005-07-22", "LA GUAJIRA / MAICAO / PARAGUACHÓN", "JOSE LUIS GONZALEZ CRESPO  (1937) B41 Víctimas:1", "ELN", "B:1:41 PERSECUCIÓN POLÍTICA:SECUESTRO"
"2005-07-25", "LA GUAJIRA / SAN JUAN DEL CESAR", "EDWIN NORBERTO VARGAS LARA  (1975) A10; D701; EDUARDO RAFAEL YEPES CALVO  (1965) A10; D701; GABRIEL SEGUNDO DURAN MOLINARES  (1976) A10; D701 Víctimas:3", "GAULA", "A:1:10 PERSECUCIÓN POLÍTICA:EJECUCIÓN EXTRAJUDICIAL;  D:1:701 PERSONAS:HOMICIDIO INTENCIONAL DE PERSONA PROTEGIDA"
"2005-07-28", "LA GUAJIRA / SAN JUAN DEL CESAR", "JAIR JAVIER ESTRADA MENDOZA  (1976) A20; MARELBIS MAESTRE  A23; ROBERTO JIMENEZ CASTRO  (1988) A23 Víctimas:3", "SIJIN", "A:2:20 ABUSO DE AUTORIDAD:EJECUCIÓN EXTRAJUDICIAL;  A:2:23 ABUSO DE AUTORIDAD:LESIÓN FÍSICA"
"2005-08-12", "LA GUAJIRA / BARRANCAS", "ALEXANDER USTATE ARROGOCES  A12; D72; A12; D72; EDUARD DUARTE PALMEZANO  A14; A14; TOMAS ALFONSO ARROGOCES  A14; A14 Víctimas:3", "EJERCITO. SIJIN", "A:1:12 PERSECUCIÓN POLÍTICA:TORTURA;  A:1:14 PERSECUCIÓN POLÍTICA:DETENCIÓN ARBITRARIA;  D:1:72 PERSONAS:TORTURA"
"2005-08-25", "LA GUAJIRA / SAN JUAN DEL CESAR", "ALCIBIADES MANUEL MEJIA SOLIS  (1971) A14; LUIS GUILLERMO MAESTRE CACERES  A14 Víctimas:2", "POLICÍA", "A:1:14 PERSECUCIÓN POLÍTICA:DETENCIÓN ARBITRARIA;  D:2:86 OBJETIVOS, MÉTODOS Y MÉDIOS ILÍCITOS:HAMBRE COMO MÉTODO DE GUERRA"
"2005-08-28", "LA GUAJIRA / RIOHACHA", "MARIA EUGENIA BERMEO A10; D701 Víctimas:1", "PARAMILITARES", "A:1:10 PERSECUCIÓN POLÍTICA:EJECUCIÓN EXTRAJUDICIAL;  D:1:701 PERSONAS:HOMICIDIO INTENCIONAL DE PERSONA PROTEGIDA"
"2005-09-03", "LA GUAJIRA / DIBULLA / PALOMINO", "COMUNIDAD INDIGENA KOGUI () Víctimas:0", "FARC-EP", "D:1:706 PERSONAS:COLECTIVO AMENAZADO;  D:3:95 MÉTODOS:CATEGORIA INEXISTENTE 95"
"2005-09-20", "LA GUAJIRA / RIOHACHA / CASCAJALITO", "N N (1995) B40; N N B40; N N B40; N N (1955) B40; N N B40; VEREDA JUAN Y MEDIO (); VEREDA LAS PALMAS (); VEREDA LA BALSA (); VEREDA PUERTO COLOMBIA (); VEREDA LAS CASITAS () Víctimas:5", "SIN INFORMACIÓN", "B:1:40 PERSECUCIÓN POLÍTICA:ASESINATO;  B:1:49 PERSECUCIÓN POLÍTICA:COLECTIVO AMENAZADO;  B:1:401 PERSECUCIÓN POLÍTICA:COLECTIVO DESPLAZADO"
"2005-09-24", "LA GUAJIRA / SAN JUAN DEL CESAR", "LUIS FELIPE BARRIOS  (1965) B41; RAFAEL VARGAS CAZADOR  (1946) B41 Víctimas:2", "ELN", "B:1:41 PERSECUCIÓN POLÍTICA:SECUESTRO"
"2005-10-13", "LA GUAJIRA / RIOHACHA", "ROGELIO PIMIENTA VARELA  (1969) A10; D701 Víctimas:1", "PARAMILITARES", "A:1:10 PERSECUCIÓN POLÍTICA:EJECUCIÓN EXTRAJUDICIAL;  D:1:701 PERSONAS:HOMICIDIO INTENCIONAL DE PERSONA PROTEGIDA"
"2005-10-14", "LA GUAJIRA / RIOHACHA", "LUIS OSWALDO NIEVES MONTAÑO  A13; D702 Víctimas:1", "PARAMILITARES", "A:1:13 PERSECUCIÓN POLÍTICA:LESIÓN FÍSICA;  D:1:702 PERSONAS:LESIÓN A PERSONA PROTEGIDA"
"2005-11-08", "LA GUAJIRA / RIOHACHA / MATITAS", "JOSE WILLIAM MARTINEZ  B41; MAURICIO ERNESTO VIVES LACOUTURE  B41 Víctimas:2", "ELN", "B:1:41 PERSECUCIÓN POLÍTICA:SECUESTRO"
"2005-12-09", "LA GUAJIRA", "LAUDELINO MEJÍA  A10; A14; D701 Víctimas:1", "EJERCITO", "A:1:10 PERSECUCIÓN POLÍTICA:EJECUCIÓN EXTRAJUDICIAL;  A:1:14 PERSECUCIÓN POLÍTICA:DETENCIÓN ARBITRARIA;  D:1:701 PERSONAS:HOMICIDIO INTENCIONAL DE PERSONA PROTEGIDA"
"2006-01-04", "LA GUAJIRA / SAN JUAN DEL CESAR", "CELSO CARRILLO PEREA  A10; A14; D701; RICARDO ARIAS SOLÍS  A10; A14; D701; AMBROSIO CHIMUSQUERO  A15; D73; SEBASTIÁN MOJICA  A15; D73 Víctimas:4", "EJERCITO", "A:1:10 PERSECUCIÓN POLÍTICA:EJECUCIÓN EXTRAJUDICIAL;  A:1:14 PERSECUCIÓN POLÍTICA:DETENCIÓN ARBITRARIA;  A:1:15 PERSECUCIÓN POLÍTICA:AMENAZA;  D:1:73 PERSONAS:AMENAZA;  D:1:701 PERSONAS:HOMICIDIO INTENCIONAL DE PERSONA PROTEGIDA"
"2006-01-09", "LA GUAJIRA / SAN JUAN DEL CESAR", "FERNANDO MONTAÑO ARMETA  B40 Víctimas:1", "COMBATIENTES", "B:1:40 PERSECUCIÓN POLÍTICA:ASESINATO"
"2006-01-21", "LA GUAJIRA / ALBANIA / HUAREUAREN", "GASPAR CAMBAR RAMIREZ  (1992) A10; D701; A10; D701; JAVIER PUSHAINA PUSHAINA  (1983) A10; D701; A10; D701; LUIS ANGEL FINZE IPUANA  (1982) A10; D701; A10; D701; GUSTAVO PUSHAINA PUSHAINA  (1982) A13; D702; A13; D702; MOISES BONIBENTO PUSHAINA  (1986) A13; D702; A13; D702; ANTONIO PUSHAINA PUSHAINA  (1936) A14; A14; EDUARDO PUSHAINA PUSHAINA  (1982) A14; A14; PABLO APUSHAINA IPUANA  (1987) A14; A14; INDIGENAS DE LA COMUNIDAD WAYUU WASIMAL () Víctimas:8", "EJERCITO. FISCALIA", "A:1:10 PERSECUCIÓN POLÍTICA:EJECUCIÓN EXTRAJUDICIAL;  A:1:13 PERSECUCIÓN POLÍTICA:LESIÓN FÍSICA;  A:1:14 PERSECUCIÓN POLÍTICA:DETENCIÓN ARBITRARIA;  A:1:18 PERSECUCIÓN POLÍTICA:COLECTIVO AMENAZADO;  D:1:701 PERSONAS:HOMICIDIO INTENCIONAL DE PERSONA PROTEGIDA;  D:1:702 PERSONAS:LESIÓN A PERSONA PROTEGIDA;  D:1:706 PERSONAS:COLECTIVO AMENAZADO;  D:3:95 MÉTODOS:CATEGORIA INEXISTENTE 95"
"2006-01-21", "LA GUAJIRA / ALBANIA / HUAREUAREN", "GASPAR CAMBAR RAMÍREZ  (1990) A10; D701; A10; D701; JAVIER PUSHAINA  (1978) A10; D701; A10; D701; LUIS ANGEL FINCE IPUANA  (1988) A10; D701; A10; D701; N N A13; D702; A13; D702; N N A13; D702; A13; D702; N N A13; D702; A13; D702; ANTONIO PUSHAINA  (1936) A14; A14; EDUARDO PUSHAINA  (1936) A14; A14; PABLO ARPUSHAINA  A14; A14; INDIGENAS DE LA COMUNIDAD WAYUÚ WASIMAL () Víctimas:9", "EJERCITO. FISCALIA", "A:1:10 PERSECUCIÓN POLÍTICA:EJECUCIÓN EXTRAJUDICIAL;  A:1:13 PERSECUCIÓN POLÍTICA:LESIÓN FÍSICA;  A:1:14 PERSECUCIÓN POLÍTICA:DETENCIÓN ARBITRARIA;  A:1:18 PERSECUCIÓN POLÍTICA:COLECTIVO AMENAZADO;  D:1:701 PERSONAS:HOMICIDIO INTENCIONAL DE PERSONA PROTEGIDA;  D:1:702 PERSONAS:LESIÓN A PERSONA PROTEGIDA;  D:1:706 PERSONAS:COLECTIVO AMENAZADO;  D:2:86 OBJETIVOS, MÉTODOS Y MÉDIOS ILÍCITOS:HAMBRE COMO MÉTODO DE GUERRA;  D:3:95 MÉTODOS:CATEGORIA INEXISTENTE 95"
"2006-02-28", "LA GUAJIRA / RIOHACHA", " Víctimas:0", "FARC-EP", "D:2:80 OBJETIVOS, MÉTODOS Y MÉDIOS ILÍCITOS:BIENES CIVILES"
"2006-02-28", "LA GUAJIRA / RIOHACHA / BARBACOA", "ENEIDA JOSEFA QUINTERO EPIAYÚ  A10; D701; LUIS ALFONSO BRITO CARRILLO  A10; D701 Víctimas:2", "PARAMILITARES", "A:1:10 PERSECUCIÓN POLÍTICA:EJECUCIÓN EXTRAJUDICIAL;  D:1:701 PERSONAS:HOMICIDIO INTENCIONAL DE PERSONA PROTEGIDA"
"2006-03-20", "LA GUAJIRA / SAN JUAN DEL CESAR", "FAMILIA NIEVES LOPERA (4); FAMILIA BOLAÑOS VEGA (4); COMUNIDAD INDIGENA WIWA DE PEÑA DE LOS INDIOS (); COMUNIDAD INDIGENA WIWA DE LA LOMA DEL POTRERO (); COMUNIDAD INDIGENA WIWA DEL CANEY () Víctimas:0", "EJERCITO", "A:1:18 PERSECUCIÓN POLÍTICA:COLECTIVO AMENAZADO;  A:1:102 PERSECUCIÓN POLÍTICA:DESPLAZAMIENTO FORZADO;  D:1:706 PERSONAS:COLECTIVO AMENAZADO;  D:1:903 PERSONAS:DESPLAZAMIENTO FORZADO;  D:3:902 MÉTODOS:CATEGORIA INEXISTENTE 902"
"2006-03-20", "LA GUAJIRA / SAN JUAN DEL CESAR", "GEOVANIS MONTAÑO MENDOZA  A14; OBDULIO DARÍO MONTAÑO ARMETA  A14; OBDULIO DARÍO MONTAÑO ARMETA  A14; YAMELIS DEL ROSARIO MONTAÑO ARMETA  A14; JULIO BOLIVAR MONTAÑO LOPERENA  A14 Víctimas:5", "EJERCITO", "A:1:14 PERSECUCIÓN POLÍTICA:DETENCIÓN ARBITRARIA"
"2006-03-25", "LA GUAJIRA / URIBIA", "INDIGENAS DE LA COMUNIDAD WAYUÚ DE POROPO (); INDIGENAS DE LA COMUNIDAD WAYUÚ DE PERPANA (); INDIGENAS DE LA COMUNIDAD WAYUÚ DE LA ESPERANZA (); INDIGENAS DE LA COMUNIDAD WAYUÚ DE TRES BOCAS (); INDIGENAS DE LA COMUNIDAD WAYUÚ DE PUSHEO (); INDIGENAS DE LA COMUNIDAD WAYUÚ LA LOMA (); INDIGENAS DE LA COMUNIDAD WAYUÚ KARIWAC (); INDIGENAS DE LA COMUNIDAD WAYUÚ JATETE (); INDIGENAS DE LA COMUNIDAD WAYUÚ JEPSUT (); INDIGENAS DE LA COMUNIDAD WAYUÚ KARIMAYA (); INDIGENAS DE LA COMUNIDAD WAYUÚ ARIGUNAKIMANA (); INDIGENAS DE LA COMUNIDAD WAYUÚ BAHÍA PORTETE () Víctimas:0", "PARAMILITARES", "A:1:18 PERSECUCIÓN POLÍTICA:COLECTIVO AMENAZADO;  D:1:706 PERSONAS:COLECTIVO AMENAZADO"
"2006-03-26", "LA GUAJIRA / EL MOLINO", "TATIANA PATRICIA ARRIETA A10; D701 Víctimas:1", "EJERCITO", "A:1:10 PERSECUCIÓN POLÍTICA:EJECUCIÓN EXTRAJUDICIAL;  D:1:701 PERSONAS:HOMICIDIO INTENCIONAL DE PERSONA PROTEGIDA"
"2006-04-02", "LA GUAJIRA / SAN JUAN DEL CESAR", "DOUGLAS ALBERTO TABERA DÍAZ (1979) A10; D701; DANY ALBERTO DÍAZ SARMIENTO A10; D701; PERSONA SIN IDENTIFICAR  A10; D701; PERSONA SIN IDENTIFICAR  A10; D701 Víctimas:4", "EJERCITO", "A:1:10 PERSECUCIÓN POLÍTICA:EJECUCIÓN EXTRAJUDICIAL;  D:1:701 PERSONAS:HOMICIDIO INTENCIONAL DE PERSONA PROTEGIDA"
"2006-04-06", "LA GUAJIRA / RIOHACHA", "JUAN RAFAEL ALBERTO GIL  B40 Víctimas:1", "COMBATIENTES", "B:1:40 PERSECUCIÓN POLÍTICA:ASESINATO"
"2006-04-17", "LA GUAJIRA / SAN JUAN DEL CESAR", "WILSÓN ENRIQUE VILLAZÓN VILLAZÓN  A15; D73 Víctimas:1", "EJERCITO", "A:1:15 PERSECUCIÓN POLÍTICA:AMENAZA;  D:1:73 PERSONAS:AMENAZA"
"2006-04-30", "LA GUAJIRA / SAN JUAN DEL CESAR / LA JUNTA", "HECTOR JOSÉ NIEVES  A10; D701; HILVIO JOSÉ NIEVES NIEVES  A14; A15; D73; RAFAEL ENRIQUE NIEVES  A14; A15; D73; JOSÉ FRANCISCO NIEVES  A14; A15; D73; MARÍA DEL CARMEN NIEVES  A15; D73; OFELIA ELENA NIEVES  A15; D73; CARMÉN PATRICIA NIEVES  A15; D73; YOLEIDA MARÍA NIEVES  A15; D73; JOSE FRANCISCO NIEVES (hijo)  A15; D73 Víctimas:9", "POLICÍA", "A:1:10 PERSECUCIÓN POLÍTICA:EJECUCIÓN EXTRAJUDICIAL;  A:1:14 PERSECUCIÓN POLÍTICA:DETENCIÓN ARBITRARIA;  A:1:15 PERSECUCIÓN POLÍTICA:AMENAZA;  D:1:73 PERSONAS:AMENAZA;  D:1:701 PERSONAS:HOMICIDIO INTENCIONAL DE PERSONA PROTEGIDA"
"2006-04-30", "LA GUAJIRA / SAN JUAN DEL CESAR / LA JUNTA", "JORGE LUIS MONTERO MALO  A14 Víctimas:1", "POLICÍA", "A:1:14 PERSECUCIÓN POLÍTICA:DETENCIÓN ARBITRARIA"
"2006-05-03", "LA GUAJIRA / SAN JUAN DEL CESAR", "JOSÉ JAIME LOPERA MONTERO  A15; D73; DEINER ENRIQUE MONTAÑO MAESTRE  A15; D73 Víctimas:2", "POLICÍA", "A:1:15 PERSECUCIÓN POLÍTICA:AMENAZA;  D:1:73 PERSONAS:AMENAZA"
"2006-05-10", "LA GUAJIRA / RIOHACHA / GALÁN", "VÍCTOR MANUEL RAMIREZ ZUBURÍA  D701 Víctimas:1", "FARC-EP", "D:1:701 PERSONAS:HOMICIDIO INTENCIONAL DE PERSONA PROTEGIDA"
"2006-05-15", "LA GUAJIRA / RIOHACHA", "GALVIS OSORIO ESTRADA VIDAL A10; D701 Víctimas:1", "GAULA", "A:1:10 PERSECUCIÓN POLÍTICA:EJECUCIÓN EXTRAJUDICIAL;  D:1:701 PERSONAS:HOMICIDIO INTENCIONAL DE PERSONA PROTEGIDA"
"2006-05-30", "LA GUAJIRA / MANAURE", " Víctimas:0", "FARC-EP", "D:2:80 OBJETIVOS, MÉTODOS Y MÉDIOS ILÍCITOS:BIENES CIVILES"
"2006-07-04", "LA GUAJIRA / LA JAGUA DEL PILAR", "MARIO ALBERTO CAMARGO BARAHONA  A10; D701; YEINER PEREZ ARIAS  A10; D701; JOSE ENRIQUEZ GUTIERREZ ARIAS  A10; D701 Víctimas:3", "EJERCITO", "A:1:10 PERSECUCIÓN POLÍTICA:EJECUCIÓN EXTRAJUDICIAL;  D:1:701 PERSONAS:HOMICIDIO INTENCIONAL DE PERSONA PROTEGIDA"
"2006-08-02", "LA GUAJIRA / LA JAGUA DEL PILAR", "ROMAN LUIS VEGA NIEVES  A10; D701 Víctimas:1", "EJERCITO", "A:1:10 PERSECUCIÓN POLÍTICA:EJECUCIÓN EXTRAJUDICIAL;  D:1:701 PERSONAS:HOMICIDIO INTENCIONAL DE PERSONA PROTEGIDA"
"2006-08-04", "LA GUAJIRA / LA JAGUA DEL PILAR", "ROMÁN VEGA NIEVES  A10; D701 Víctimas:1", "EJERCITO", "A:1:10 PERSECUCIÓN POLÍTICA:EJECUCIÓN EXTRAJUDICIAL;  D:1:701 PERSONAS:HOMICIDIO INTENCIONAL DE PERSONA PROTEGIDA"
"2006-08-14", "LA GUAJIRA / RIOHACHA", "JOSE LUIS GONZALEZ CRESPO  D73 Víctimas:1", "FARC-EP", "D:1:73 PERSONAS:AMENAZA"
"2006-08-14", "LA GUAJIRA / DIBULLA / PALOMINO", "JHON JAIRO NUÑEZ CAMELO A10; D701; A11 Víctimas:1", "EJERCITO", "A:1:10 PERSECUCIÓN POLÍTICA:EJECUCIÓN EXTRAJUDICIAL;  A:1:11 PERSECUCIÓN POLÍTICA:DESAPARICIÓN FORZADA;  D:1:701 PERSONAS:HOMICIDIO INTENCIONAL DE PERSONA PROTEGIDA"
"2006-10-18", "LA GUAJIRA / RIOHACHA", "DOUGLAS ALONSO MEJIA PINTO  B40 Víctimas:1", "SIN INFORMACIÓN", "B:1:40 PERSECUCIÓN POLÍTICA:ASESINATO"
"2006-11-14", "LA GUAJIRA / ALBANIA / CUESTECITAS", "ORLANDO RAFAEL EPIAYU A20; JORGE MIGUEL REINOSO RODRIGUEZ A20 Víctimas:2", "GAULA", "A:2:20 ABUSO DE AUTORIDAD:EJECUCIÓN EXTRAJUDICIAL"
"2006-11-23", "LA GUAJIRA / SAN JUAN DEL CESAR / CAÑAVERALES", "GIOVANNY CORTEZ MINDIOLA A10; D701; CARLOS AUGUSTO GONZALEZ CORTEZ A10; D701 Víctimas:2", "EJERCITO", "A:1:10 PERSECUCIÓN POLÍTICA:EJECUCIÓN EXTRAJUDICIAL;  D:1:701 PERSONAS:HOMICIDIO INTENCIONAL DE PERSONA PROTEGIDA"
"2006-12-20", "LA GUAJIRA / RIOHACHA", "ELIAS MEJIA DE LA CRUZ  B45 Víctimas:1", "SIN INFORMACIÓN", "B:1:45 PERSECUCIÓN POLÍTICA:AMENAZA"
"2007-01-09", "LA GUAJIRA / RIOHACHA", "MILDER VICENTE CHOLES LOPEZ  B45; ADALBERTO REDONDO  B45 Víctimas:2", "SIN INFORMACIÓN", "B:1:45 PERSECUCIÓN POLÍTICA:AMENAZA"
"2007-02-04", "LA GUAJIRA / RIOHACHA", "HENRY CASTILLO PARODI  B40 Víctimas:1", "SIN INFORMACIÓN", "B:1:40 PERSECUCIÓN POLÍTICA:ASESINATO"
"2007-02-09", "LA GUAJIRA / SAN JUAN DEL CESAR / CARACOLÍ", "KENNEDY ENRIQUE PEDROSO VANEGAS  A10; D701; MARIA ELENA PERTUZ VILLA  A10; D701; N N A10; D701 Víctimas:3", "EJERCITO", "A:1:10 PERSECUCIÓN POLÍTICA:EJECUCIÓN EXTRAJUDICIAL;  D:1:701 PERSONAS:HOMICIDIO INTENCIONAL DE PERSONA PROTEGIDA"
"2007-02-10", "LA GUAJIRA / URIBIA", "ESTHER PEÑA  A20 Víctimas:1", "EJERCITO", "A:2:20 ABUSO DE AUTORIDAD:EJECUCIÓN EXTRAJUDICIAL"
"2007-02-11", "LA GUAJIRA / VILLANUEVA", "YILBER DE JESUS ATENCIO OROZCO A10; D701 Víctimas:1", "EJERCITO", "A:1:10 PERSECUCIÓN POLÍTICA:EJECUCIÓN EXTRAJUDICIAL;  D:1:701 PERSONAS:HOMICIDIO INTENCIONAL DE PERSONA PROTEGIDA"
"2007-02-18", "LA GUAJIRA / FONSECA", "GREGORIO SOLANO URIANA  A10; A11; D701 Víctimas:1", "PARAMILITARES", "A:1:10 PERSECUCIÓN POLÍTICA:EJECUCIÓN EXTRAJUDICIAL;  A:1:11 PERSECUCIÓN POLÍTICA:DESAPARICIÓN FORZADA;  D:1:701 PERSONAS:HOMICIDIO INTENCIONAL DE PERSONA PROTEGIDA"
"2007-03-02", "LA GUAJIRA / URUMITA", "JOSE DEL CARMEN PACHECO  A10; D701; LUIS ALFONSO PABON PEREZ  A10; D701 Víctimas:2", "EJERCITO", "A:1:10 PERSECUCIÓN POLÍTICA:EJECUCIÓN EXTRAJUDICIAL;  D:1:701 PERSONAS:HOMICIDIO INTENCIONAL DE PERSONA PROTEGIDA"
"2007-03-03", "LA GUAJIRA / MAICAO / PARAGUACHÓN", "ANGELO JOEL PAZ GONZALEZ  A10; D701; DANIEL PAZ GONZALEZ  A10; D701 Víctimas:2", "PARAMILITARES", "A:1:10 PERSECUCIÓN POLÍTICA:EJECUCIÓN EXTRAJUDICIAL;  D:1:701 PERSONAS:HOMICIDIO INTENCIONAL DE PERSONA PROTEGIDA"
"2007-03-14", "LA GUAJIRA / HATONUEVO", "OSIRIS JACQUELINE AMAYA BELTRAN  A10; D701 Víctimas:1", "PARAMILITARES", "A:1:10 PERSECUCIÓN POLÍTICA:EJECUCIÓN EXTRAJUDICIAL;  D:1:701 PERSONAS:HOMICIDIO INTENCIONAL DE PERSONA PROTEGIDA"
"2007-03-19", "LA GUAJIRA / SAN JUAN DEL CESAR / POTRERITO", "VICTOR JULIO MENDOZA MONTERO  B48 Víctimas:1", "SIN INFORMACIÓN", "B:1:48 PERSECUCIÓN POLÍTICA:RAPTO"
"2007-04-11", "LA GUAJIRA / RIOHACHA", "ALEJANDRO URARIYU EPINAYU  D701 Víctimas:1", "FARC-EP", "D:1:701 PERSONAS:HOMICIDIO INTENCIONAL DE PERSONA PROTEGIDA"
"2007-04-12", "LA GUAJIRA / SAN JUAN DEL CESAR / EL TABLAZO", "JEY RAFAEL TROCHA LOZANO A10; D701 Víctimas:1", "EJERCITO", "A:1:10 PERSECUCIÓN POLÍTICA:EJECUCIÓN EXTRAJUDICIAL;  D:1:701 PERSONAS:HOMICIDIO INTENCIONAL DE PERSONA PROTEGIDA"
"2007-04-14", "LA GUAJIRA / RIOHACHA / TOMARRAZÓN", "EDILBERTO GOMEZ HERNANDEZ  A10; D701 Víctimas:1", "EJERCITO", "A:1:10 PERSECUCIÓN POLÍTICA:EJECUCIÓN EXTRAJUDICIAL;  D:1:701 PERSONAS:HOMICIDIO INTENCIONAL DE PERSONA PROTEGIDA"
"2007-04-22", "LA GUAJIRA / RIOHACHA", "MAURICIO VIVES LACOUTURE  D702 Víctimas:1", "ELN", "D:1:702 PERSONAS:LESIÓN A PERSONA PROTEGIDA"
"2007-04-26", "LA GUAJIRA / RIOHACHA / GALÁN", " Víctimas:0", "FARC-EP", "D:2:80 OBJETIVOS, MÉTODOS Y MÉDIOS ILÍCITOS:BIENES CIVILES"
"2007-05-04", "LA GUAJIRA / MAICAO", "JOSE LUIS GUTIERREZ GONZALEZ  B40 Víctimas:1", "SIN INFORMACIÓN", "B:1:40 PERSECUCIÓN POLÍTICA:ASESINATO"
"2007-05-14", "LA GUAJIRA / RIOHACHA", "MARYURIS GUTIERREZ RIVERA  B45; FAMILIA GUTIERREZ RIVERA () Víctimas:1", "SIN INFORMACIÓN", "B:1:45 PERSECUCIÓN POLÍTICA:AMENAZA;  B:1:49 PERSECUCIÓN POLÍTICA:COLECTIVO AMENAZADO"
"2007-05-22", "LA GUAJIRA / RIOHACHA", "MAURICIO ERNESTO VIVES LACOUTURE  D703 Víctimas:1", "COMBATIENTES", "D:1:703 PERSONAS:CIVIL MUERTO EN ACCIÓN BÉLICA"
"2007-05-22", "LA GUAJIRA / RIOHACHA", "MAURICIO VIVES LACOUTURE  A10; D701 Víctimas:1", "EJERCITO", "A:1:10 PERSECUCIÓN POLÍTICA:EJECUCIÓN EXTRAJUDICIAL;  D:1:701 PERSONAS:HOMICIDIO INTENCIONAL DE PERSONA PROTEGIDA"
"2007-06-04", "LA GUAJIRA / MAICAO", "ORGANIZACIONES WAYUU DE MAICAO () Víctimas:0", "PARAMILITARES", "A:1:18 PERSECUCIÓN POLÍTICA:COLECTIVO AMENAZADO;  D:1:706 PERSONAS:COLECTIVO AMENAZADO"
"2007-06-18", "LA GUAJIRA / BARRANCAS", "EUSEBIO GIL PUSHAINA  (1968) A10; D701; SERGIO ANDRES SOLANO URIANA  (1986) A10; D701; N N A15; D73 Víctimas:3", "EJERCITO", "A:1:10 PERSECUCIÓN POLÍTICA:EJECUCIÓN EXTRAJUDICIAL;  A:1:15 PERSECUCIÓN POLÍTICA:AMENAZA;  D:1:73 PERSONAS:AMENAZA;  D:1:701 PERSONAS:HOMICIDIO INTENCIONAL DE PERSONA PROTEGIDA"
"2007-07-21", "LA GUAJIRA / SAN JUAN DEL CESAR / CURAZAO", "PEDRO EVANGELISTA MONTERO NIEVES  (1968) A10; D701 Víctimas:1", "PARAMILITARES", "A:1:10 PERSECUCIÓN POLÍTICA:EJECUCIÓN EXTRAJUDICIAL;  D:1:701 PERSONAS:HOMICIDIO INTENCIONAL DE PERSONA PROTEGIDA"
"2007-09-29", "LA GUAJIRA", "EMPRESA SOTRANS () Víctimas:0", "FARC-EP", "D:1:706 PERSONAS:COLECTIVO AMENAZADO;  D:2:80 OBJETIVOS, MÉTODOS Y MÉDIOS ILÍCITOS:BIENES CIVILES"
"2007-11-23", "LA GUAJIRA / URIBIA", "CHICHI EPINAYU  (1972) A10; D701; JULIAN EPINAYU  A11; MASPARRAY EPINAYU  A13; D702 Víctimas:3", "PARAMILITARES", "A:1:10 PERSECUCIÓN POLÍTICA:EJECUCIÓN EXTRAJUDICIAL;  A:1:11 PERSECUCIÓN POLÍTICA:DESAPARICIÓN FORZADA;  A:1:13 PERSECUCIÓN POLÍTICA:LESIÓN FÍSICA;  D:1:701 PERSONAS:HOMICIDIO INTENCIONAL DE PERSONA PROTEGIDA;  D:1:702 PERSONAS:LESIÓN A PERSONA PROTEGIDA"
"2008-01-15", "LA GUAJIRA / MAICAO", "THAYS ANTONIO CABALLERO (1981) A10; D701 Víctimas:1", "GAULA", "A:1:10 PERSECUCIÓN POLÍTICA:EJECUCIÓN EXTRAJUDICIAL;  D:1:701 PERSONAS:HOMICIDIO INTENCIONAL DE PERSONA PROTEGIDA"
"2008-02-17", "LA GUAJIRA", "MARIO ALFONSO PUELLO  B41; MAIKOL MENDOZA  B41; JOHN ROMERO  B41 Víctimas:3", "ELN", "B:1:41 PERSECUCIÓN POLÍTICA:SECUESTRO"
"2008-02-19", "LA GUAJIRA / HATONUEVO", "JULIO URIANA EPIAYU  A10; D701 Víctimas:1", "PARAMILITARES", "A:1:10 PERSECUCIÓN POLÍTICA:EJECUCIÓN EXTRAJUDICIAL;  D:1:701 PERSONAS:HOMICIDIO INTENCIONAL DE PERSONA PROTEGIDA"
"2008-03-01", "LA GUAJIRA / MANAURE", "COMUNIDAD INDIGENA WAYUU () Víctimas:0", "PARAMILITARES", "A:1:18 PERSECUCIÓN POLÍTICA:COLECTIVO AMENAZADO;  D:1:706 PERSONAS:COLECTIVO AMENAZADO"
"2008-03-05", "LA GUAJIRA / BARRANCAS / GUAYACANAL", "JOSE ALBERTO EPIAYU  (1971) A12; D72 Víctimas:1", "PARAMILITARES", "A:1:12 PERSECUCIÓN POLÍTICA:TORTURA;  D:1:72 PERSONAS:TORTURA"
"2008-03-11", "LA GUAJIRA / MANAURE", "KENNETH RIVADENEIRA  A15; D73; N N A15; D73; N N A15; D73; N N A15; D73; N N A15; D73; N N A15; D73; N N A15; D73; N N A15; D73; N N A15; D73 Víctimas:9", "PARAMILITARES", "A:1:15 PERSECUCIÓN POLÍTICA:AMENAZA;  D:1:73 PERSONAS:AMENAZA"
"2008-03-22", "LA GUAJIRA / RIOHACHA", "ADOLFO GONZALEZ MONTES  A10; A12; D72; D701; SINDICATO NACIONAL DE TRABAJADORES METALÚRGICOS, MECÁNICOS, METALMECÁNICOS, SIDERÚRGICOS, MINEROS DEL MATERIAL ELÉCTRICO Y ELECTRÓNICO  () Víctimas:1", "ESTADO COLOMBIANO", "A:1:10 PERSECUCIÓN POLÍTICA:EJECUCIÓN EXTRAJUDICIAL;  A:1:12 PERSECUCIÓN POLÍTICA:TORTURA;  A:1:18 PERSECUCIÓN POLÍTICA:COLECTIVO AMENAZADO;  D:1:72 PERSONAS:TORTURA;  D:1:701 PERSONAS:HOMICIDIO INTENCIONAL DE PERSONA PROTEGIDA;  D:1:706 PERSONAS:COLECTIVO AMENAZADO"
"2008-03-27", "LA GUAJIRA / RIOHACHA", "JAIME DELUQUE DIAZ  A15; D73; DIRECTIVOS DEL SINDICATO DE TRABAJADORES DE CERREJON () Víctimas:1", "PARAMILITARES", "A:1:15 PERSECUCIÓN POLÍTICA:AMENAZA;  A:1:18 PERSECUCIÓN POLÍTICA:COLECTIVO AMENAZADO;  D:1:73 PERSONAS:AMENAZA;  D:1:706 PERSONAS:COLECTIVO AMENAZADO"
"2008-04-02", "LA GUAJIRA / FONSECA", "HENRY USTARIZ GUERRA A10; D701; WILFRIDO FONSECA PEÑARANDA A10; D701 Víctimas:2", "PARAMILITARES", "A:1:10 PERSECUCIÓN POLÍTICA:EJECUCIÓN EXTRAJUDICIAL;  D:1:701 PERSONAS:HOMICIDIO INTENCIONAL DE PERSONA PROTEGIDA"
"2008-04-14", "LA GUAJIRA / RIOHACHA", "HELI ARREGOCES  A15; D73 Víctimas:1", "PARAMILITARES", "A:1:15 PERSECUCIÓN POLÍTICA:AMENAZA;  D:1:73 PERSONAS:AMENAZA"
"2008-05-07", "LA GUAJIRA / RIOHACHA", "ABOGADOS DE DESPLAZADOS DE LA GUAJIRA (); FUNCIONARIOS DE ACCION SOCIAL DE LA GUAJIRA (); MIEMBROS DEFENSORIA DEL PUEBLO DE LA GUAJIRA (); PERSONEROS MUNICIPALES DE LA GUAJIRA (); LIDERES POBLACION DESPLAZADA DE LA GUAJIRA (); ABOGADOS DE DESPLAZADOS DEL MAGDALENA  (); FUNCIONARIOS DE ACCION SOCIAL DEL MAGDALENA (); MIEMBROS DEFENSORIA DEL PUEBLO DEL MAGDALENA (); PERSONEROS MUNICIPALES DEL MAGDALENA (); LIDERES POBLACION DESPLAZADA DEL MAGDALENA (); ABOGADOS DE DESPLAZADOS DEL CESAR  (); FUNCIONARIOS DE ACCION SOCIAL DEL CESAR (); MIEMBROS DEFENSORIA DEL PUEBLO DEL CESAR (); PERSONEROS MUNICIPALES DEL CESAR (); LIDERES POBLACION DESPLAZADA DEL CESAR () Víctimas:0", "PARAMILITARES", "A:1:18 PERSECUCIÓN POLÍTICA:COLECTIVO AMENAZADO;  D:1:706 PERSONAS:COLECTIVO AMENAZADO"
"2008-05-15", "LA GUAJIRA / MAICAO", "LUCILA PUSHAINA  B40; N N B43 Víctimas:2", "SIN INFORMACIÓN", "B:1:40 PERSECUCIÓN POLÍTICA:ASESINATO;  B:1:43 PERSECUCIÓN POLÍTICA:LESIÓN FÍSICA"
"2008-05-20", "LA GUAJIRA / RIOHACHA", " Víctimas:0", "FARC-EP", "D:2:80 OBJETIVOS, MÉTODOS Y MÉDIOS ILÍCITOS:BIENES CIVILES"
"2008-07-08", "LA GUAJIRA / MAICAO", "JIMMY REVELO  B40 Víctimas:1", "SIN INFORMACIÓN", "B:1:40 PERSECUCIÓN POLÍTICA:ASESINATO"
"2008-08-11", "LA GUAJIRA / MAICAO", "FUERZA DE MUJERES WAYUU  (); COMUNIDAD INDIGENA RANCHERÍAS  (); ALIANZA ORGANIZATIVA DE MUEJRES WAYUU  () Víctimas:0", "PARAMILITARES", "A:1:18 PERSECUCIÓN POLÍTICA:COLECTIVO AMENAZADO;  D:1:706 PERSONAS:COLECTIVO AMENAZADO"
"2008-10-15", "LA GUAJIRA / RIOHACHA", "JUAN HUMBERTO EPIAYU URIANA  A11; COMUNIDAD INDIGENA SANTA ROSA  (); COMUNIDADES INDIGENAS WAYUU,  () Víctimas:1", "PARAMILITARES", "A:1:11 PERSECUCIÓN POLÍTICA:DESAPARICIÓN FORZADA;  A:1:18 PERSECUCIÓN POLÍTICA:COLECTIVO AMENAZADO;  D:1:706 PERSONAS:COLECTIVO AMENAZADO"
"2008-10-18", "LA GUAJIRA / RIOHACHA", "POBLADORES DE RIOHACHA () Víctimas:0", "PARAMILITARES", "A:1:18 PERSECUCIÓN POLÍTICA:COLECTIVO AMENAZADO;  D:1:706 PERSONAS:COLECTIVO AMENAZADO"
"2008-11-08", "LA GUAJIRA / MAICAO", "EIDER MANUEL BARROS PALMAR  B40; RAFAEL ANTONIO VALDEBLÁNQUEZ BARROS  B40; MARÍA MARY EPIAYÚ IPUANA  B40; N N B40; N N B40; N N B40; N N B43; N N B43; N N B43 Víctimas:9", "SIN INFORMACIÓN", "B:1:40 PERSECUCIÓN POLÍTICA:ASESINATO;  B:1:43 PERSECUCIÓN POLÍTICA:LESIÓN FÍSICA"
"2008-12-03", "LA GUAJIRA / MAICAO", "LUIS JOSÉ ARAGÓN SOLANO  B40 Víctimas:1", "SIN INFORMACIÓN", "B:1:40 PERSECUCIÓN POLÍTICA:ASESINATO"
"2008-12-09", "LA GUAJIRA / MAICAO", "MIGUEL ÁNGEL OSPINA BOSCÁN  A10; A12; D72; D701 Víctimas:1", "PARAMILITARES", "A:1:10 PERSECUCIÓN POLÍTICA:EJECUCIÓN EXTRAJUDICIAL;  A:1:12 PERSECUCIÓN POLÍTICA:TORTURA;  D:1:72 PERSONAS:TORTURA;  D:1:701 PERSONAS:HOMICIDIO INTENCIONAL DE PERSONA PROTEGIDA"
"2009-01-26", "LA GUAJIRA / RIOHACHA", "LUIS BARROS AREVALO  B45 Víctimas:1", "SIN INFORMACIÓN", "B:1:45 PERSECUCIÓN POLÍTICA:AMENAZA"
"2009-02-06", "LA GUAJIRA / RIOHACHA", "EIRA GOMEZ VANGRIEKEN  B45 Víctimas:1", "SIN INFORMACIÓN", "B:1:45 PERSECUCIÓN POLÍTICA:AMENAZA"
"2009-02-16", "LA GUAJIRA / RIOHACHA", "MARIO ALFONSO PUELLO  B45 Víctimas:1", "SIN INFORMACIÓN", "B:1:45 PERSECUCIÓN POLÍTICA:AMENAZA"
"2009-02-20", "LA GUAJIRA / RIOHACHA", "MELBA MIELES RAMIREZ  B45 Víctimas:1", "SIN INFORMACIÓN", "B:1:45 PERSECUCIÓN POLÍTICA:AMENAZA"
"2009-03-02", "LA GUAJIRA / RIOHACHA", "RAFAEL DE VEGA  B45; B46; ALFONSO LOPEZ  B45; B46; AGUSTIN SANCHEZ  B45; B46 Víctimas:3", "SIN INFORMACIÓN", "B:1:45 PERSECUCIÓN POLÍTICA:AMENAZA;  B:1:46 PERSECUCIÓN POLÍTICA:ATENTADO"
"2009-03-02", "LA GUAJIRA / RIOHACHA", "EDER ENRIQUE SIERRA CARRANZA  (1971) B40; D73; B40; D73 Víctimas:1", "SIN INFORMACIÓN", "B:1:40 PERSECUCIÓN POLÍTICA:ASESINATO;  D:1:73 PERSONAS:AMENAZA"
"2009-03-07", "LA GUAJIRA / RIOHACHA", "MELBA RIELES RAMIREZ  B45 Víctimas:1", "SIN INFORMACIÓN", "B:1:45 PERSECUCIÓN POLÍTICA:AMENAZA"
"2009-03-17", "LA GUAJIRA / MAICAO", "COLECTIVO DROGADICTOS (); COLECTIVO TRABAJADORAS SEXUALES (); COLECTIVO MENORES DE EDAD (); COLECTIVO LADRONES () Víctimas:0", "PARAMILITARES", "A:3:38 INTOLERANCIA SOCIAL:COLECTIVO AMENAZADO"
"2009-03-23", "LA GUAJIRA / RIOHACHA", "POBLADORES ANAIME (); POBLADORES EBANAL (); POBLADORES TIGRERA (); POBLADORES CHOLES (); POBLADORES BARBACOA (); POBLADORES ARROYO ARENA () Víctimas:0", "PARAMILITARES", "A:1:18 PERSECUCIÓN POLÍTICA:COLECTIVO AMENAZADO;  D:1:706 PERSONAS:COLECTIVO AMENAZADO"
"2009-05-17", "LA GUAJIRA / BARRANCAS", "SERAFINA CANTILLO MORENO  B45 Víctimas:1", "SIN INFORMACIÓN", "B:1:45 PERSECUCIÓN POLÍTICA:AMENAZA"
"2009-07-14", "LA GUAJIRA / URUMITA", "CONCEJO MUNICIPAL DE URUMITA () Víctimas:0", "FARC-EP", "D:1:706 PERSONAS:COLECTIVO AMENAZADO"
"2009-07-28", "LA GUAJIRA / RIOHACHA", "ABOGADOS DEFENSORIA REGIONAL DEL PUEBLO DE LA GUAJIRA () Víctimas:0", "SIN INFORMACIÓN", "B:1:49 PERSECUCIÓN POLÍTICA:COLECTIVO AMENAZADO"
"2009-07-28", "LA GUAJIRA / RIOHACHA", "LEONOR VILORIA GONZALEZ  B45; N N B43 Víctimas:2", "SIN INFORMACIÓN", "B:1:43 PERSECUCIÓN POLÍTICA:LESIÓN FÍSICA;  B:1:45 PERSECUCIÓN POLÍTICA:AMENAZA"
"2009-08-18", "LA GUAJIRA / URIBIA / PORCHINA", "MARCO SEGUNDO GONZALEZ GONZALEZ  (1984) A20; A21; A22 Víctimas:1", "EJERCITO", "A:2:20 ABUSO DE AUTORIDAD:EJECUCIÓN EXTRAJUDICIAL;  A:2:21 ABUSO DE AUTORIDAD:DESAPARICIÓN FORZADA;  A:2:22 ABUSO DE AUTORIDAD:TORTURA"
"2009-08-19", "LA GUAJIRA / FONSECA", " Víctimas:0", "FARC-EP", "D:2:80 OBJETIVOS, MÉTODOS Y MÉDIOS ILÍCITOS:BIENES CIVILES"
"2009-09-19", "LA GUAJIRA / RIOHACHA / GALÁN", " Víctimas:0", "FARC-EP", "D:2:80 OBJETIVOS, MÉTODOS Y MÉDIOS ILÍCITOS:BIENES CIVILES"
"2009-11-07", "LA GUAJIRA / SAN JUAN DEL CESAR / LA PEÑA DE LOS INDIOS", "N N (1996) A23; A29; A296; N N A25; FAMILIA CAMPESINA () Víctimas:2", "EJERCITO", "A:2:23 ABUSO DE AUTORIDAD:LESIÓN FÍSICA;  A:2:25 ABUSO DE AUTORIDAD:AMENAZA;  A:2:28 ABUSO DE AUTORIDAD:COLECTIVO AMENAZADO;  A:2:29 ABUSO DE AUTORIDAD:VIOLENCIA SEXUAL;  A:2:296 ABUSO DE AUTORIDAD:ABUSO SEXUAL"
"2010-01-18", "LA GUAJIRA / BARRANCAS", " Víctimas:0", "FARC-EP", "D:2:80 OBJETIVOS, MÉTODOS Y MÉDIOS ILÍCITOS:BIENES CIVILES"
"2010-03-21", "LA GUAJIRA", "LUIS EMIRO PUSHAINA A10; D701 Víctimas:1", "EJERCITO", "A:1:10 PERSECUCIÓN POLÍTICA:EJECUCIÓN EXTRAJUDICIAL;  D:1:701 PERSONAS:HOMICIDIO INTENCIONAL DE PERSONA PROTEGIDA"
"2010-03-24", "LA GUAJIRA / RIOHACHA", "N N A35; N N A35; N N A35; N N A35 Víctimas:4", "PARAMILITARES", "A:3:35 INTOLERANCIA SOCIAL:AMENAZA"
"2010-03-30", "LA GUAJIRA / ALBANIA / LOS REMEDIOS", "WILLIAM MARULANDA VELEÑO (1966) D701; VICTOR GIL CASTRO (1938) D701 Víctimas:2", "FARC-EP", "D:1:701 PERSONAS:HOMICIDIO INTENCIONAL DE PERSONA PROTEGIDA"
"2010-07-27", "LA GUAJIRA / RIOHACHA", "DEBORAH BARROS FINCE A15; A16; D73 Víctimas:1", "PARAMILITARES", "A:1:15 PERSECUCIÓN POLÍTICA:AMENAZA;  A:1:16 PERSECUCIÓN POLÍTICA:ATENTADO;  D:1:73 PERSONAS:AMENAZA"
"2010-07-27", "LA GUAJIRA / RIOHACHA", "LUIS ALFREDO SOCARRAS PIMIENTA B40 Víctimas:1", "SIN INFORMACIÓN", "B:1:40 PERSECUCIÓN POLÍTICA:ASESINATO"
"2010-08-22", "LA GUAJIRA / DIBULLA / PALOMINO", "N.N.  B43; N.N.  B43; N.N.  B43 Víctimas:3", "SIN INFORMACIÓN", "B:1:43 PERSECUCIÓN POLÍTICA:LESIÓN FÍSICA"
"2010-09-25", "LA GUAJIRA / RIOHACHA", "MENFIS PALACIO PANA (1960) B40 Víctimas:1", "SIN INFORMACIÓN", "B:1:40 PERSECUCIÓN POLÍTICA:ASESINATO"
"2010-10-13", "LA GUAJIRA / RIOHACHA", "DEBORAH BARROS FINCE A15; D73; TELEMINA BARROS A15; D73; CARMEN FINCE A15; D73; VICENTE GUTIERREZ A15; D73; ORGANIZACIÓN INDIGENA WAYUUMUNSURAT () Víctimas:4", "PARAMILITARES", "A:1:15 PERSECUCIÓN POLÍTICA:AMENAZA;  A:1:18 PERSECUCIÓN POLÍTICA:COLECTIVO AMENAZADO;  D:1:73 PERSONAS:AMENAZA;  D:1:706 PERSONAS:COLECTIVO AMENAZADO"
"2010-10-25", "LA GUAJIRA / MANAURE", "JUAN CARLOS ARREDONDO LOZADA B40 Víctimas:1", "SIN INFORMACIÓN", "B:1:40 PERSECUCIÓN POLÍTICA:ASESINATO"
"2011-10-09", "LA GUAJIRA / RIOHACHA", "JUAN FRANCISCO GOMEZ CERCHAR B43 Víctimas:1", "SIN INFORMACIÓN", "B:1:43 PERSECUCIÓN POLÍTICA:LESIÓN FÍSICA"
"2011-11-23", "LA GUAJIRA / EL MOLINO", "ESNEIDER ENRIQUE OSPINO ROJAS (1990) B40 Víctimas:1", "SIN INFORMACIÓN", "B:1:40 PERSECUCIÓN POLÍTICA:ASESINATO"
"2012-01-14", "LA GUAJIRA / DIBULLA / MINGUEO", "CONCEJALES DE DIBULLA () Víctimas:0", "PARAMILITARES", "A:1:18 PERSECUCIÓN POLÍTICA:COLECTIVO AMENAZADO;  A:1:102 PERSECUCIÓN POLÍTICA:DESPLAZAMIENTO FORZADO;  D:1:706 PERSONAS:COLECTIVO AMENAZADO;  D:1:903 PERSONAS:DESPLAZAMIENTO FORZADO"
"2012-06-27", "LA GUAJIRA / MAICAO", "EISON ESTRADA (1995) D98; JAIR OSORIO (1975) D98; BERNABE LOPEZ (1975) D98; OMAR TAPIAS (1978) D98; TERESA DE JESUS POLO (1957) D98; ANDREA IVON NUÑEZ POLO (1999) D98; MARIA ROSALBA N (1972) D98 Víctimas:7", "PARAMILITARES", "D:1:98 PERSONAS:LESIÓN POR OBJETIVOS, MÉTODOS Y MEDIOS ILÍCITOS;  D:3:93 MÉTODOS:CATEGORIA INEXISTENTE 93"
"2012-07-22", "LA GUAJIRA / MANAURE", "ROBINSON RAMOS JULIO B45; EDILBERTO CONTRERAS HERNANDEZ B45 Víctimas:2", "SIN INFORMACIÓN", "B:1:45 PERSECUCIÓN POLÍTICA:AMENAZA"
"2012-08-11", "LA GUAJIRA / MAICAO", "ÁLVARO JOSÉ OROZCO GUTIERREZ (1968) B50; DESCONOCIDO () Víctimas:1", "GRUPOS DE INTOLERANCIA", "B:2:50 INTOLERANCIA SOCIAL:ASESINATO"
"2012-09-25", "LA GUAJIRA / RIOHACHA", "EULALIO GUERRA A15; D73; MARLON GUERRA A15; D73; JACOBO GUERRA A15; D73 Víctimas:3", "PARAMILITARES", "A:1:15 PERSECUCIÓN POLÍTICA:AMENAZA;  D:1:73 PERSONAS:AMENAZA;  D:2:80 OBJETIVOS, MÉTODOS Y MÉDIOS ILÍCITOS:BIENES CIVILES"
"2012-10-19", "LA GUAJIRA / URUMITA", "RONALD DURAN GARCES (1981) B40 Víctimas:1", "SIN INFORMACIÓN", "B:1:40 PERSECUCIÓN POLÍTICA:ASESINATO"
"2012-10-22", "LA GUAJIRA / FONSECA / EL CONFUSO", "EDUARDO RAFAEL CARRILLO CARRILLO (1966) B40; ANTONIO MARIA TORRES CERVANTES (1966) B40; GUTEMBERG GUTIERREZ RUA (1969) B40 Víctimas:3", "SIN INFORMACIÓN", "B:1:40 PERSECUCIÓN POLÍTICA:ASESINATO"
"2013-01-06", "LA GUAJIRA / DIBULLA / MINGUEO", "JOSE ARMANDO SARA ZABALETA (1999) B40; KEVIN ANDRES SARA MARTINEZ (2008) B40; JAIME LUIS SARA ZABALETA (1989) B43 Víctimas:3", "SIN INFORMACIÓN", "B:1:40 PERSECUCIÓN POLÍTICA:ASESINATO;  B:1:43 PERSECUCIÓN POLÍTICA:LESIÓN FÍSICA"
"2013-01-08", "LA GUAJIRA / SAN JUAN DEL CESAR", "ALDO RAÚL AMAYA DAZA B45 Víctimas:1", "SIN INFORMACIÓN", "B:1:45 PERSECUCIÓN POLÍTICA:AMENAZA"
"2013-01-10", "LA GUAJIRA / SAN JUAN DEL CESAR", "IGOR DÍAZ LÓPEZ B45; FAMILIA DIAZ () Víctimas:1", "SIN INFORMACIÓN", "B:1:45 PERSECUCIÓN POLÍTICA:AMENAZA;  B:1:49 PERSECUCIÓN POLÍTICA:COLECTIVO AMENAZADO"
"2013-09-23", "LA GUAJIRA / RIOHACHA", "JHON BERNAL A15; D73; SILVANA INESTROSA A15; D73; DANNIS VIECCO A15; D73; ANA TURIZO A15; D73; LEONARDO OCHOA A15; D73; SAMIR RODRIGUEZ A15; D73; CATY DIAZ A15; D73; MILADIZ ACOSTA A15; D73; ALVARO BARRETO A15; D73; COLECTIVO DE LÍDERES Y LIDERESAS DE LA GUAJIRA () Víctimas:9", "PARAMILITARES", "A:1:15 PERSECUCIÓN POLÍTICA:AMENAZA;  A:1:18 PERSECUCIÓN POLÍTICA:COLECTIVO AMENAZADO;  D:1:73 PERSONAS:AMENAZA;  D:1:706 PERSONAS:COLECTIVO AMENAZADO"
"2013-11-25", "LA GUAJIRA / FONSECA", "CARLOS ALBERTO PUSHAINA B45; FAMILIA PUSHAINA () Víctimas:1", "SIN INFORMACIÓN", "B:1:45 PERSECUCIÓN POLÍTICA:AMENAZA;  B:1:49 PERSECUCIÓN POLÍTICA:COLECTIVO AMENAZADO;  B:1:401 PERSECUCIÓN POLÍTICA:COLECTIVO DESPLAZADO"
"2014-01-07", "LA GUAJIRA / RIOHACHA", "JIMMY SIERRA B45 Víctimas:1", "SIN INFORMACIÓN", "B:1:45 PERSECUCIÓN POLÍTICA:AMENAZA"
"2014-03-20", "LA GUAJIRA / VILLANUEVA", "COLECTIVO CONCEJALES MUNICIPALES DE VILLANUEVA () Víctimas:0", "SIN INFORMACIÓN", "B:1:49 PERSECUCIÓN POLÍTICA:COLECTIVO AMENAZADO"
"2014-04-30", "LA GUAJIRA / RIOHACHA", "HELI ALFONSO ARREGOCES IBARRA A15; D73; EDILBERTO CONTRERAS HERNANDEZ A15; D73; JAIME DIAZ VEGA A15; D73; ALGEMIRO AVILA SALINAS A15; D73 Víctimas:4", "PARAMILITARES", "A:1:15 PERSECUCIÓN POLÍTICA:AMENAZA;  D:1:73 PERSONAS:AMENAZA"
"2014-05-10", "LA GUAJIRA / RIOHACHA", "LIBARDO VIDAL B46; N N B43 Víctimas:2", "SIN INFORMACIÓN", "B:1:43 PERSECUCIÓN POLÍTICA:LESIÓN FÍSICA;  B:1:46 PERSECUCIÓN POLÍTICA:ATENTADO"
"2014-08-29", "LA GUAJIRA / ALBANIA", "DEIVIS VANEGAS B45; LUIS GUZMAN B45; ELBERTO PADILLA B45; YEINER MORALES B45; DONAL IGUARAN B45; MILTON MORA B45; NEIRO BOCANEGRA B45; ÁNGEL AMAYA B45; ARNOLDO ALARCÓN B45; MARCELINO FIGUEROA B45; FELIPE RODRÍGUEZ B45; JOHN PINTO B45; SINDICATO NACIONAL DE TRABAJADORES DEL SISTEMA AGROALIMENTARIO - SINALTRAINAL (); SINDICATO DE TRABAJADORES DEL CARBÓN - SINTRACARBÓN () Víctimas:12", "SIN INFORMACIÓN", "B:1:45 PERSECUCIÓN POLÍTICA:AMENAZA;  B:1:49 PERSECUCIÓN POLÍTICA:COLECTIVO AMENAZADO"
"2014-09-02", "LA GUAJIRA / BARRANCAS", "AMALFI RODRIGUEZ B45 Víctimas:1", "SIN INFORMACIÓN", "B:1:45 PERSECUCIÓN POLÍTICA:AMENAZA"
"2014-11-07", "LA GUAJIRA / RIOHACHA", "JULIANA RAMOS A15; D73; ROBERTO ACEVEDO D73; A15; KATRINA PUFDO D73; A15; RAFAEL RUMBO D73; A15; VIELCA VIECCO A15; D73; JHON BERNAL D73; A15; JUAN GALVAN D73; A15; NINFA CONRADO A15; D73; FRANCISCO FLOREZ D73; A15 Víctimas:9", "PARAMILITARES", "A:1:15 PERSECUCIÓN POLÍTICA:AMENAZA;  D:1:73 PERSONAS:AMENAZA"
"2014-11-24", "LA GUAJIRA / RIOHACHA", "MESA DEPARTAMENTAL DE VICTIMAS DE LA GUAJIRA () Víctimas:0", "SIN INFORMACIÓN", "B:1:49 PERSECUCIÓN POLÍTICA:COLECTIVO AMENAZADO"
"2015-01-03", "LA GUAJIRA / RIOHACHA", "BLANCA NUBIA DIAZ B45; N DIAZ B45; FAMILIA DIAZ () Víctimas:2", "SIN INFORMACIÓN", "B:1:45 PERSECUCIÓN POLÍTICA:AMENAZA;  B:1:49 PERSECUCIÓN POLÍTICA:COLECTIVO AMENAZADO"
"2015-01-03", "LA GUAJIRA / RIOHACHA", "BLANCA NUBIA DIAZ B45; N DIAZ B45; FAMILIA DIAZ () Víctimas:2", "SIN INFORMACIÓN", "B:1:45 PERSECUCIÓN POLÍTICA:AMENAZA;  B:1:49 PERSECUCIÓN POLÍTICA:COLECTIVO AMENAZADO"
"2015-04-17", "LA GUAJIRA / RIOHACHA", "N N B45; N N B45; N N B45 Víctimas:3", "SIN INFORMACIÓN", "B:1:45 PERSECUCIÓN POLÍTICA:AMENAZA"
"2015-05-12", "LA GUAJIRA / URIBIA", "RUBEN ALMAZO MONROY B48 Víctimas:1", "SIN INFORMACIÓN", "B:1:48 PERSECUCIÓN POLÍTICA:RAPTO"
"2015-06-23", "LA GUAJIRA / RIOHACHA", "CARMEN FINCE CUADRADO B46; N N B43 Víctimas:2", "SIN INFORMACIÓN", "B:1:43 PERSECUCIÓN POLÍTICA:LESIÓN FÍSICA;  B:1:46 PERSECUCIÓN POLÍTICA:ATENTADO"
"2015-07-04", "LA GUAJIRA / SAN JUAN DEL CESAR", "HUMBERTO ROIS F B45 Víctimas:1", "SIN INFORMACIÓN", "B:1:45 PERSECUCIÓN POLÍTICA:AMENAZA"
"2015-08-24", "LA GUAJIRA / MAICAO", "FREDY HERNÁNDEZ SIERRA B45 Víctimas:1", "SIN INFORMACIÓN", "B:1:45 PERSECUCIÓN POLÍTICA:AMENAZA"
"2015-08-25", "LA GUAJIRA / RIOHACHA", "ONEIDA GARCÍA A15; D73 Víctimas:1", "PARAMILITARES", "A:1:15 PERSECUCIÓN POLÍTICA:AMENAZA;  D:1:73 PERSONAS:AMENAZA"
"2015-09-27", "LA GUAJIRA / URIBIA", "MANUEL MEJÍA RAMÍREZ B45 Víctimas:1", "SIN INFORMACIÓN", "B:1:45 PERSECUCIÓN POLÍTICA:AMENAZA"
"2015-10-08", "LA GUAJIRA / BARRANCAS", "JUAN CARLOS SOTO GÓMEZ B46 Víctimas:1", "SIN INFORMACIÓN", "B:1:46 PERSECUCIÓN POLÍTICA:ATENTADO"
"2015-12-27", "LA GUAJIRA / MAICAO", "SANTIAGO GONZALEZ B40; CARLOS GONZALEZ B40; ISRAEL GONZALEZ B40; RUBEN CASTILLO B40; DARIO CASTILLO B40 Víctimas:5", "SIN INFORMACIÓN", "B:1:40 PERSECUCIÓN POLÍTICA:ASESINATO"
"2015-12-27", "LA GUAJIRA", "JAVIER ROJAS URIANA B45 Víctimas:1", "SIN INFORMACIÓN", "B:1:45 PERSECUCIÓN POLÍTICA:AMENAZA"
"2016-03-16", "LA GUAJIRA / MAICAO", "OCTAVIO FIGUEROA (1950) B41 Víctimas:1", "ELN", "B:1:41 PERSECUCIÓN POLÍTICA:SECUESTRO"
"2016-03-31", "LA GUAJIRA / RIOHACHA", "N N A15; D73 Víctimas:1", "PARAMILITARES", "A:1:15 PERSECUCIÓN POLÍTICA:AMENAZA;  D:1:73 PERSONAS:AMENAZA;  D:2:80 OBJETIVOS, MÉTODOS Y MÉDIOS ILÍCITOS:BIENES CIVILES"
"2016-05-24", "LA GUAJIRA / FONSECA / CONEJO", "POBLADORES DEL SUR DE LA GUAJIRA () Víctimas:0", "FARC-EP", "D:1:706 PERSONAS:COLECTIVO AMENAZADO"
"2016-05-31", "LA GUAJIRA / MAICAO", "JOSÉ EYLLEX GÉLVEZ RICO (1983) B40 Víctimas:1", "SIN INFORMACIÓN", "B:1:40 PERSECUCIÓN POLÍTICA:ASESINATO"
"2016-06-10", "LA GUAJIRA / RIOHACHA", "N N B40; B47 Víctimas:1", "SIN INFORMACIÓN", "B:1:40 PERSECUCIÓN POLÍTICA:ASESINATO;  B:1:47 PERSECUCIÓN POLÍTICA:TORTURA"
"2016-08-18", "LA GUAJIRA / RIOHACHA", "ORIANA NICOLL MARTÍNEZ B40; B47 Víctimas:1", "SIN INFORMACIÓN", "B:1:40 PERSECUCIÓN POLÍTICA:ASESINATO;  B:1:47 PERSECUCIÓN POLÍTICA:TORTURA"
"2016-12-03", "LA GUAJIRA / FONSECA", "CARLOS RAMÍREZ URIANA (1961) B43; B45 Víctimas:1", "SIN INFORMACIÓN", "B:1:43 PERSECUCIÓN POLÍTICA:LESIÓN FÍSICA;  B:1:45 PERSECUCIÓN POLÍTICA:AMENAZA"
"2017-05-02", "LA GUAJIRA / RIOHACHA", "IBIS ESTHER OJEDA LOPEZ B45; B46; LUIS RAFAEL GOMEZ CAMPO B45; B46; MANUEL MARIA GIL B45; B46 Víctimas:3", "SIN INFORMACIÓN", "B:1:45 PERSECUCIÓN POLÍTICA:AMENAZA;  B:1:46 PERSECUCIÓN POLÍTICA:ATENTADO"
"2017-09-24", "LA GUAJIRA / URIBIA", "JUANA ALMAZO URIANA (1977) B40; B48 Víctimas:1", "SIN INFORMACIÓN", "B:1:40 PERSECUCIÓN POLÍTICA:ASESINATO;  B:1:48 PERSECUCIÓN POLÍTICA:RAPTO"
"2017-10-04", "LA GUAJIRA / URIBIA", "ALISON ALMAZO URIANA B45 Víctimas:1", "SIN INFORMACIÓN", "B:1:45 PERSECUCIÓN POLÍTICA:AMENAZA"
"2017-12-29", "LA GUAJIRA / FONSECA / CONEJO", "INTEGRANTES DEL ESPACIO TERRITORIAL PARA LA REINCORPORACIÓN EN PONDORES () Víctimas:0", "SIN INFORMACIÓN", "B:1:49 PERSECUCIÓN POLÍTICA:COLECTIVO AMENAZADO"
"2018-01-27", "LA GUAJIRA / MAICAO", "ANTONIO HERNANDEZ B46; B45 Víctimas:1", "SIN INFORMACIÓN", "B:1:45 PERSECUCIÓN POLÍTICA:AMENAZA;  B:1:46 PERSECUCIÓN POLÍTICA:ATENTADO"
"2018-03-31", "LA GUAJIRA / URIBIA", "RAMON VIECCO ARIZA B46; B45; JOSE SILVA DUARTE B46; B45 Víctimas:2", "SIN INFORMACIÓN", "B:1:45 PERSECUCIÓN POLÍTICA:AMENAZA;  B:1:46 PERSECUCIÓN POLÍTICA:ATENTADO"
"2018-05-01", "LA GUAJIRA / RIOHACHA / TOMARRAZÓN", "59 FAMILIAS CAMPESINAS DESPLAZADAS DEL MUNICIPIO DE RIOHACHA (250) Víctimas:0", "PARAMILITARES", "A:1:18 PERSECUCIÓN POLÍTICA:COLECTIVO AMENAZADO;  D:2:84 OBJETIVOS, MÉTODOS Y MÉDIOS ILÍCITOS:MEDIO AMBIENTE;  D:2:86 OBJETIVOS, MÉTODOS Y MÉDIOS ILÍCITOS:HAMBRE COMO MÉTODO DE GUERRA"
"2018-06-16", "LA GUAJIRA / SAN JUAN DEL CESAR", "ALDO RAUL AMAYA A15 Víctimas:1", "PARAMILITARES", "A:1:15 PERSECUCIÓN POLÍTICA:AMENAZA"
"2018-06-21", "LA GUAJIRA / MAICAO", "EVELINA FRANCISCA ATENCIA PÉREZ B40 Víctimas:1", "SIN INFORMACIÓN", "B:1:40 PERSECUCIÓN POLÍTICA:ASESINATO"
"2018-07-06", "LA GUAJIRA / MAICAO", "HABITANTES BARRIO ERIKA BEATRIZ () Víctimas:0", "PARAMILITARES", "A:1:18 PERSECUCIÓN POLÍTICA:COLECTIVO AMENAZADO"
"2018-07-10", "LA GUAJIRA / RIOHACHA", "IBIS ESTHER OJEDA LOPEZ B45 Víctimas:1", "SIN INFORMACIÓN", "B:1:45 PERSECUCIÓN POLÍTICA:AMENAZA"
"2018-07-19", "LA GUAJIRA / RIOHACHA", "FABIAN DARIO FERREIRA ALVARADO B46; B45 Víctimas:1", "SIN INFORMACIÓN", "B:1:45 PERSECUCIÓN POLÍTICA:AMENAZA;  B:1:46 PERSECUCIÓN POLÍTICA:ATENTADO"
"2018-09-02", "LA GUAJIRA / RIOHACHA / TOMARRAZÓN", "HAISON JOSE FUENMAYOR ESCOBAR B48; ABEL MANJARRES MEJIA B48 Víctimas:2", "SIN INFORMACIÓN", "B:1:48 PERSECUCIÓN POLÍTICA:RAPTO"
"2018-09-27", "LA GUAJIRA / RIOHACHA", "MATILDE LÓPEZ B46; B45; N N B43 Víctimas:2", "SIN INFORMACIÓN", "B:1:43 PERSECUCIÓN POLÍTICA:LESIÓN FÍSICA;  B:1:45 PERSECUCIÓN POLÍTICA:AMENAZA;  B:1:46 PERSECUCIÓN POLÍTICA:ATENTADO"
"2018-10-01", "LA GUAJIRA / RIOHACHA", "N N B45; ORGANIZACIÓN INDÍGENA LA GRAN NACIÓN WAYUÚ () Víctimas:1", "SIN INFORMACIÓN", "B:1:45 PERSECUCIÓN POLÍTICA:AMENAZA;  B:1:49 PERSECUCIÓN POLÍTICA:COLECTIVO AMENAZADO"
"2019-01-10", "LA GUAJIRA / RIOHACHA", "FRANKLIN CORDOBA B45; N N B45; N N B45; N N B45; N N B45; N N B45; N N B45; N N B45; N N B45; N N B45; N N B45; N N B45 Víctimas:12", "SIN INFORMACIÓN", "B:1:45 PERSECUCIÓN POLÍTICA:AMENAZA"
"2019-01-28", "LA GUAJIRA / RIOHACHA", "RONALD DE JESUS PIRELA SERRANO (2000) B53 Víctimas:1", "GRUPOS DE INTOLERANCIA", "B:2:53 INTOLERANCIA SOCIAL:LESIÓN FÍSICA"
"2019-01-31", "LA GUAJIRA / MANAURE", "ARMANDO VALBUENA A15; FAMILIA VALBUENA () Víctimas:1", "PARAMILITARES", "A:1:15 PERSECUCIÓN POLÍTICA:AMENAZA;  A:1:18 PERSECUCIÓN POLÍTICA:COLECTIVO AMENAZADO"
"2019-02-15", "LA GUAJIRA / MAICAO", "EMIRO OSPINO GOMEZ B45; JAIR DE JESUS TORRES MENDOZA B45; SILBELLIS SILENA SOLANO IGUARAN B45; LICETH CAROLINA URIETA B45; ROSA ANGELA GONZALEZ CAMBAR B45; KEVIN SIMOS LOPEZ BARROS B45; JALDER JAVIER GONZALEZ RHENALS B45; MARTIN FRANCISCO ARAMENDIZ ILLIDGE B45; MATEO LUQUEZ LOPEZ B45; JORGE LUIS SOLANO FRAGOZO B45; WILMER YESID RIOS TORRES; N N B45; N N B45; N N B45 Víctimas:14", "SIN INFORMACIÓN", "B:1:45 PERSECUCIÓN POLÍTICA:AMENAZA"
"2019-02-19", "LA GUAJIRA / RIOHACHA", "JOSE VICTOR CEBALLOS EPINAYU (1983) B40 Víctimas:1", "SIN INFORMACIÓN", "B:1:40 PERSECUCIÓN POLÍTICA:ASESINATO"
"2019-04-14", "LA GUAJIRA / MAICAO", "SAMUEL DAVID GONZALEZ PUSHAINA (2018) B40; SANDRA PUSHAINA PUSHAINA (2000) B43; CARLOS ENRIQUE GONZALEZ (1996) B43 Víctimas:3", "SIN INFORMACIÓN", "B:1:40 PERSECUCIÓN POLÍTICA:ASESINATO;  B:1:43 PERSECUCIÓN POLÍTICA:LESIÓN FÍSICA"
"2019-04-29", "LA GUAJIRA / RIOHACHA", "KARMEN RAMIREZ A15; MIGUEL RAMIREZ A15; JACKELINE ROMERO A15; DERIS PAZ A15; LUIS MISAEL SOCARRAS A15; DULCY COTES A15 Víctimas:6", "PARAMILITARES", "A:1:15 PERSECUCIÓN POLÍTICA:AMENAZA"
