"Fecha", "Ubicación", "Víctimas", "Pr. Resp.", "Tipificación"
"2001-01-06", "PUTUMAYO / PUERTO ASÍS", "N N B43 Víctimas:1", "SIN INFORMACIÓN", "B:1:43 PERSECUCIÓN POLÍTICA:LESIÓN FÍSICA"
"2001-01-06", "PUTUMAYO / PUERTO ASÍS", "MANUEL ALZATE RESTREPO  B46; N N B43; N N B43 Víctimas:3", "SIN INFORMACIÓN", "B:1:43 PERSECUCIÓN POLÍTICA:LESIÓN FÍSICA;  B:1:46 PERSECUCIÓN POLÍTICA:ATENTADO"
"2001-01-28", "PUTUMAYO / PUERTO CAICEDO", "PABLO GAMAR  A10; D701; JAIME BRAND JAJOY  A10; D701; N N A10; D701; N N A10; D701; N N A10; D701 Víctimas:5", "PARAMILITARES", "A:1:10 PERSECUCIÓN POLÍTICA:EJECUCIÓN EXTRAJUDICIAL;  D:1:701 PERSONAS:HOMICIDIO INTENCIONAL DE PERSONA PROTEGIDA"
"2001-02-08", "PUTUMAYO / VALLE DEL GUAMUEZ (LA HORMIGA)", "4 PERSONAS SIN IDENTIFICAR  B40; N N B40; N N B40; N N B40; N N B40 Víctimas:5", "SIN INFORMACIÓN", "B:1:40 PERSECUCIÓN POLÍTICA:ASESINATO"
"2001-06-10", "PUTUMAYO / VILLAGARZÓN", "MELBA ERAZO  A10; D701; N N A10; D701; N N A10; D701; N N A10; D701; N N A10; D701; N N A10; D701; N N A10; D701; N N A10; D701; N N A10; D701; N N A10; D701; N N A10; D701; N N A10; D701; N N A10; D701; N N A10; D701; N N A10; D701; N N A10; D701; N N A10; D701; COMUNIDAD PUERTO UMBRIA () Víctimas:17", "AUC", "A:1:10 PERSECUCIÓN POLÍTICA:EJECUCIÓN EXTRAJUDICIAL;  A:1:18 PERSECUCIÓN POLÍTICA:COLECTIVO AMENAZADO;  A:1:102 PERSECUCIÓN POLÍTICA:DESPLAZAMIENTO FORZADO;  D:1:701 PERSONAS:HOMICIDIO INTENCIONAL DE PERSONA PROTEGIDA;  D:1:706 PERSONAS:COLECTIVO AMENAZADO;  D:1:903 PERSONAS:DESPLAZAMIENTO FORZADO;  D:3:902 MÉTODOS:CATEGORIA INEXISTENTE 902"
"2001-06-13", "PUTUMAYO / VILLAGARZÓN", "N N A11; N N A11; N N A11; N N A11; WILSON HERNANDEZ MARTINEZ  A10; D701; N N A10; D701; N N A10; D701; MELBA ERAZO  A11; N N A11; N N A11; N N A11; AURELIO BURBANO ALVAREZ  A10; D701; JOAQUIN HERNANDEZ BURBANO  A10; D701; N N A10; D701; N N A10; D701; N N A11; N N A11; N N A11; N N A11; N N A11; N N A11; N N A11; N N A11; N N A11; N N A11; FAMILIAS DE VILLAGARZON () Víctimas:25", "PARAMILITARES", "A:1:10 PERSECUCIÓN POLÍTICA:EJECUCIÓN EXTRAJUDICIAL;  A:1:11 PERSECUCIÓN POLÍTICA:DESAPARICIÓN FORZADA;  A:1:102 PERSECUCIÓN POLÍTICA:DESPLAZAMIENTO FORZADO;  D:1:701 PERSONAS:HOMICIDIO INTENCIONAL DE PERSONA PROTEGIDA;  D:1:903 PERSONAS:DESPLAZAMIENTO FORZADO;  D:3:902 MÉTODOS:CATEGORIA INEXISTENTE 902"
"2001-08-30", "PUTUMAYO / ORITO", "NIRIA FANNY TOBON  A10; D701 Víctimas:1", "PARAMILITARES", "A:1:10 PERSECUCIÓN POLÍTICA:EJECUCIÓN EXTRAJUDICIAL;  D:1:701 PERSONAS:HOMICIDIO INTENCIONAL DE PERSONA PROTEGIDA"
"2001-09-27", "PUTUMAYO / VILLAGARZÓN", "CIRO DELGADO  (1968) B40 Víctimas:1", "SIN INFORMACIÓN", "B:1:40 PERSECUCIÓN POLÍTICA:ASESINATO"
"2001-10-12", "PUTUMAYO / VALLE DEL GUAMUEZ (LA HORMIGA) / EL TIGRE", "CARLOS PERAFAN CHANTRE  B48 Víctimas:1", "SIN INFORMACIÓN", "B:1:48 PERSECUCIÓN POLÍTICA:RAPTO"
"2002-02-24", "PUTUMAYO / PUERTO CAICEDO", " Víctimas:0", "FARC-EP", "D:2:89 OBJETIVOS, MÉTODOS Y MÉDIOS ILÍCITOS:ESTRUCTURA VIAL"
"2002-03-07", "PUTUMAYO / VILLAGARZÓN / LA CASTELLANA", " Víctimas:0", "FARC-EP", "D:3:95 MÉTODOS:CATEGORIA INEXISTENTE 95"
"2002-03-09", "PUTUMAYO / PUERTO ASÍS / PIÑUÑA BLANCO", "AMANDA ROSAS  B41; N N B41 Víctimas:2", "FARC-EP", "B:1:41 PERSECUCIÓN POLÍTICA:SECUESTRO"
"2002-03-10", "PUTUMAYO / MOCOA", " Víctimas:0", "FARC-EP", "D:2:80 OBJETIVOS, MÉTODOS Y MÉDIOS ILÍCITOS:BIENES CIVILES"
"2002-03-12", "PUTUMAYO / VALLE DEL GUAMUEZ (LA HORMIGA)", " Víctimas:0", "FARC-EP", "D:2:80 OBJETIVOS, MÉTODOS Y MÉDIOS ILÍCITOS:BIENES CIVILES"
"2002-03-13", "PUTUMAYO / MOCOA", " Víctimas:0", "FARC-EP", "D:2:80 OBJETIVOS, MÉTODOS Y MÉDIOS ILÍCITOS:BIENES CIVILES"
"2002-04-09", "PUTUMAYO / PUERTO ASÍS", "N N B40; N N B40; N N B40; N N B43; N N B43; N N B43; N N B43; N N B43; N N B43 Víctimas:9", "SIN INFORMACIÓN", "B:1:40 PERSECUCIÓN POLÍTICA:ASESINATO;  B:1:43 PERSECUCIÓN POLÍTICA:LESIÓN FÍSICA"
"2002-06-05", "PUTUMAYO / MOCOA / QUINORO", "LUIS CARLOS CARO PACHECO  D701; MIEMBROS CONCEJO MUNICIPAL () Víctimas:1", "FARC-EP", "D:1:701 PERSONAS:HOMICIDIO INTENCIONAL DE PERSONA PROTEGIDA;  D:1:706 PERSONAS:COLECTIVO AMENAZADO"
"2002-06-13", "PUTUMAYO / MOCOA", "JULIO FERNANDO MURIEL  B40; JORGE CARDEMIO MORENO  B40 Víctimas:2", "SIN INFORMACIÓN", "B:1:40 PERSECUCIÓN POLÍTICA:ASESINATO"
"2002-06-22", "PUTUMAYO / MOCOA", "ALCALDES PUTUMAYO () Víctimas:0", "FARC-EP", "D:1:706 PERSONAS:COLECTIVO AMENAZADO"
"2002-07-17", "PUTUMAYO / COLÓN", "FRANCY LORENA ERAZO  B41; MARCELA GUZMAN  B41 Víctimas:2", "FARC-EP", "B:1:41 PERSECUCIÓN POLÍTICA:SECUESTRO"
"2002-07-17", "PUTUMAYO / ORITO", " Víctimas:0", "FARC-EP", "D:2:80 OBJETIVOS, MÉTODOS Y MÉDIOS ILÍCITOS:BIENES CIVILES"
"2002-07-28", "PUTUMAYO / PUERTO ASÍS", "LEONIDAS YAGUE  A10; D701 Víctimas:1", "AUC", "A:1:10 PERSECUCIÓN POLÍTICA:EJECUCIÓN EXTRAJUDICIAL;  D:1:701 PERSONAS:HOMICIDIO INTENCIONAL DE PERSONA PROTEGIDA"
"2002-08-04", "PUTUMAYO / VALLE DEL GUAMUEZ (LA HORMIGA)", "OBENCIO GERMAN CRIOLLO QUETA  A10; D701; NELSON PORFIRIO CRIOLLO TAIMAL  A10; D701; JESUS ALIÑO CHIAN CRIOLLO  A10; D701 Víctimas:3", "PARAMILITARES", "A:1:10 PERSECUCIÓN POLÍTICA:EJECUCIÓN EXTRAJUDICIAL;  D:1:701 PERSONAS:HOMICIDIO INTENCIONAL DE PERSONA PROTEGIDA"
"2002-08-20", "PUTUMAYO / PUERTO ASÍS", "N N A10; D701 Víctimas:1", "AUC", "A:1:10 PERSECUCIÓN POLÍTICA:EJECUCIÓN EXTRAJUDICIAL;  D:1:701 PERSONAS:HOMICIDIO INTENCIONAL DE PERSONA PROTEGIDA"
"2002-08-22", "PUTUMAYO / PUERTO ASÍS", "SERAFIN MERINO  A10; D701 Víctimas:1", "AUC", "A:1:10 PERSECUCIÓN POLÍTICA:EJECUCIÓN EXTRAJUDICIAL;  D:1:701 PERSONAS:HOMICIDIO INTENCIONAL DE PERSONA PROTEGIDA"
"2002-08-25", "PUTUMAYO / VALLE DEL GUAMUEZ (LA HORMIGA)", "LUZ DARY ROSERO  B41; N CAÑAS ROSERO  B41 Víctimas:2", "FARC-EP", "B:1:41 PERSECUCIÓN POLÍTICA:SECUESTRO"
"2002-08-28", "PUTUMAYO / MOCOA", "N N D704; D704; N N D704; D704; N N D704; D704; N N D704; D704; N N D704; D704; N N D704; D704 Víctimas:6", "FARC-EP. POLICÍA", "D:1:704 PERSONAS:LESIÓN A CIVILES EN ACCIÓN BÉLICA"
"2002-09-01", "PUTUMAYO / VALLE DEL GUAMUEZ (LA HORMIGA)", "COLECTIVO LA HORMIGA (); COLECTIVO SAN MIGUEL () Víctimas:0", "POLICÍA", "A:1:102 PERSECUCIÓN POLÍTICA:DESPLAZAMIENTO FORZADO;  D:1:903 PERSONAS:DESPLAZAMIENTO FORZADO;  D:2:84 OBJETIVOS, MÉTODOS Y MÉDIOS ILÍCITOS:MEDIO AMBIENTE;  D:2:86 OBJETIVOS, MÉTODOS Y MÉDIOS ILÍCITOS:HAMBRE COMO MÉTODO DE GUERRA;  D:3:902 MÉTODOS:CATEGORIA INEXISTENTE 902"
"2002-09-02", "PUTUMAYO / MOCOA", "COMUNIDAD DEL CABILDO IINDÍGENA DE CALENTURAS () Víctimas:0", "EJERCITO", "D:2:80 OBJETIVOS, MÉTODOS Y MÉDIOS ILÍCITOS:BIENES CIVILES;  D:2:86 OBJETIVOS, MÉTODOS Y MÉDIOS ILÍCITOS:HAMBRE COMO MÉTODO DE GUERRA"
"2002-09-04", "PUTUMAYO / ORITO", "HABITANTES AGUABLANCA  (); HABITANTES DE VILLA RICA (); HABITANTES DE SIBERIA  (); HABITANTES DE NUEVA COLONIA () Víctimas:0", "FUERZA PUBLICA", "D:2:86 OBJETIVOS, MÉTODOS Y MÉDIOS ILÍCITOS:HAMBRE COMO MÉTODO DE GUERRA"
"2002-09-04", "PUTUMAYO / PUERTO CAICEDO", "HABITANTES DE LAS VEREDAS VILLAFLOR, FLORESTA, SELVA HERMOSA, EL JORDÁN Y EL QUEBRADÓN () Víctimas:0", "FUERZA PUBLICA", "D:2:86 OBJETIVOS, MÉTODOS Y MÉDIOS ILÍCITOS:HAMBRE COMO MÉTODO DE GUERRA"
"2002-09-09", "PUTUMAYO / PUERTO ASÍS", "3 PERSONAS SIN IDENTIFICAR  B43; N N B43; N N B43; N N B43 Víctimas:4", "SIN INFORMACIÓN", "B:1:43 PERSECUCIÓN POLÍTICA:LESIÓN FÍSICA"
"2002-10-11", "PUTUMAYO / VILLAGARZÓN", "GONZALO OPOCUE  (1954) A10; D701 Víctimas:1", "AUC", "A:1:10 PERSECUCIÓN POLÍTICA:EJECUCIÓN EXTRAJUDICIAL;  D:1:701 PERSONAS:HOMICIDIO INTENCIONAL DE PERSONA PROTEGIDA"
"2002-10-20", "PUTUMAYO / PUERTO GUZMÁN / JOSÉ MARÍA", "CRISTOBAL CUBILLOS  A10; D701 Víctimas:1", "EJERCITO", "A:1:10 PERSECUCIÓN POLÍTICA:EJECUCIÓN EXTRAJUDICIAL;  D:1:701 PERSONAS:HOMICIDIO INTENCIONAL DE PERSONA PROTEGIDA"
"2002-10-24", "PUTUMAYO", " Víctimas:0", "PARAMILITARES", "A:1:10 PERSECUCIÓN POLÍTICA:EJECUCIÓN EXTRAJUDICIAL;  D:1:701 PERSONAS:HOMICIDIO INTENCIONAL DE PERSONA PROTEGIDA"
"2002-11-14", "PUTUMAYO / PUERTO GUZMÁN", "ANTONIO RIVERA  A10; A12; D72; D701 Víctimas:1", "EJERCITO", "A:1:10 PERSECUCIÓN POLÍTICA:EJECUCIÓN EXTRAJUDICIAL;  A:1:12 PERSECUCIÓN POLÍTICA:TORTURA;  D:1:72 PERSONAS:TORTURA;  D:1:701 PERSONAS:HOMICIDIO INTENCIONAL DE PERSONA PROTEGIDA"
"2003-01-19", "PUTUMAYO / MOCOA", "DIEGO JAVIER MEJIA MUÑOZ  (1979) D701 Víctimas:1", "FARC-EP", "D:1:701 PERSONAS:HOMICIDIO INTENCIONAL DE PERSONA PROTEGIDA"
"2003-02-03", "PUTUMAYO / VALLE DEL GUAMUEZ (LA HORMIGA) / EL TIGRE; PUTUMAYO / VALLE DEL GUAMUEZ (LA HORMIGA)", "POBLADORES VILLA ARBOLEDA (); POBLADORES LAS PALMERAS (); POBLADORES MARAVALES (); POBLADORES EL TIGRE () Víctimas:0", "FARC-EP. PARAMILITARES", "D:1:903 PERSONAS:DESPLAZAMIENTO FORZADO;  D:3:902 MÉTODOS:CATEGORIA INEXISTENTE 902"
"2003-03-06", "PUTUMAYO / PUERTO LEGUÍZAMO / LA TAGUA", "WILFREDO MENGAÑO  D701; WILSON ENRIQUE MUÑOZ  D701; MARCELINO MUÑOZ  D701; LISANDRO CASTRO  D701; RIVELINO LOPEZ  D701 Víctimas:5", "FARC-EP", "D:1:701 PERSONAS:HOMICIDIO INTENCIONAL DE PERSONA PROTEGIDA"
"2003-04-22", "PUTUMAYO / ORITO", "N N D703; N N D704; N N D704; N N D704 Víctimas:4", "FARC-EP", "D:1:703 PERSONAS:CIVIL MUERTO EN ACCIÓN BÉLICA;  D:1:704 PERSONAS:LESIÓN A CIVILES EN ACCIÓN BÉLICA"
"2003-04-28", "PUTUMAYO / PUERTO GUZMÁN", "WILLIAM ORTIZ  B43 Víctimas:1", "SIN INFORMACIÓN", "B:1:43 PERSECUCIÓN POLÍTICA:LESIÓN FÍSICA"
"2003-05-09", "PUTUMAYO / PUERTO GUZMÁN", "FIDELINA LOPEZ  B40; N N B43; N N B43; N N B43 Víctimas:4", "SIN INFORMACIÓN", "B:1:40 PERSECUCIÓN POLÍTICA:ASESINATO;  B:1:43 PERSECUCIÓN POLÍTICA:LESIÓN FÍSICA"
"2003-08-21", "PUTUMAYO / PUERTO CAICEDO", "JUAN CARLOS BENAVIDES AREVALO  (1974) D701; JAIME CONRADO JUAJIBOY  D702 Víctimas:2", "FARC-EP", "D:1:701 PERSONAS:HOMICIDIO INTENCIONAL DE PERSONA PROTEGIDA;  D:1:702 PERSONAS:LESIÓN A PERSONA PROTEGIDA"
"2003-09-26", "PUTUMAYO / MOCOA", "ARCADIO MUTUMBAJOY MUCHAVISOY  A14; A14; A14; PROSPERO QUINAYA ASTUDILLO  A14; A14; A14; GENTIL QUINAYAS OMEN  A14; A14; A14; N N A14; A14; A14; N N A14; A14; A14 Víctimas:5", "CTI. EJERCITO. DAS", "A:1:14 PERSECUCIÓN POLÍTICA:DETENCIÓN ARBITRARIA"
"2003-10-06", "PUTUMAYO / PUERTO ASÍS", "JOSE NEL MUÑOZ  B40 Víctimas:1", "SIN INFORMACIÓN", "B:1:40 PERSECUCIÓN POLÍTICA:ASESINATO"
"2003-10-22", "PUTUMAYO / VALLE DEL GUAMUEZ (LA HORMIGA)", "JORGE MARIO PINEDA  D97; SARA BRAVO BOLAÑOS  D97; N N D98; N N D98; N N D98; N N D98; N N D98; N N D98; N N D98; N N D98; N N D98; N N D98; N N D98; N N D98; N N D98 Víctimas:15", "COMBATIENTES", "D:1:97 PERSONAS:MUERTO POR OBJETIVOS, MÉTODOS Y MEDIOS ILÍCITOS;  D:1:98 PERSONAS:LESIÓN POR OBJETIVOS, MÉTODOS Y MEDIOS ILÍCITOS;  D:3:93 MÉTODOS:CATEGORIA INEXISTENTE 93"
"2003-10-22", "PUTUMAYO / ORITO", "MAURA MONTERO  (1955) B40; B47; N GOMEZ MONTERO  (1999) B40; B47; N GOMEZ MONTERO  (1997) B40; B47; N GOMEZ MONTERO  (1996) B40; B47; N GOMEZ MONTERO  (1989) B40; B47; N GOMEZ MONTERO  (1988) B40; B47; RICHARD GOMEZ MONTERO  (1984) B40; B47; FLORESMIRO GOMEZ MONTERO  (1975) B40; B47 Víctimas:8", "SIN INFORMACIÓN", "B:1:40 PERSECUCIÓN POLÍTICA:ASESINATO;  B:1:47 PERSECUCIÓN POLÍTICA:TORTURA"
"2003-10-22", "PUTUMAYO / PUERTO GUZMÁN", "N N B40; N N B40 Víctimas:2", "SIN INFORMACIÓN", "B:1:40 PERSECUCIÓN POLÍTICA:ASESINATO"
"2003-11-18", "PUTUMAYO / VALLE DEL GUAMUEZ (LA HORMIGA)", " Víctimas:0", "FARC-EP", "D:2:89 OBJETIVOS, MÉTODOS Y MÉDIOS ILÍCITOS:ESTRUCTURA VIAL"
"2003-11-25", "PUTUMAYO / VILLAGARZÓN", "MARIA BENAVIDES  A10; D701 Víctimas:1", "PARAMILITARES", "A:1:10 PERSECUCIÓN POLÍTICA:EJECUCIÓN EXTRAJUDICIAL;  D:1:701 PERSONAS:HOMICIDIO INTENCIONAL DE PERSONA PROTEGIDA"
"2003-11-28", "PUTUMAYO / SAN MIGUEL", "TELESFORO BARRERA SILVA  B41; EDWIN BARRERA LONDOÑO  B41; RUBEN BASTIDAS  B41; JOHN SEVILLANO  B41; FABIO MOLINA  B41; CARLOS MOLINA  B41 Víctimas:6", "FARC-EP", "B:1:41 PERSECUCIÓN POLÍTICA:SECUESTRO;  D:3:95 MÉTODOS:CATEGORIA INEXISTENTE 95"
"2003-12-12", "PUTUMAYO / PUERTO ASÍS", "N N (1964) B40; N N (1995) B40 Víctimas:2", "SIN INFORMACIÓN", "B:1:40 PERSECUCIÓN POLÍTICA:ASESINATO"
"2003-12-20", "PUTUMAYO / MOCOA", "RAMON RODRIGO ROBLES ORDOÑEZ  (1976) B40; GUILLERMO BECERRA  B40 Víctimas:2", "SIN INFORMACIÓN", "B:1:40 PERSECUCIÓN POLÍTICA:ASESINATO"
"2004-01-02", "PUTUMAYO / MOCOA", "GUILLERMO ANTONIO LÓPEZ GILÓN  B40 Víctimas:1", "SIN INFORMACIÓN", "B:1:40 PERSECUCIÓN POLÍTICA:ASESINATO"
"2004-01-06", "PUTUMAYO / MOCOA", "NORMÁN PATIÑO  B40 Víctimas:1", "SIN INFORMACIÓN", "B:1:40 PERSECUCIÓN POLÍTICA:ASESINATO"
"2004-01-13", "PUTUMAYO / PUERTO GUZMÁN", "JESÚS GARCÍA ROSERO  B41 Víctimas:1", "FARC-EP", "B:1:41 PERSECUCIÓN POLÍTICA:SECUESTRO"
"2004-01-14", "PUTUMAYO / PUERTO GUZMÁN", "LUIS ALBERTO CAMPOS  (1956) D701 Víctimas:1", "FARC-EP", "D:1:701 PERSONAS:HOMICIDIO INTENCIONAL DE PERSONA PROTEGIDA"
"2004-01-15", "PUTUMAYO / PUERTO ASÍS / TETEYE", "MARCO ANTONIO AGREDO PLAZA  A10; D701; SANTIAGO CHASOY  A10; D701; JARVI PAYAGUAJE  A10; D701; HABITANTES DEL CORREGIMIENTO TETEYE () Víctimas:3", "EJERCITO. PARAMILITARES", "A:1:10 PERSECUCIÓN POLÍTICA:EJECUCIÓN EXTRAJUDICIAL;  A:1:18 PERSECUCIÓN POLÍTICA:COLECTIVO AMENAZADO;  D:1:701 PERSONAS:HOMICIDIO INTENCIONAL DE PERSONA PROTEGIDA;  D:1:706 PERSONAS:COLECTIVO AMENAZADO"
"2004-01-20", "PUTUMAYO / ORITO", "N N B41; N N B41; N N B41; N N B41; N N B41; N N B41 Víctimas:6", "FARC-EP", "B:1:41 PERSECUCIÓN POLÍTICA:SECUESTRO"
"2004-01-23", "PUTUMAYO / MOCOA", "DANIEL ALEXANDER CERÓN REYES  B40 Víctimas:1", "SIN INFORMACIÓN", "B:1:40 PERSECUCIÓN POLÍTICA:ASESINATO"
"2004-01-26", "PUTUMAYO / MOCOA", " Víctimas:0", "FARC-EP", "D:2:89 OBJETIVOS, MÉTODOS Y MÉDIOS ILÍCITOS:ESTRUCTURA VIAL"
"2004-02-14", "PUTUMAYO / VALLE DEL GUAMUEZ (LA HORMIGA)", "GISELA JIMENEZ D75; MARIANA JIMENEZ D75 Víctimas:2", "FARC-EP", "D:1:75 PERSONAS:RECLUTAMIENTO DE MENORES"
"2004-03-01", "PUTUMAYO / ORITO", "PEDRO ALIRIO SILVA  A10; D701 Víctimas:1", "PARAMILITARES", "A:1:10 PERSECUCIÓN POLÍTICA:EJECUCIÓN EXTRAJUDICIAL;  D:1:701 PERSONAS:HOMICIDIO INTENCIONAL DE PERSONA PROTEGIDA"
"2004-03-03", "PUTUMAYO / VALLE DEL GUAMUEZ (LA HORMIGA) / EL PLACER", "JOSE PALOMINO  D701 Víctimas:1", "FARC-EP", "D:1:701 PERSONAS:HOMICIDIO INTENCIONAL DE PERSONA PROTEGIDA"
"2004-03-13", "PUTUMAYO / PUERTO GUZMÁN", "HENRY GIRALDO ARIAS  A10; D701 Víctimas:1", "EJERCITO", "A:1:10 PERSECUCIÓN POLÍTICA:EJECUCIÓN EXTRAJUDICIAL;  D:1:701 PERSONAS:HOMICIDIO INTENCIONAL DE PERSONA PROTEGIDA"
"2004-03-22", "PUTUMAYO / VALLE DEL GUAMUEZ (LA HORMIGA) / EL TIGRE", "TRANSPORTADORES QUE TRABAJAN PARA LAS EMPRESAS PETROLERAS () Víctimas:0", "FARC-EP", "D:1:706 PERSONAS:COLECTIVO AMENAZADO"
"2004-04-13", "PUTUMAYO / PUERTO ASÍS", "ROGELIO MUSSE YUCTA  B48 Víctimas:1", "SIN INFORMACIÓN", "B:1:48 PERSECUCIÓN POLÍTICA:RAPTO"
"2004-06-02", "PUTUMAYO / MOCOA", "HERMES NARVÁEZ REMUN  B45; ANTONIO JAJOY PAI  B45; ROSAURA GUZMÁN CHINDOY  B45; ALEJANDRO LÓPEZ AGREDA  B45; COMITE EJECUTIVO ORGANIZACION ZONAL INDIGENA DEL PUTUMAYO () Víctimas:4", "SIN INFORMACIÓN", "B:1:45 PERSECUCIÓN POLÍTICA:AMENAZA;  B:1:49 PERSECUCIÓN POLÍTICA:COLECTIVO AMENAZADO"
"2004-06-02", "PUTUMAYO / SAN MIGUEL", " Víctimas:0", "FARC-EP", "D:2:89 OBJETIVOS, MÉTODOS Y MÉDIOS ILÍCITOS:ESTRUCTURA VIAL"
"2004-06-02", "PUTUMAYO / PUERTO ASÍS", " Víctimas:0", "FARC-EP", "D:2:80 OBJETIVOS, MÉTODOS Y MÉDIOS ILÍCITOS:BIENES CIVILES"
"2004-06-06", "PUTUMAYO / PUERTO GUZMÁN / SANTA LUCÍA", "MIGUEL ANGEL FIGUEROA DÍAZ  A10; A12; A14; D72; D701 Víctimas:1", "EJERCITO", "A:1:10 PERSECUCIÓN POLÍTICA:EJECUCIÓN EXTRAJUDICIAL;  A:1:12 PERSECUCIÓN POLÍTICA:TORTURA;  A:1:14 PERSECUCIÓN POLÍTICA:DETENCIÓN ARBITRARIA;  D:1:72 PERSONAS:TORTURA;  D:1:701 PERSONAS:HOMICIDIO INTENCIONAL DE PERSONA PROTEGIDA"
"2004-06-22", "PUTUMAYO / PUERTO GUZMÁN", "WILMER BRAVO  A12; A14; D72 Víctimas:1", "EJERCITO", "A:1:12 PERSECUCIÓN POLÍTICA:TORTURA;  A:1:14 PERSECUCIÓN POLÍTICA:DETENCIÓN ARBITRARIA;  D:1:72 PERSONAS:TORTURA"
"2004-07-14", "PUTUMAYO / PUERTO GUZMÁN", "ERNESTO VILLADO  A10; D701 Víctimas:1", "EJERCITO", "A:1:10 PERSECUCIÓN POLÍTICA:EJECUCIÓN EXTRAJUDICIAL;  D:1:701 PERSONAS:HOMICIDIO INTENCIONAL DE PERSONA PROTEGIDA;  D:2:80 OBJETIVOS, MÉTODOS Y MÉDIOS ILÍCITOS:BIENES CIVILES"
"2004-07-15", "PUTUMAYO / PUERTO GUZMÁN", "BLANCA IRENE BELTRÁN  A10; A12; D72; D701 Víctimas:1", "EJERCITO", "A:1:10 PERSECUCIÓN POLÍTICA:EJECUCIÓN EXTRAJUDICIAL;  A:1:12 PERSECUCIÓN POLÍTICA:TORTURA;  D:1:72 PERSONAS:TORTURA;  D:1:701 PERSONAS:HOMICIDIO INTENCIONAL DE PERSONA PROTEGIDA"
"2004-08-01", "PUTUMAYO", "HOLLMAN MORRIS  A14; LUIS GALDÓS  A14 Víctimas:2", "ARMADA", "A:1:14 PERSECUCIÓN POLÍTICA:DETENCIÓN ARBITRARIA"
"2004-08-10", "PUTUMAYO / ORITO", "YULIET ARTUNDUAGA  (1985) A14; MAYERLY CUÉLLAR  (1987) A14 Víctimas:2", "PARAMILITARES", "A:1:14 PERSECUCIÓN POLÍTICA:DETENCIÓN ARBITRARIA"
"2004-08-13", "PUTUMAYO / PUERTO ASÍS / PIÑUÑA BLANCO", "COMUNIDAD INDÍGENA DE PIÑUÑA BLANCA (214) Víctimas:0", "ARMADA. PARAMILITARES", "A:1:18 PERSECUCIÓN POLÍTICA:COLECTIVO AMENAZADO;  D:1:706 PERSONAS:COLECTIVO AMENAZADO;  D:2:80 OBJETIVOS, MÉTODOS Y MÉDIOS ILÍCITOS:BIENES CIVILES;  D:2:86 OBJETIVOS, MÉTODOS Y MÉDIOS ILÍCITOS:HAMBRE COMO MÉTODO DE GUERRA;  D:3:90 MÉTODOS:CATEGORIA INEXISTENTE 90;  D:3:95 MÉTODOS:CATEGORIA INEXISTENTE 95;  D:3:707 MÉTODOS:CATEGORIA INEXISTENTE 707"
"2004-08-15", "PUTUMAYO / VALLE DEL GUAMUEZ (LA HORMIGA) / EL TIGRE", "N N A10; D701 Víctimas:1", "PARAMILITARES", "A:1:10 PERSECUCIÓN POLÍTICA:EJECUCIÓN EXTRAJUDICIAL;  D:1:701 PERSONAS:HOMICIDIO INTENCIONAL DE PERSONA PROTEGIDA"
"2004-08-15", "PUTUMAYO / VALLE DEL GUAMUEZ (LA HORMIGA)", "GILBERTO CANENCIO  A10; A12; D72; D701 Víctimas:1", "PARAMILITARES", "A:1:10 PERSECUCIÓN POLÍTICA:EJECUCIÓN EXTRAJUDICIAL;  A:1:12 PERSECUCIÓN POLÍTICA:TORTURA;  D:1:72 PERSONAS:TORTURA;  D:1:701 PERSONAS:HOMICIDIO INTENCIONAL DE PERSONA PROTEGIDA"
"2004-08-18", "PUTUMAYO / VALLE DEL GUAMUEZ (LA HORMIGA)", "EDILBERTO RODRÍGUEZ PALACIOS  A10; A12; D72; D701; WILSON MARTÍNEZ  A10; A12; D72; D701; JHAN CARLOS OSSAS  A10; A12; D72; D701; EDISON RAFAEL PALACIOS ROSERO  A12; A13; D72; D702 Víctimas:4", "PARAMILITARES", "A:1:10 PERSECUCIÓN POLÍTICA:EJECUCIÓN EXTRAJUDICIAL;  A:1:12 PERSECUCIÓN POLÍTICA:TORTURA;  A:1:13 PERSECUCIÓN POLÍTICA:LESIÓN FÍSICA;  D:1:72 PERSONAS:TORTURA;  D:1:701 PERSONAS:HOMICIDIO INTENCIONAL DE PERSONA PROTEGIDA;  D:1:702 PERSONAS:LESIÓN A PERSONA PROTEGIDA"
"2004-08-19", "PUTUMAYO / VALLE DEL GUAMUEZ (LA HORMIGA)", "RAMIRO PAPO  A10; A12; A14; D72; D701; N N A14; N N A14; N N A14; N N A14; COMUNIDAD DE LA VEREDA EL GUADUALITO () Víctimas:5", "PARAMILITARES", "A:1:10 PERSECUCIÓN POLÍTICA:EJECUCIÓN EXTRAJUDICIAL;  A:1:12 PERSECUCIÓN POLÍTICA:TORTURA;  A:1:14 PERSECUCIÓN POLÍTICA:DETENCIÓN ARBITRARIA;  A:1:18 PERSECUCIÓN POLÍTICA:COLECTIVO AMENAZADO;  D:1:72 PERSONAS:TORTURA;  D:1:701 PERSONAS:HOMICIDIO INTENCIONAL DE PERSONA PROTEGIDA;  D:1:706 PERSONAS:COLECTIVO AMENAZADO"
"2004-08-20", "PUTUMAYO / VALLE DEL GUAMUEZ (LA HORMIGA)", "RODRIGO PALACIOS  A10; D701; EFRÉN GUAYABERA  A10; D701; ARIEL MORENO  A10; D701; WILSON PALACIOS  A10; D701; RAMIRO N.  A10; D701; ERMISON N.  A10; D701 Víctimas:6", "PARAMILITARES", "A:1:10 PERSECUCIÓN POLÍTICA:EJECUCIÓN EXTRAJUDICIAL;  D:1:701 PERSONAS:HOMICIDIO INTENCIONAL DE PERSONA PROTEGIDA"
"2004-08-20", "PUTUMAYO / VALLE DEL GUAMUEZ (LA HORMIGA)", "EFREN LARA  (1934) A10; D701; ARIEL MORENO  A10; D701 Víctimas:2", "PARAMILITARES. EJERCITO", "A:1:10 PERSECUCIÓN POLÍTICA:EJECUCIÓN EXTRAJUDICIAL;  D:1:701 PERSONAS:HOMICIDIO INTENCIONAL DE PERSONA PROTEGIDA"
"2004-08-26", "PUTUMAYO / VILLAGARZÓN / VILLAFLOR", "BYRON PORTILLA ZARRIA  D701 Víctimas:1", "FARC-EP", "D:1:701 PERSONAS:HOMICIDIO INTENCIONAL DE PERSONA PROTEGIDA"
"2004-09-04", "PUTUMAYO / PUERTO ASÍS", "LEONEL RAIGOSA  A13; D702; SANDRA BARCO  A13; D702; OSCAR LUIS MARTÍNEZ  A13; D702; ANDRÉS ORTEGA  A13; D702; GERSON CHÁVEZ  A13; D702; GIOVANNY RAMOS HERNÁNDEZ  A13; D702; PABLO CAMPO HERNÁNDEZ  A13; D702; N N (1982) A13; D702; N N (1997) A13; D702; N N (1993) A13; D702; N N (1993) A13; D702; JORGE ARNULFO SANTAMARÍA MONTOYA  A13; D702; ADALBERTO BENAVIDES  A10; D701; LUIS HERALDO GUEVARA  (1961) A10; D701; MARIA LIDIA MARTÍNEZ DE ZAMBRANO  (1953) A10; D701; GUADALUPE QUIJANO  A13; D702; YENI CABRERA  A13; D702; ELVIA CABRERA  A13; D702 Víctimas:18", "PARAMILITARES", "A:1:10 PERSECUCIÓN POLÍTICA:EJECUCIÓN EXTRAJUDICIAL;  A:1:13 PERSECUCIÓN POLÍTICA:LESIÓN FÍSICA;  D:1:701 PERSONAS:HOMICIDIO INTENCIONAL DE PERSONA PROTEGIDA;  D:1:702 PERSONAS:LESIÓN A PERSONA PROTEGIDA"
"2004-09-09", "PUTUMAYO / PUERTO ASÍS", "ABUELOS Y CACIQUES DE COMUNIDADES INDÍGENAS DE PUERTO ASIS () Víctimas:0", "FARC-EP", "D:1:706 PERSONAS:COLECTIVO AMENAZADO"
"2004-09-12", "PUTUMAYO / PUERTO ASÍS", " Víctimas:0", "FARC-EP", "D:2:80 OBJETIVOS, MÉTODOS Y MÉDIOS ILÍCITOS:BIENES CIVILES"
"2004-10-03", "PUTUMAYO / VALLE DEL GUAMUEZ (LA HORMIGA)", "JAIME VALLEJO  B41 Víctimas:1", "FARC-EP", "B:1:41 PERSECUCIÓN POLÍTICA:SECUESTRO"
"2004-10-10", "PUTUMAYO", "LUIS CARLOS BURBANO  B41; MAURICIO MESA  B41 Víctimas:2", "FARC-EP", "B:1:41 PERSECUCIÓN POLÍTICA:SECUESTRO"
"2004-10-25", "PUTUMAYO / ORITO", " Víctimas:0", "ESTADO COLOMBIANO", "D:2:80 OBJETIVOS, MÉTODOS Y MÉDIOS ILÍCITOS:BIENES CIVILES;  D:2:86 OBJETIVOS, MÉTODOS Y MÉDIOS ILÍCITOS:HAMBRE COMO MÉTODO DE GUERRA"
"2004-10-25", "PUTUMAYO / SAN MIGUEL", "JUAN GUILLERMO GUTÉRREZ SÁNCHEZ  (1989) A10; A12; D72; D701; ROSA BENAVÍDEZ  (1982) A10; A12; A19; D72; D77; D701; COMUNIDAD VEREDA LA INDEPENDENCIA (); COMUNIDAD VEREDA ARIZONA () Víctimas:2", "EJERCITO", "A:1:10 PERSECUCIÓN POLÍTICA:EJECUCIÓN EXTRAJUDICIAL;  A:1:12 PERSECUCIÓN POLÍTICA:TORTURA;  A:1:19 PERSECUCIÓN POLÍTICA:VIOLENCIA SEXUAL;  D:1:72 PERSONAS:TORTURA;  D:1:77 PERSONAS:VIOLENCIA SEXUAL;  D:1:701 PERSONAS:HOMICIDIO INTENCIONAL DE PERSONA PROTEGIDA"
"2004-11-11", "PUTUMAYO / PUERTO ASÍS / EL TIGRE", "WALTER RAMÓN SOSA  (1982) A10; A12; D72; D701; VICTORIO N.  A10; A12; D72; D701; N N A10; D701; N N A10; D701; N N A10; D701; N N A10; D701; N N A10; D701; N N A10; D701; N N A10; D701; N N A10; D701; N N A10; D701; N N A10; D701; N N A10; D701; N N A10; D701; N N A10; D701; COLECTIVO CAMPESINO INSPECCIÓN DE POLICÍA EL TIGRE (); COLECTIVO CAMPESINO VEREDA DIOS PEÑA (); COLECTIVO CAMPESINO VEREDA SAN CARLOS (); COLECTIVO CAMPESINO VEREDA EL AFILADOR (); COLECTIVO CAMPESINO VEREDA LAS BRISAS (); COLECTIVO CAMPESINO VEREDA ALBANIA (); COLECTIVO CAMPESINO SUCUMBIOS (ECUADOR) () Víctimas:15", "PARAMILITARES", "A:1:10 PERSECUCIÓN POLÍTICA:EJECUCIÓN EXTRAJUDICIAL;  A:1:12 PERSECUCIÓN POLÍTICA:TORTURA;  A:1:18 PERSECUCIÓN POLÍTICA:COLECTIVO AMENAZADO;  A:1:102 PERSECUCIÓN POLÍTICA:DESPLAZAMIENTO FORZADO;  D:1:72 PERSONAS:TORTURA;  D:1:701 PERSONAS:HOMICIDIO INTENCIONAL DE PERSONA PROTEGIDA;  D:1:706 PERSONAS:COLECTIVO AMENAZADO;  D:1:903 PERSONAS:DESPLAZAMIENTO FORZADO;  D:3:902 MÉTODOS:CATEGORIA INEXISTENTE 902"
"2004-11-11", "PUTUMAYO / PUERTO CAICEDO", "N N B40; N N B40; N N B48; N N B48 Víctimas:4", "SIN INFORMACIÓN", "B:1:40 PERSECUCIÓN POLÍTICA:ASESINATO;  B:1:48 PERSECUCIÓN POLÍTICA:RAPTO"
"2004-11-15", "PUTUMAYO / PUERTO ASÍS", "COLECTIVO CAMPESINO VEREDA DIOS PEÑA () Víctimas:0", "EJERCITO. PARAMILITARES", "A:1:102 PERSECUCIÓN POLÍTICA:DESPLAZAMIENTO FORZADO;  D:1:903 PERSONAS:DESPLAZAMIENTO FORZADO;  D:3:902 MÉTODOS:CATEGORIA INEXISTENTE 902"
"2004-11-19", "PUTUMAYO / PUERTO GUZMÁN", "MARTHA JAMIOY  D701 Víctimas:1", "FARC-EP", "D:1:701 PERSONAS:HOMICIDIO INTENCIONAL DE PERSONA PROTEGIDA"
"2004-11-19", "PUTUMAYO / PUERTO ASÍS", "ROSALÍA CABEZAS DE ARCINIEGAS  (1972) A14 Víctimas:1", "PARAMILITARES", "A:1:14 PERSECUCIÓN POLÍTICA:DETENCIÓN ARBITRARIA"
"2004-12-20", "PUTUMAYO / VALLE DEL GUAMUEZ (LA HORMIGA)", "JAIME TORO RIASCOS  B40; JHONATAN BRAVO  B40; CONCEJO MUNICIPAL DE LA HORMIGA (); EMPLEADOS ALCALDÍA MUNICIPAL () Víctimas:2", "SIN INFORMACIÓN", "B:1:40 PERSECUCIÓN POLÍTICA:ASESINATO;  B:1:49 PERSECUCIÓN POLÍTICA:COLECTIVO AMENAZADO"
"2004-12-24", "PUTUMAYO / ORITO", "DIGNA ARAMITA  B40 Víctimas:1", "SIN INFORMACIÓN", "B:1:40 PERSECUCIÓN POLÍTICA:ASESINATO"
"2005-01-03", "PUTUMAYO / MOCOA", "ELVER PORFIRIO CERÓN  A15; D73; A15; D73 Víctimas:1", "FUERZA PUBLICA. PARAMILITARES", "A:1:15 PERSECUCIÓN POLÍTICA:AMENAZA;  D:1:73 PERSONAS:AMENAZA"
"2005-01-23", "PUTUMAYO / PUERTO CAICEDO", "ARNOLDO NARANJO RAMÍREZ A10; D701; N N A14 Víctimas:2", "EJERCITO", "A:1:10 PERSECUCIÓN POLÍTICA:EJECUCIÓN EXTRAJUDICIAL;  A:1:14 PERSECUCIÓN POLÍTICA:DETENCIÓN ARBITRARIA;  D:1:701 PERSONAS:HOMICIDIO INTENCIONAL DE PERSONA PROTEGIDA"
"2005-01-26", "PUTUMAYO / SAN MIGUEL / LA DORADA", "PLUTARCO SOSA SEMANATE  A14 Víctimas:1", "PARAMILITARES", "A:1:14 PERSECUCIÓN POLÍTICA:DETENCIÓN ARBITRARIA"
"2005-01-27", "PUTUMAYO / SAN MIGUEL / LA DORADA", "N N A10; D701; N N D701; N N A10; D701; N N A10; D701; N N A10; D701; N N A10; D701 Víctimas:6", "PARAMILITARES", "A:1:10 PERSECUCIÓN POLÍTICA:EJECUCIÓN EXTRAJUDICIAL;  D:1:701 PERSONAS:HOMICIDIO INTENCIONAL DE PERSONA PROTEGIDA"
"2005-02-09", "PUTUMAYO / VALLE DEL GUAMUEZ (LA HORMIGA)", "WILIAM GUEVARA  A13; D702; WILIAM DARÍO GUEVARA  A13; D702; WILMER ALEXANDER GUEVARA  A13; D702; GLORIA AMPARO VILLARREAL  A13; D702 Víctimas:4", "PARAMILITARES", "A:1:13 PERSECUCIÓN POLÍTICA:LESIÓN FÍSICA;  D:1:702 PERSONAS:LESIÓN A PERSONA PROTEGIDA;  D:2:80 OBJETIVOS, MÉTODOS Y MÉDIOS ILÍCITOS:BIENES CIVILES"
"2005-02-11", "PUTUMAYO / SAN MIGUEL / LA DORADA", "CLAUDIO GOMAJOA BUESAQUILLO  A15; D73 Víctimas:1", "PARAMILITARES", "A:1:15 PERSECUCIÓN POLÍTICA:AMENAZA;  D:1:73 PERSONAS:AMENAZA"
"2005-02-11", "PUTUMAYO / SAN MIGUEL", "POBLADORES DE SAN MIGUEL () Víctimas:0", "PARAMILITARES", "A:1:18 PERSECUCIÓN POLÍTICA:COLECTIVO AMENAZADO;  D:1:706 PERSONAS:COLECTIVO AMENAZADO"
"2005-02-13", "PUTUMAYO / PUERTO ASÍS", " Víctimas:0", "FARC-EP", "D:2:80 OBJETIVOS, MÉTODOS Y MÉDIOS ILÍCITOS:BIENES CIVILES"
"2005-02-13", "PUTUMAYO / PUERTO ASÍS", " Víctimas:0", "PARAMILITARES", "D:2:80 OBJETIVOS, MÉTODOS Y MÉDIOS ILÍCITOS:BIENES CIVILES"
"2005-02-16", "PUTUMAYO / SAN MIGUEL / LA DORADA", "LIDERES COMUNITARIOS (40) Víctimas:0", "PARAMILITARES", "A:1:18 PERSECUCIÓN POLÍTICA:COLECTIVO AMENAZADO;  D:1:706 PERSONAS:COLECTIVO AMENAZADO"
"2005-03-12", "PUTUMAYO / SAN MIGUEL / LA DORADA", "POBLADORES LA DORADA () Víctimas:0", "PARAMILITARES", "A:1:18 PERSECUCIÓN POLÍTICA:COLECTIVO AMENAZADO;  A:1:102 PERSECUCIÓN POLÍTICA:DESPLAZAMIENTO FORZADO;  D:1:706 PERSONAS:COLECTIVO AMENAZADO;  D:1:903 PERSONAS:DESPLAZAMIENTO FORZADO;  D:3:902 MÉTODOS:CATEGORIA INEXISTENTE 902"
"2005-03-14", "PUTUMAYO / ORITO", "JHON FREDDY FAJARDO (1969) A14; A15; D73 Víctimas:1", "EJERCITO", "A:1:14 PERSECUCIÓN POLÍTICA:DETENCIÓN ARBITRARIA;  A:1:15 PERSECUCIÓN POLÍTICA:AMENAZA;  D:1:73 PERSONAS:AMENAZA;  D:3:95 MÉTODOS:CATEGORIA INEXISTENTE 95"
"2005-03-30", "PUTUMAYO / SAN MIGUEL / LA DORADA", "ABEL HOMEZ ANACONA  A10; D701; A10; D701 Víctimas:1", "FUERZA PUBLICA. PARAMILITARES", "A:1:10 PERSECUCIÓN POLÍTICA:EJECUCIÓN EXTRAJUDICIAL;  D:1:701 PERSONAS:HOMICIDIO INTENCIONAL DE PERSONA PROTEGIDA"
"2005-04-03", "PUTUMAYO / SAN MIGUEL / LA DORADA", "ABELARDO ANTONIO OCAMPO  A10; D701 Víctimas:1", "PARAMILITARES", "A:1:10 PERSECUCIÓN POLÍTICA:EJECUCIÓN EXTRAJUDICIAL;  D:1:701 PERSONAS:HOMICIDIO INTENCIONAL DE PERSONA PROTEGIDA"
"2005-04-04", "PUTUMAYO / SAN MIGUEL / LA DORADA", "EVID CARLOS CUARAN  (1982) A10; D701 Víctimas:1", "PARAMILITARES", "A:1:10 PERSECUCIÓN POLÍTICA:EJECUCIÓN EXTRAJUDICIAL;  D:1:701 PERSONAS:HOMICIDIO INTENCIONAL DE PERSONA PROTEGIDA"
"2005-04-04", "PUTUMAYO / PUERTO GUZMÁN / JOSÉ MARÍA", "FARID CÁRDENAS  A10; D80; D701 Víctimas:1", "EJERCITO", "A:1:10 PERSECUCIÓN POLÍTICA:EJECUCIÓN EXTRAJUDICIAL;  D:1:701 PERSONAS:HOMICIDIO INTENCIONAL DE PERSONA PROTEGIDA;  D:2:80 OBJETIVOS, MÉTODOS Y MÉDIOS ILÍCITOS:BIENES CIVILES"
"2005-04-21", "PUTUMAYO / ORITO", "SOCORRO VALLEJO  A10; D701; A10; D701; A10; D701 Víctimas:1", "EJERCITO. POLICÍA. PARAMILITARES", "A:1:10 PERSECUCIÓN POLÍTICA:EJECUCIÓN EXTRAJUDICIAL;  D:1:701 PERSONAS:HOMICIDIO INTENCIONAL DE PERSONA PROTEGIDA"
"2005-05-14", "PUTUMAYO / SIBUNDOY", "N N (1997) A23 Víctimas:1", "EJERCITO", "A:2:23 ABUSO DE AUTORIDAD:LESIÓN FÍSICA"
"2005-05-31", "PUTUMAYO / MOCOA", "NICOLAS MORALES  B45 Víctimas:1", "SIN INFORMACIÓN", "B:1:45 PERSECUCIÓN POLÍTICA:AMENAZA"
"2005-07-12", "PUTUMAYO / PUERTO GUZMÁN", "RIGOBERTO SECUE  A14; COMUNIDAD CAMPESINA DE SAN JOSÉ DE LA MONTAÑA () Víctimas:1", "EJERCITO", "A:1:14 PERSECUCIÓN POLÍTICA:DETENCIÓN ARBITRARIA;  A:1:18 PERSECUCIÓN POLÍTICA:COLECTIVO AMENAZADO;  D:1:706 PERSONAS:COLECTIVO AMENAZADO"
"2005-07-14", "PUTUMAYO / PUERTO GUZMÁN", "N N A14; A15; D73; N N A14; A15; D73; N N A14; A15; D73 Víctimas:3", "EJERCITO", "A:1:14 PERSECUCIÓN POLÍTICA:DETENCIÓN ARBITRARIA;  A:1:15 PERSECUCIÓN POLÍTICA:AMENAZA;  D:1:73 PERSONAS:AMENAZA"
"2005-07-14", "PUTUMAYO / PUERTO GUZMÁN", "FAMILIA DÍAZ () Víctimas:0", "EJERCITO", "A:1:18 PERSECUCIÓN POLÍTICA:COLECTIVO AMENAZADO;  D:1:706 PERSONAS:COLECTIVO AMENAZADO"
"2005-07-14", "PUTUMAYO / PUERTO GUZMÁN", "JHON FREDY CRUZ  A12; A14; A22; D72 Víctimas:1", "EJERCITO", "A:1:12 PERSECUCIÓN POLÍTICA:TORTURA;  A:1:14 PERSECUCIÓN POLÍTICA:DETENCIÓN ARBITRARIA;  A:2:22 ABUSO DE AUTORIDAD:TORTURA;  D:1:72 PERSONAS:TORTURA"
"2005-07-17", "PUTUMAYO / ORITO / JARDINES DE SUCUMBIOS", "COMUNIDAD CAMPESINA DEL EMPALME (); COMUNIDAD CAMPESINA DE JARDINES DE SUCUMBÍOS (); COMUNIDAD CAMPESINA DE BRISAS DE RUMILLACO () Víctimas:0", "FUERZA AEREA. EJERCITO", "D:2:90 OBJETIVOS, MÉTODOS Y MÉDIOS ILÍCITOS:ATAQUE INDISCRIMINADO;  D:3:90 MÉTODOS:CATEGORIA INEXISTENTE 90"
"2005-07-20", "PUTUMAYO / PUERTO ASÍS", "GERMAN OBANDO RECALDE  A10; D701; JULIAN EDUARDO CANTICUS  A10; D701; N N A10; D701; N N A10; D701; N N A10; D701; N N A10; D701; N N A10; D701; N N A10; D701; N N A10; D701; N N A10; D701; N N A10; D701; N N A10; D701; N N A10; D701; N N A12; D72; N N A11; N N A11; N N D704; N N D704; N N D704; N N D704; N N D704; N N D704; N N D704; N N D704; N N D704; N N D704; N N D704; N N D704; N N D704; COMUNIDADES CAMPESINAS DEL PUTUMAYO (); COMUNIDADES CAMPESINAS SANTAMARÍA (); COMUNIDADES CAMPESINAS VERDEYACO () Víctimas:29", "FARC-EP. COMBATIENTES. PARAMILITARES. FUERZA PUBLICA", "A:1:10 PERSECUCIÓN POLÍTICA:EJECUCIÓN EXTRAJUDICIAL;  A:1:11 PERSECUCIÓN POLÍTICA:DESAPARICIÓN FORZADA;  A:1:12 PERSECUCIÓN POLÍTICA:TORTURA;  A:1:18 PERSECUCIÓN POLÍTICA:COLECTIVO AMENAZADO;  D:1:72 PERSONAS:TORTURA;  D:1:701 PERSONAS:HOMICIDIO INTENCIONAL DE PERSONA PROTEGIDA;  D:1:704 PERSONAS:LESIÓN A CIVILES EN ACCIÓN BÉLICA;  D:1:706 PERSONAS:COLECTIVO AMENAZADO;  D:1:903 PERSONAS:DESPLAZAMIENTO FORZADO;  D:1:904 PERSONAS:COLECTIVO ESCUDO;  D:2:80 OBJETIVOS, MÉTODOS Y MÉDIOS ILÍCITOS:BIENES CIVILES;  D:2:89 OBJETIVOS, MÉTODOS Y MÉDIOS ILÍCITOS:ESTRUCTURA VIAL;  D:3:95 MÉTODOS:CATEGORIA INEXISTENTE 95;  D:3:902 MÉTODOS:CATEGORIA INEXISTENTE 902"
"2005-07-22", "PUTUMAYO / PUERTO LEGUÍZAMO", " Víctimas:0", "EJERCITO. FUERZA AEREA", "D:3:90 MÉTODOS:CATEGORIA INEXISTENTE 90"
"2005-08-02", "PUTUMAYO / MOCOA", " Víctimas:0", "FARC-EP", "D:2:80 OBJETIVOS, MÉTODOS Y MÉDIOS ILÍCITOS:BIENES CIVILES"
"2005-08-02", "PUTUMAYO / PUERTO ASÍS", " Víctimas:0", "FARC-EP", "D:2:80 OBJETIVOS, MÉTODOS Y MÉDIOS ILÍCITOS:BIENES CIVILES"
"2005-08-04", "PUTUMAYO / PUERTO ASÍS", "WILSON HURTADO  A15; D73 Víctimas:1", "PARAMILITARES", "A:1:15 PERSECUCIÓN POLÍTICA:AMENAZA;  D:1:73 PERSONAS:AMENAZA"
"2005-08-07", "PUTUMAYO / ORITO", "GUSTAVO ROJAS  A14 Víctimas:1", "EJERCITO", "A:1:14 PERSECUCIÓN POLÍTICA:DETENCIÓN ARBITRARIA"
"2005-08-24", "PUTUMAYO / PUERTO ASÍS / PUERTO VEGA", " Víctimas:0", "FARC-EP", "D:2:80 OBJETIVOS, MÉTODOS Y MÉDIOS ILÍCITOS:BIENES CIVILES"
"2005-09-07", "PUTUMAYO / VALLE DEL GUAMUEZ (LA HORMIGA) / EL PLACER", "DEISY ALEJANDRA POTOSÍ  (1994) D703; ELIZABETH ÁLVAREZ  (1994) D703; WILMER IBAÑEZ  (1983) D703; N N D704; N N D704; N N D704; N N D704; N N D704; N N D704; N N D704; N N D704; COMUNIDAD VEREDA EL PLACER (); 100 MIEMBROS APROXIMADAMENTE DE LA COMUNIDAD VEREDA EL PLACER () Víctimas:11", "COMBATIENTES. PARAMILITARES", "A:1:102 PERSECUCIÓN POLÍTICA:DESPLAZAMIENTO FORZADO;  D:1:703 PERSONAS:CIVIL MUERTO EN ACCIÓN BÉLICA;  D:1:704 PERSONAS:LESIÓN A CIVILES EN ACCIÓN BÉLICA;  D:1:903 PERSONAS:DESPLAZAMIENTO FORZADO;  D:1:904 PERSONAS:COLECTIVO ESCUDO;  D:3:902 MÉTODOS:CATEGORIA INEXISTENTE 902"
"2005-09-24", "PUTUMAYO / PUERTO LEGUÍZAMO", "SIMÓN BOTINA  A14; JOSÉ ANTONIO FIAGA  A14; WILMER SERNA PELÁEZ  A14 Víctimas:3", "EJERCITO", "A:1:14 PERSECUCIÓN POLÍTICA:DETENCIÓN ARBITRARIA"
"2005-09-27", "PUTUMAYO / PUERTO GUZMÁN", "LUIS ENRIQUE GAMBOA  A10; D701 Víctimas:1", "EJERCITO", "A:1:10 PERSECUCIÓN POLÍTICA:EJECUCIÓN EXTRAJUDICIAL;  D:1:701 PERSONAS:HOMICIDIO INTENCIONAL DE PERSONA PROTEGIDA;  D:3:95 MÉTODOS:CATEGORIA INEXISTENTE 95"
"2005-10-23", "PUTUMAYO / PUERTO LEGUÍZAMO; PUTUMAYO / PUERTO LEGUÍZAMO", "MANUEL CUANTINDIOY CHASOY  A11 Víctimas:1", "EJERCITO", "A:1:11 PERSECUCIÓN POLÍTICA:DESAPARICIÓN FORZADA"
"2005-11-15", "PUTUMAYO / PUERTO GUZMÁN; PUTUMAYO / PUERTO GUZMÁN", "RAMÓN ANTONIO ÁLVAREZ  A10; A12; D72; D701 Víctimas:1", "EJERCITO", "A:1:10 PERSECUCIÓN POLÍTICA:EJECUCIÓN EXTRAJUDICIAL;  A:1:12 PERSECUCIÓN POLÍTICA:TORTURA;  D:1:72 PERSONAS:TORTURA;  D:1:701 PERSONAS:HOMICIDIO INTENCIONAL DE PERSONA PROTEGIDA"
"2005-12-01", "PUTUMAYO / PUERTO ASÍS", "LUIS ARCELIANO MELO BASTIDAS  A10; D701; A10; D701 Víctimas:1", "PARAMILITARES. EJERCITO", "A:1:10 PERSECUCIÓN POLÍTICA:EJECUCIÓN EXTRAJUDICIAL;  D:1:701 PERSONAS:HOMICIDIO INTENCIONAL DE PERSONA PROTEGIDA"
"2005-12-05", "PUTUMAYO / PUERTO ASÍS", "LUIS MELO  A10; D701 Víctimas:1", "PARAMILITARES", "A:1:10 PERSECUCIÓN POLÍTICA:EJECUCIÓN EXTRAJUDICIAL;  D:1:701 PERSONAS:HOMICIDIO INTENCIONAL DE PERSONA PROTEGIDA"
"2006-01-03", "PUTUMAYO / VALLE DEL GUAMUEZ (LA HORMIGA) / EL TIGRE", " Víctimas:0", "GUERRILLA", "D:2:80 OBJETIVOS, MÉTODOS Y MÉDIOS ILÍCITOS:BIENES CIVILES"
"2006-01-04", "PUTUMAYO", "TRANSPORTADORES DEL PUTUMAYO () Víctimas:0", "FARC-EP", "D:1:706 PERSONAS:COLECTIVO AMENAZADO"
"2006-01-07", "PUTUMAYO / ORITO", " Víctimas:0", "GUERRILLA", "D:2:80 OBJETIVOS, MÉTODOS Y MÉDIOS ILÍCITOS:BIENES CIVILES"
"2006-01-09", "PUTUMAYO / PUERTO ASÍS", " Víctimas:0", "FARC-EP", "D:2:89 OBJETIVOS, MÉTODOS Y MÉDIOS ILÍCITOS:ESTRUCTURA VIAL"
"2006-01-13", "PUTUMAYO / ORITO", " Víctimas:0", "FARC-EP", "D:2:80 OBJETIVOS, MÉTODOS Y MÉDIOS ILÍCITOS:BIENES CIVILES"
"2006-01-15", "PUTUMAYO / MOCOA", " Víctimas:0", "FARC-EP", "D:2:80 OBJETIVOS, MÉTODOS Y MÉDIOS ILÍCITOS:BIENES CIVILES"
"2006-02-12", "PUTUMAYO / ORITO / JARDINES DE SUCUMBIOS", " Víctimas:0", "ESTADO COLOMBIANO", "D:2:84 OBJETIVOS, MÉTODOS Y MÉDIOS ILÍCITOS:MEDIO AMBIENTE;  D:2:86 OBJETIVOS, MÉTODOS Y MÉDIOS ILÍCITOS:HAMBRE COMO MÉTODO DE GUERRA"
"2006-02-13", "PUTUMAYO / PUERTO ASÍS", "JOSE TOIQUENA CAIQUER  A14; OMAR BASILIO MARQUEZ  A14; ARIEL ORTIZ RAMÍREZ  A14; A14; LUIS FERNANDO DUQUE  A14; A14; TELMO CUERVO TEJUE  A14; A14; CESAR ADOLFO CASTRO  A14; A14; SANTANDER TAPIAS MORENO  A14; A14; HARVEY MINA ESTUPIÑAN  A14; A14; HUMBERTO JAIME TENGANA  A14; A14; ARGEMIRO CUERO  A14; A14; MARIA ISABEL CABRERA  A14; A14; YARLEY ENERICA MANIGUAY  A14; A14 Víctimas:12", "CTI. EJERCITO", "A:1:14 PERSECUCIÓN POLÍTICA:DETENCIÓN ARBITRARIA"
"2006-02-15", "PUTUMAYO / PUERTO ASÍS", "SAMUEL MANRIQUE PÉREZ  A10; A14; D701; OMAR MURCIA  A14; LIVIO FIGUEROA  A14; JOHN FREDY FAJARDO  A14; FERNANDO N.  A14; OLIVA PÉREZ  A14 Víctimas:6", "EJERCITO", "A:1:10 PERSECUCIÓN POLÍTICA:EJECUCIÓN EXTRAJUDICIAL;  A:1:14 PERSECUCIÓN POLÍTICA:DETENCIÓN ARBITRARIA;  D:1:701 PERSONAS:HOMICIDIO INTENCIONAL DE PERSONA PROTEGIDA"
"2006-02-18", "PUTUMAYO / VALLE DEL GUAMUEZ (LA HORMIGA)", " Víctimas:0", "FARC-EP", "D:2:80 OBJETIVOS, MÉTODOS Y MÉDIOS ILÍCITOS:BIENES CIVILES"
"2006-03-10", "PUTUMAYO / PUERTO ASÍS", "COLECTIVO CAMPESINO LA CARMELITA () Víctimas:0", "COMBATIENTES", "D:1:903 PERSONAS:DESPLAZAMIENTO FORZADO;  D:3:902 MÉTODOS:CATEGORIA INEXISTENTE 902"
"2006-04-20", "PUTUMAYO / MOCOA", "CONCEJALES DE MOCOA () Víctimas:0", "FARC-EP", "D:1:706 PERSONAS:COLECTIVO AMENAZADO"
"2006-05-14", "PUTUMAYO / VALLE DEL GUAMUEZ (LA HORMIGA)", "COLECTIVO DESPLAZADO (60) Víctimas:0", "COMBATIENTES", "D:1:903 PERSONAS:DESPLAZAMIENTO FORZADO;  D:3:902 MÉTODOS:CATEGORIA INEXISTENTE 902"
"2006-05-14", "PUTUMAYO / PUERTO ASÍS", "JESUS ANDRES QUINTERO  (1987) A10; D701; A10; D701 Víctimas:1", "PARAMILITARES. EJERCITO", "A:1:10 PERSECUCIÓN POLÍTICA:EJECUCIÓN EXTRAJUDICIAL;  D:1:701 PERSONAS:HOMICIDIO INTENCIONAL DE PERSONA PROTEGIDA"
"2006-05-23", "PUTUMAYO / PUERTO ASÍS", "RAMON GARCIA GARCIA  A20 Víctimas:1", "EJERCITO", "A:2:20 ABUSO DE AUTORIDAD:EJECUCIÓN EXTRAJUDICIAL"
"2006-07-02", "PUTUMAYO / PUERTO ASÍS", "JAIRO ERAZO BASTIDAS  A10; D701; A10; D701 Víctimas:1", "PARAMILITARES. EJERCITO", "A:1:10 PERSECUCIÓN POLÍTICA:EJECUCIÓN EXTRAJUDICIAL;  D:1:701 PERSONAS:HOMICIDIO INTENCIONAL DE PERSONA PROTEGIDA"
"2006-07-24", "PUTUMAYO / PUERTO ASÍS", "JAIRO ESTRADA  B41 Víctimas:1", "FARC-EP", "B:1:41 PERSECUCIÓN POLÍTICA:SECUESTRO"
"2006-08-05", "PUTUMAYO / PUERTO ASÍS", "DOUGLAS ANTONIO PEREZ SIVAJA  A10; D701; A10; D701; RESGUARDO INDIGENA KIWNAS CHXAB () Víctimas:1", "PARAMILITARES. EJERCITO", "A:1:10 PERSECUCIÓN POLÍTICA:EJECUCIÓN EXTRAJUDICIAL;  A:1:18 PERSECUCIÓN POLÍTICA:COLECTIVO AMENAZADO;  A:1:19 PERSECUCIÓN POLÍTICA:VIOLENCIA SEXUAL;  D:1:77 PERSONAS:VIOLENCIA SEXUAL;  D:1:701 PERSONAS:HOMICIDIO INTENCIONAL DE PERSONA PROTEGIDA;  D:1:706 PERSONAS:COLECTIVO AMENAZADO;  D:3:95 MÉTODOS:CATEGORIA INEXISTENTE 95"
"2006-08-06", "PUTUMAYO / PUERTO ASÍS", " Víctimas:0", "FARC-EP", "D:2:80 OBJETIVOS, MÉTODOS Y MÉDIOS ILÍCITOS:BIENES CIVILES"
"2006-08-11", "PUTUMAYO / PUERTO ASÍS", "ADOLFO MONTILLA  B41 Víctimas:1", "FARC-EP", "B:1:41 PERSECUCIÓN POLÍTICA:SECUESTRO"
"2006-08-16", "PUTUMAYO / PUERTO ASÍS", " Víctimas:0", "FARC-EP", "D:2:80 OBJETIVOS, MÉTODOS Y MÉDIOS ILÍCITOS:BIENES CIVILES"
"2006-09-02", "PUTUMAYO / PUERTO ASÍS", "JHON JAIRO CANAMEJOY  B41 Víctimas:1", "FARC-EP", "B:1:41 PERSECUCIÓN POLÍTICA:SECUESTRO"
"2006-09-16", "PUTUMAYO / PUERTO ASÍS / PUERTO VEGA", "CRISTIAN GIOVANY TORRES CADENA  (1990) A10; A12; D72; D701; A10; A12; D72; D701; SILVIO LEONEL TORRES CADENA  (1987) A10; A12; D72; D701; A10; A12; D72; D701 Víctimas:2", "PARAMILITARES. EJERCITO", "A:1:10 PERSECUCIÓN POLÍTICA:EJECUCIÓN EXTRAJUDICIAL;  A:1:12 PERSECUCIÓN POLÍTICA:TORTURA;  D:1:72 PERSONAS:TORTURA;  D:1:701 PERSONAS:HOMICIDIO INTENCIONAL DE PERSONA PROTEGIDA"
"2006-09-30", "PUTUMAYO / VALLE DEL GUAMUEZ (LA HORMIGA)", "POBLADORES LA HORMIGA () Víctimas:0", "COMBATIENTES", "D:1:903 PERSONAS:DESPLAZAMIENTO FORZADO;  D:3:902 MÉTODOS:CATEGORIA INEXISTENTE 902"
"2006-10-22", "PUTUMAYO / PUERTO ASÍS / PUERTO VEGA", "SILVIO SOLARTE NARVAEZ  A10; A12; D72; D701; A10; A12; D72; D701; A10; A12; D72; D701; NORALDO SOLARTE NARVAEZ  A10; A12; D72; D701; A10; A12; D72; D701; A10; A12; D72; D701; COLECTIVO TRANSPORTADORES DE PUERTO VEGA (); COLECTIVO CAMPESINO PUERTO VEGA (); COLECTIVO INDIGENA (); COLECTIVO ESTUDIANTES COLEGIO ECOLOGICO EL CUEMBÍ (); ORGANIZACION ACSOMAYO () Víctimas:2", "PARAMILITARES. EJERCITO. POLICÍA", "A:1:10 PERSECUCIÓN POLÍTICA:EJECUCIÓN EXTRAJUDICIAL;  A:1:12 PERSECUCIÓN POLÍTICA:TORTURA;  A:1:18 PERSECUCIÓN POLÍTICA:COLECTIVO AMENAZADO;  A:1:19 PERSECUCIÓN POLÍTICA:VIOLENCIA SEXUAL;  D:1:72 PERSONAS:TORTURA;  D:1:77 PERSONAS:VIOLENCIA SEXUAL;  D:1:701 PERSONAS:HOMICIDIO INTENCIONAL DE PERSONA PROTEGIDA;  D:1:706 PERSONAS:COLECTIVO AMENAZADO;  D:1:904 PERSONAS:COLECTIVO ESCUDO;  D:2:84 OBJETIVOS, MÉTODOS Y MÉDIOS ILÍCITOS:MEDIO AMBIENTE;  D:3:95 MÉTODOS:CATEGORIA INEXISTENTE 95"
"2006-11-22", "PUTUMAYO / PUERTO CAICEDO", "YEISON ALEXANDER VILLAREAL LAME  A10; D701; JAIRO ISRAEL BURGOS  A10; D701 Víctimas:2", "EJERCITO", "A:1:10 PERSECUCIÓN POLÍTICA:EJECUCIÓN EXTRAJUDICIAL;  D:1:701 PERSONAS:HOMICIDIO INTENCIONAL DE PERSONA PROTEGIDA"
"2007-02-02", "PUTUMAYO / PUERTO ASÍS", "LUCERO MELO CALDERON A20 Víctimas:1", "GAULA", "A:2:20 ABUSO DE AUTORIDAD:EJECUCIÓN EXTRAJUDICIAL"
"2007-03-11", "PUTUMAYO / PUERTO GUZMÁN", "JESÚS EUSEBIO ALZATE JARAMILLO  A10; D701 Víctimas:1", "EJERCITO", "A:1:10 PERSECUCIÓN POLÍTICA:EJECUCIÓN EXTRAJUDICIAL;  D:1:701 PERSONAS:HOMICIDIO INTENCIONAL DE PERSONA PROTEGIDA"
"2007-03-20", "PUTUMAYO / SAN MIGUEL", "CAMPESINOS VEREDA CHIGUACO (); CAMPESINOS VEREDA MAIZAL (); CAMPESINOS VEREDA ALTA FLORESTA (); CAMPESINOS VEREDA LA GÜICITA (); CAMPESINOS VEREDA SAN FRANCISCO (); CAMPESINOS VEREDA NUEVA RISARALDA (); CAMPESINOS VEREDA DIOS PEÑA (); CAMPESINOS VEREDA ESPINAL () Víctimas:0", "ESTADO COLOMBIANO", "A:1:102 PERSECUCIÓN POLÍTICA:DESPLAZAMIENTO FORZADO;  D:1:903 PERSONAS:DESPLAZAMIENTO FORZADO;  D:3:902 MÉTODOS:CATEGORIA INEXISTENTE 902"
"2007-04-24", "PUTUMAYO / PUERTO GUZMÁN / GALILEA", "EDISON VARGAS MARIN  A10; D701; JOSE PINILLO  A10; D701; N VARGAS MARIN  A13; D702 Víctimas:3", "EJERCITO", "A:1:10 PERSECUCIÓN POLÍTICA:EJECUCIÓN EXTRAJUDICIAL;  A:1:13 PERSECUCIÓN POLÍTICA:LESIÓN FÍSICA;  D:1:701 PERSONAS:HOMICIDIO INTENCIONAL DE PERSONA PROTEGIDA;  D:1:702 PERSONAS:LESIÓN A PERSONA PROTEGIDA"
"2007-04-28", "PUTUMAYO / PUERTO GUZMÁN", "LUIS ALBERTO QUIÑONEZ ÁNGULO  A10; D701 Víctimas:1", "EJERCITO", "A:1:10 PERSECUCIÓN POLÍTICA:EJECUCIÓN EXTRAJUDICIAL;  D:1:701 PERSONAS:HOMICIDIO INTENCIONAL DE PERSONA PROTEGIDA"
"2007-05-23", "PUTUMAYO / VALLE DEL GUAMUEZ (LA HORMIGA)", "MIGUEL MORÁN ACOSTA  (1987) A10; A12; D72; D701; MERCELINO BECERRA  A11; A12; D72; ELEN ORTIZ PASCAL  A14; COMUNIDAD INDÍGENA AWA DE ALTO COMBOY () Víctimas:3", "EJERCITO", "A:1:10 PERSECUCIÓN POLÍTICA:EJECUCIÓN EXTRAJUDICIAL;  A:1:11 PERSECUCIÓN POLÍTICA:DESAPARICIÓN FORZADA;  A:1:12 PERSECUCIÓN POLÍTICA:TORTURA;  A:1:14 PERSECUCIÓN POLÍTICA:DETENCIÓN ARBITRARIA;  A:1:102 PERSECUCIÓN POLÍTICA:DESPLAZAMIENTO FORZADO;  D:1:72 PERSONAS:TORTURA;  D:1:701 PERSONAS:HOMICIDIO INTENCIONAL DE PERSONA PROTEGIDA;  D:1:903 PERSONAS:DESPLAZAMIENTO FORZADO;  D:3:902 MÉTODOS:CATEGORIA INEXISTENTE 902"
"2007-05-26", "PUTUMAYO / VALLE DEL GUAMUEZ (LA HORMIGA)", "POBLADORES VEREDA ALTO COMBOY (100) Víctimas:0", "COMBATIENTES", "D:1:903 PERSONAS:DESPLAZAMIENTO FORZADO;  D:3:902 MÉTODOS:CATEGORIA INEXISTENTE 902"
"2007-05-28", "PUTUMAYO / VALLE DEL GUAMUEZ (LA HORMIGA)", " Víctimas:0", "FUERZA AEREA", "D:3:90 MÉTODOS:CATEGORIA INEXISTENTE 90"
"2007-06-17", "PUTUMAYO / PUERTO GUZMÁN / MAYOYOGUE", "EDINSON GOYES  A10; A12; A14; D72; D701; LUIS ÁNGEL LEÓN  A10; A12; A14; D72; D701; CARLOS N  A10; A12; A14; D72; D701; NN, ""PARAFINA""  A15; D73; FAMILIA CAMPESINA MAYOYOGUE (); COLECTIVO CAMPESINO MAYOYOGUE () Víctimas:4", "EJERCITO", "A:1:10 PERSECUCIÓN POLÍTICA:EJECUCIÓN EXTRAJUDICIAL;  A:1:12 PERSECUCIÓN POLÍTICA:TORTURA;  A:1:14 PERSECUCIÓN POLÍTICA:DETENCIÓN ARBITRARIA;  A:1:15 PERSECUCIÓN POLÍTICA:AMENAZA;  A:1:18 PERSECUCIÓN POLÍTICA:COLECTIVO AMENAZADO;  A:1:102 PERSECUCIÓN POLÍTICA:DESPLAZAMIENTO FORZADO;  D:1:72 PERSONAS:TORTURA;  D:1:73 PERSONAS:AMENAZA;  D:1:701 PERSONAS:HOMICIDIO INTENCIONAL DE PERSONA PROTEGIDA;  D:1:706 PERSONAS:COLECTIVO AMENAZADO;  D:1:903 PERSONAS:DESPLAZAMIENTO FORZADO;  D:3:902 MÉTODOS:CATEGORIA INEXISTENTE 902"
"2007-06-17", "PUTUMAYO / MOCOA", "GILBERTO ARTEAGA  B45 Víctimas:1", "SIN INFORMACIÓN", "B:1:45 PERSECUCIÓN POLÍTICA:AMENAZA"
"2007-06-21", "PUTUMAYO / SAN MIGUEL", "ROBERT LÓPEZ  A10; D701; JOSÉ ROSERO  A10; D701; FRANCISCO SOLARTE  A10; D701; JOSÉ MARCOS QUESADA  A10; D701 Víctimas:4", "EJERCITO", "A:1:10 PERSECUCIÓN POLÍTICA:EJECUCIÓN EXTRAJUDICIAL;  D:1:701 PERSONAS:HOMICIDIO INTENCIONAL DE PERSONA PROTEGIDA"
"2007-06-25", "PUTUMAYO / SAN MIGUEL", "FREDDY BARROS  A14 Víctimas:1", "EJERCITO", "A:1:14 PERSECUCIÓN POLÍTICA:DETENCIÓN ARBITRARIA"
"2007-07-14", "PUTUMAYO / PUERTO LEGUÍZAMO", "WILSON ANTONIO GÓMEZ RAMOS  (1963) A10; D701; A10; D701 Víctimas:1", "ARMADA. EJERCITO", "A:1:10 PERSECUCIÓN POLÍTICA:EJECUCIÓN EXTRAJUDICIAL;  D:1:701 PERSONAS:HOMICIDIO INTENCIONAL DE PERSONA PROTEGIDA"
"2007-09-08", "PUTUMAYO / ORITO", "SIMÓN CORENA  A10; D701; GENTIL YASCUARAN PAI  A10; D701; FELICIANO OBANDO  A10; D701 Víctimas:3", "EJERCITO", "A:1:10 PERSECUCIÓN POLÍTICA:EJECUCIÓN EXTRAJUDICIAL;  D:1:701 PERSONAS:HOMICIDIO INTENCIONAL DE PERSONA PROTEGIDA"
"2007-09-16", "PUTUMAYO / PUERTO GUZMÁN", "JAIRO CASANOVA ROSERO  (1950) D701 Víctimas:1", "FARC-EP", "D:1:701 PERSONAS:HOMICIDIO INTENCIONAL DE PERSONA PROTEGIDA"
"2007-10-22", "PUTUMAYO / PUERTO ASÍS", "JANETH CORAL RIVAS  D97; ROSARIO CABRALES  (1971) D98; LUZ ELIA ENRIQUEZ  (1967) D98; MOISÉS PADILLA  (1967) D98; JACOBO ROSAS  (1971) D98; GLADYS LOZANO  (1971) D98; RAMÓN CAMPOS  (1953) D98; ROMÁN CÓRDOBA  (1940) D98; EDMUNDO VARGAS  (1982) D98 Víctimas:9", "FARC-EP", "D:1:97 PERSONAS:MUERTO POR OBJETIVOS, MÉTODOS Y MEDIOS ILÍCITOS;  D:1:98 PERSONAS:LESIÓN POR OBJETIVOS, MÉTODOS Y MEDIOS ILÍCITOS;  D:2:80 OBJETIVOS, MÉTODOS Y MÉDIOS ILÍCITOS:BIENES CIVILES;  D:3:93 MÉTODOS:CATEGORIA INEXISTENTE 93"
"2007-10-29", "PUTUMAYO / PUERTO GUZMÁN", "JOSE ANTONIO ARANDA VELASCO  (1966) D97; CARLOS WILSON TINTINAGO URBANO  (1986) D97; GENARO FERNANDEZ SUAREZ  (1969) D97; OLMER MADROÑERO DIAZ  D98; CARLOS ALBEIRO SAMBONI PERAFAN  D98; AURELIO ALBEAR ANACONA  D98; CARLOS OLMES CERON  D98; LUIS EDUARDO IJAJI MAMIAN  D98; FABIO ALONSO BALAGUERA CARRASCAL  D98; DIEGO CARDENAS ARANGO  D98 Víctimas:10", "FARC-EP", "D:1:97 PERSONAS:MUERTO POR OBJETIVOS, MÉTODOS Y MEDIOS ILÍCITOS;  D:1:98 PERSONAS:LESIÓN POR OBJETIVOS, MÉTODOS Y MEDIOS ILÍCITOS;  D:3:93 MÉTODOS:CATEGORIA INEXISTENTE 93"
"2007-12-07", "PUTUMAYO / PUERTO GUZMÁN", "GILDARDO AGUILAR QUIMBAYA  A10; D701 Víctimas:1", "EJERCITO", "A:1:10 PERSECUCIÓN POLÍTICA:EJECUCIÓN EXTRAJUDICIAL;  D:1:701 PERSONAS:HOMICIDIO INTENCIONAL DE PERSONA PROTEGIDA"
"2008-01-20", "PUTUMAYO / PUERTO ASÍS / TETEYE", "HUGO ARMANDO TORRES  A10; D701; HEYNAR ALEXANDER GUERRERO PAREDES  A10; D701 Víctimas:2", "EJERCITO", "A:1:10 PERSECUCIÓN POLÍTICA:EJECUCIÓN EXTRAJUDICIAL;  D:1:701 PERSONAS:HOMICIDIO INTENCIONAL DE PERSONA PROTEGIDA"
"2008-01-21", "PUTUMAYO", "GABRIEL RÍOS  A10; D701; JUAN CARLOS CORTÉS ESTACIO  A10; D701; JOHN JAIME SILVA CORTÉS  A10; D701 Víctimas:3", "EJERCITO", "A:1:10 PERSECUCIÓN POLÍTICA:EJECUCIÓN EXTRAJUDICIAL;  D:1:701 PERSONAS:HOMICIDIO INTENCIONAL DE PERSONA PROTEGIDA"
"2008-02-23", "PUTUMAYO / PUERTO LEGUÍZAMO", "MARIO FERNANDO QUIÑONEZ  A14; A14; JOSE MARCIAL ROSERO  A14; A14; BLANCA NOHORA BASTIDAS  A14; A14; ROBERTO RIVERA MADRID  A14; A14; JAIRO CANO  A14; A14; JOSE ORLANDO VELEZ  A14; A14; DIEGO MATAMBA  A14; A14; ARIEL VANEGAS NARANJO  A14; A14; ALEXANDER GARCIA RESTREPO  A14; A14; FABIO ANTONIO RIOS  A14; A14; EPIFANIA QUIÑONEZ  A14; A14; ALIRIO CHAVEZ  A14; A14; POBLADORES PIÑUÑA NEGRO () Víctimas:12", "EJERCITO. ARMADA", "A:1:14 PERSECUCIÓN POLÍTICA:DETENCIÓN ARBITRARIA;  A:1:18 PERSECUCIÓN POLÍTICA:COLECTIVO AMENAZADO;  D:1:706 PERSONAS:COLECTIVO AMENAZADO"
"2008-03-13", "PUTUMAYO / PUERTO ASÍS / TETEYE", "JOSÉ FERNANDO QUIROZ  A10; D701 Víctimas:1", "EJERCITO", "A:1:10 PERSECUCIÓN POLÍTICA:EJECUCIÓN EXTRAJUDICIAL;  D:1:701 PERSONAS:HOMICIDIO INTENCIONAL DE PERSONA PROTEGIDA"
"2008-03-14", "PUTUMAYO / PUERTO ASÍS / TETEYE", "TERESA CASTILLO  A14; ROBINSON ALEGRÍA  A14; WALTER OCHOA  A14 Víctimas:3", "EJERCITO", "A:1:14 PERSECUCIÓN POLÍTICA:DETENCIÓN ARBITRARIA"
"2008-03-15", "PUTUMAYO / PUERTO ASÍS / TETEYE", "MANUEL ANTONIO JIMÉNEZ  A10; A12; D72; D701; N N A14 Víctimas:2", "EJERCITO", "A:1:10 PERSECUCIÓN POLÍTICA:EJECUCIÓN EXTRAJUDICIAL;  A:1:12 PERSECUCIÓN POLÍTICA:TORTURA;  A:1:14 PERSECUCIÓN POLÍTICA:DETENCIÓN ARBITRARIA;  D:1:72 PERSONAS:TORTURA;  D:1:701 PERSONAS:HOMICIDIO INTENCIONAL DE PERSONA PROTEGIDA"
"2008-03-16", "PUTUMAYO / PUERTO ASÍS / TETEYE", "IVÁN VIENTEMILLA  A11 Víctimas:1", "EJERCITO", "A:1:11 PERSECUCIÓN POLÍTICA:DESAPARICIÓN FORZADA"
"2008-04-01", "PUTUMAYO / VALLE DEL GUAMUEZ (LA HORMIGA)", "LUZ MARIELA DIAZ LOPEZ  B40; EMERSON IVAN HERRERA RUALES  B40 Víctimas:2", "SIN INFORMACIÓN", "B:1:40 PERSECUCIÓN POLÍTICA:ASESINATO"
"2008-04-17", "PUTUMAYO / PUERTO ASÍS", "CARMEN LEONOR ROA CRUZ  A15; D73 Víctimas:1", "EJERCITO", "A:1:15 PERSECUCIÓN POLÍTICA:AMENAZA;  D:1:73 PERSONAS:AMENAZA"
"2008-04-29", "PUTUMAYO / PUERTO ASÍS", "JHON JAIME BERNAL RINCON  D97; GUSTAVO RAMIREZ YATE  D98 Víctimas:2", "COMBATIENTES", "D:1:97 PERSONAS:MUERTO POR OBJETIVOS, MÉTODOS Y MEDIOS ILÍCITOS;  D:1:98 PERSONAS:LESIÓN POR OBJETIVOS, MÉTODOS Y MEDIOS ILÍCITOS;  D:3:93 MÉTODOS:CATEGORIA INEXISTENTE 93"
"2008-09-11", "PUTUMAYO", "NELSON ALEXANDER CONTRERAS  D97; JESUS EVELIO BURBANO MUÑOZ  D98; JUAN PABLO ESCOBAR  D98; ERNESTO VASQUEZ  D98 Víctimas:4", "COMBATIENTES", "D:1:97 PERSONAS:MUERTO POR OBJETIVOS, MÉTODOS Y MEDIOS ILÍCITOS;  D:1:98 PERSONAS:LESIÓN POR OBJETIVOS, MÉTODOS Y MEDIOS ILÍCITOS;  D:3:93 MÉTODOS:CATEGORIA INEXISTENTE 93"
"2008-09-19", "PUTUMAYO / PUERTO ASÍS", "JUAN HERNAN BACA URREGO  B41; JOEL MOYA BLANDON  B41; ALVARO PERDIGON MARTINEZ  B41; DIEGO FERNANDO TORRES  B41 Víctimas:4", "FARC-EP", "B:1:41 PERSECUCIÓN POLÍTICA:SECUESTRO"
"2008-10-25", "PUTUMAYO / PUERTO LEGUÍZAMO / EL MECAYA", "JEFERSON ESTIVEN BASTIDAS  A10; D701 Víctimas:1", "EJERCITO", "A:1:10 PERSECUCIÓN POLÍTICA:EJECUCIÓN EXTRAJUDICIAL;  D:1:701 PERSONAS:HOMICIDIO INTENCIONAL DE PERSONA PROTEGIDA"
"2008-11-05", "PUTUMAYO / PUERTO GUZMÁN", " Víctimas:0", "FARC-EP", "D:2:80 OBJETIVOS, MÉTODOS Y MÉDIOS ILÍCITOS:BIENES CIVILES"
"2008-11-05", "PUTUMAYO / PUERTO LEGUÍZAMO", "POBLADORES PIÑUÑA NEGRO () Víctimas:0", "ESTADO COLOMBIANO", "A:1:102 PERSECUCIÓN POLÍTICA:DESPLAZAMIENTO FORZADO;  D:1:903 PERSONAS:DESPLAZAMIENTO FORZADO;  D:3:902 MÉTODOS:CATEGORIA INEXISTENTE 902"
"2008-12-02", "PUTUMAYO / MOCOA", "MAURICIO RODRIGUEZ  B45; N RODRIGUEZ  B45; N N B45 Víctimas:3", "SIN INFORMACIÓN", "B:1:45 PERSECUCIÓN POLÍTICA:AMENAZA"
"2009-01-12", "PUTUMAYO / SIBUNDOY", "LEONEL CHAMORRO GARCÍA  (1966) B40; B45; AMALIA NARVAEZ  B45 Víctimas:2", "SIN INFORMACIÓN", "B:1:40 PERSECUCIÓN POLÍTICA:ASESINATO;  B:1:45 PERSECUCIÓN POLÍTICA:AMENAZA"
"2009-01-13", "PUTUMAYO / VALLE DEL GUAMUEZ (LA HORMIGA)", "JOSE VICTOR PEREZ JULIO  A15; D73; LUIS CARLOS ORTEGA  A15; D73; CARLOS ANDRES LAVERDE  A15; D73; ITALO PANTOJA  A15; D73; ARTEMIO SOLARTE APRAEZ  A15; D73 Víctimas:5", "PARAMILITARES", "A:1:15 PERSECUCIÓN POLÍTICA:AMENAZA;  D:1:73 PERSONAS:AMENAZA"
"2009-01-19", "PUTUMAYO / SAN MIGUEL", "N N B45 Víctimas:1", "SIN INFORMACIÓN", "B:1:45 PERSECUCIÓN POLÍTICA:AMENAZA"
"2009-03-12", "PUTUMAYO / PUERTO GUZMÁN", " Víctimas:0", "FARC-EP", "D:2:80 OBJETIVOS, MÉTODOS Y MÉDIOS ILÍCITOS:BIENES CIVILES"
"2009-04-06", "PUTUMAYO / MOCOA", "LIGIA CORDOBA  A15; D73 Víctimas:1", "PARAMILITARES", "A:1:15 PERSECUCIÓN POLÍTICA:AMENAZA;  D:1:73 PERSONAS:AMENAZA"
"2009-04-22", "PUTUMAYO / PUERTO GUZMÁN", "CONCEJALES PUERTO GUZMAN  D706 Víctimas:1", "FARC-EP", "D:1:706 PERSONAS:COLECTIVO AMENAZADO"
"2009-05-03", "PUTUMAYO / PUERTO ASÍS", "JULIO ALEXANDER MAREAN ORTIZ ALIAS ""OLVANI""  D701 Víctimas:1", "FARC-EP", "D:1:701 PERSONAS:HOMICIDIO INTENCIONAL DE PERSONA PROTEGIDA"
"2009-06-02", "PUTUMAYO / VILLAGARZÓN / PUERTO UMBRÍA", " Víctimas:0", "FARC-EP", "D:2:80 OBJETIVOS, MÉTODOS Y MÉDIOS ILÍCITOS:BIENES CIVILES"
"2009-08-07", "PUTUMAYO / PUERTO ASÍS", "N.N.  D98; N.N.  D98; N.N.  D98 Víctimas:3", "FARC-EP", "D:1:98 PERSONAS:LESIÓN POR OBJETIVOS, MÉTODOS Y MEDIOS ILÍCITOS;  D:3:93 MÉTODOS:CATEGORIA INEXISTENTE 93"
"2009-09-21", "PUTUMAYO / PUERTO ASÍS", "BERNARDINO SANCHEZ PASINGA  B45; FAMILIA SANCHEZ () Víctimas:1", "SIN INFORMACIÓN", "B:1:45 PERSECUCIÓN POLÍTICA:AMENAZA;  B:1:49 PERSECUCIÓN POLÍTICA:COLECTIVO AMENAZADO"
"2009-10-10", "PUTUMAYO / MOCOA", "BERNARDINO SANCHEZ PASINGA  B45; FAMILIA SANCHEZ () Víctimas:1", "SIN INFORMACIÓN", "B:1:45 PERSECUCIÓN POLÍTICA:AMENAZA;  B:1:49 PERSECUCIÓN POLÍTICA:COLECTIVO AMENAZADO;  B:1:401 PERSECUCIÓN POLÍTICA:COLECTIVO DESPLAZADO"
"2009-11-16", "PUTUMAYO / MOCOA", "HARVEY ERNESTO IIES CASTRO  (1987) B40; ARVEY N  B40 Víctimas:2", "SIN INFORMACIÓN", "B:1:40 PERSECUCIÓN POLÍTICA:ASESINATO"
"2010-01-14", "PUTUMAYO / MOCOA", " Víctimas:0", "FARC-EP", "D:2:80 OBJETIVOS, MÉTODOS Y MÉDIOS ILÍCITOS:BIENES CIVILES"
"2010-01-20", "PUTUMAYO / SAN MIGUEL", " Víctimas:0", "EJERCITO", "D:3:90 MÉTODOS:CATEGORIA INEXISTENTE 90"
"2010-04-19", "PUTUMAYO / VALLE DEL GUAMUEZ (LA HORMIGA)", "JOSE HERMES ACOSTA D97; JOSE ACOSTA D98 Víctimas:2", "COMBATIENTES", "D:1:97 PERSONAS:MUERTO POR OBJETIVOS, MÉTODOS Y MEDIOS ILÍCITOS;  D:1:98 PERSONAS:LESIÓN POR OBJETIVOS, MÉTODOS Y MEDIOS ILÍCITOS;  D:3:93 MÉTODOS:CATEGORIA INEXISTENTE 93"
"2010-05-08", "PUTUMAYO / PUERTO ASÍS", "CAMPESINOS Y CAMPESINAS DE LA COMUNIDAD DE NUEVA FLORESTA (0) Víctimas:0", "EJERCITO", "A:1:18 PERSECUCIÓN POLÍTICA:COLECTIVO AMENAZADO;  D:1:706 PERSONAS:COLECTIVO AMENAZADO;  D:2:80 OBJETIVOS, MÉTODOS Y MÉDIOS ILÍCITOS:BIENES CIVILES;  D:3:93 MÉTODOS:CATEGORIA INEXISTENTE 93"
"2010-05-16", "PUTUMAYO / PUERTO CAICEDO", "JOHAN DISMAN CAMPO YANDE A14; EMILCIADES CAMPO COMETA A14; MABEL LISBENEY CAMPO YANDE A15; D73 Víctimas:3", "POLICÍA", "A:1:14 PERSECUCIÓN POLÍTICA:DETENCIÓN ARBITRARIA;  A:1:15 PERSECUCIÓN POLÍTICA:AMENAZA;  D:1:73 PERSONAS:AMENAZA"
"2010-05-16", "PUTUMAYO / PUERTO ASÍS", "N N A14 Víctimas:1", "EJERCITO", "A:1:14 PERSECUCIÓN POLÍTICA:DETENCIÓN ARBITRARIA"
"2010-05-24", "PUTUMAYO / PUERTO ASÍS", "CAMPESINOS Y CAMPESINAS DE LA COMUNIDAD DE NUEVA FLORESTA (0) Víctimas:0", "EJERCITO", "A:1:18 PERSECUCIÓN POLÍTICA:COLECTIVO AMENAZADO;  D:1:706 PERSONAS:COLECTIVO AMENAZADO;  D:3:90 MÉTODOS:CATEGORIA INEXISTENTE 90"
"2010-05-25", "PUTUMAYO / PUERTO ASÍS", "CAMPESINOS Y CAMPESINAS DE LA COMUNIDAD DE NUEVA FLORESTA (0) Víctimas:0", "EJERCITO", "A:1:102 PERSECUCIÓN POLÍTICA:DESPLAZAMIENTO FORZADO;  D:1:903 PERSONAS:DESPLAZAMIENTO FORZADO;  D:3:902 MÉTODOS:CATEGORIA INEXISTENTE 902"
"2010-06-07", "PUTUMAYO / PUERTO ASÍS", "ESDRAS FELIPE CISNEROS DÍAZ (2003) A10; D701; NELFY DÍAZ ERAZO A13; D702; POBLADORES LOS CRISTALES () Víctimas:2", "EJERCITO", "A:1:10 PERSECUCIÓN POLÍTICA:EJECUCIÓN EXTRAJUDICIAL;  A:1:13 PERSECUCIÓN POLÍTICA:LESIÓN FÍSICA;  A:1:18 PERSECUCIÓN POLÍTICA:COLECTIVO AMENAZADO;  D:1:701 PERSONAS:HOMICIDIO INTENCIONAL DE PERSONA PROTEGIDA;  D:1:702 PERSONAS:LESIÓN A PERSONA PROTEGIDA;  D:1:706 PERSONAS:COLECTIVO AMENAZADO;  D:1:904 PERSONAS:COLECTIVO ESCUDO;  D:3:90 MÉTODOS:CATEGORIA INEXISTENTE 90"
"2010-08-15", "PUTUMAYO / PUERTO CAICEDO / SAN PEDRO", "DIEGO FERNEY JARAMILLO (1994) A30; EIBART ALEJANDRO RUIZ MUÑOZ (1993) A30 Víctimas:2", "PARAMILITARES", "A:3:30 INTOLERANCIA SOCIAL:EJECUCIÓN EXTRAJUDICIAL"
"2010-08-20", "PUTUMAYO / PUERTO ASÍS", "NORBEY ALEXANDER VARGAS (1991) A30 Víctimas:1", "PARAMILITARES", "A:3:30 INTOLERANCIA SOCIAL:EJECUCIÓN EXTRAJUDICIAL"
"2010-08-25", "PUTUMAYO / PUERTO CAICEDO", "JOVENES DE PUERTO CAICEDO () Víctimas:0", "PARAMILITARES", "A:3:38 INTOLERANCIA SOCIAL:COLECTIVO AMENAZADO"
"2010-09-11", "PUTUMAYO / PUERTO ASÍS", "ELKIN DE ANGEL WILLIANS B40 Víctimas:1", "SIN INFORMACIÓN", "B:1:40 PERSECUCIÓN POLÍTICA:ASESINATO"
"2011-01-09", "PUTUMAYO / MOCOA", "RIGOBERTO CHITO A15; D73 Víctimas:1", "PARAMILITARES", "A:1:15 PERSECUCIÓN POLÍTICA:AMENAZA;  D:1:73 PERSONAS:AMENAZA"
"2011-01-13", "PUTUMAYO / PUERTO ASÍS", "DIEGO SANCHEZ TORO (1996) D701; SANDRA TORO D73; MAURO TORO PETEVI D73 Víctimas:3", "FARC-EP", "D:1:73 PERSONAS:AMENAZA;  D:1:701 PERSONAS:HOMICIDIO INTENCIONAL DE PERSONA PROTEGIDA"
"2011-01-25", "PUTUMAYO / PUERTO LEGUÍZAMO", "JAIME JARAMILLO (1949) B41 Víctimas:1", "FARC-EP", "B:1:41 PERSECUCIÓN POLÍTICA:SECUESTRO"
"2011-02-11", "PUTUMAYO / SAN MIGUEL", "LUZ MARINA ROA ALFONSO  (1952) A10; D701; LUZ MERY ROA ROA  (1976) A10; D701; SORITH JULIET ALFONSO ROA  (2006) A10; D701; N N A10; D701; N N A10; D701 Víctimas:5", "PARAMILITARES", "A:1:10 PERSECUCIÓN POLÍTICA:EJECUCIÓN EXTRAJUDICIAL;  D:1:701 PERSONAS:HOMICIDIO INTENCIONAL DE PERSONA PROTEGIDA"
"2011-02-28", "PUTUMAYO / PUERTO ASÍS", "N N D97; N N D98; N N D98; N N D98; N N D98 Víctimas:5", "COMBATIENTES", "D:1:97 PERSONAS:MUERTO POR OBJETIVOS, MÉTODOS Y MEDIOS ILÍCITOS;  D:1:98 PERSONAS:LESIÓN POR OBJETIVOS, MÉTODOS Y MEDIOS ILÍCITOS;  D:3:93 MÉTODOS:CATEGORIA INEXISTENTE 93"
"2011-03-03", "PUTUMAYO / VALLE DEL GUAMUEZ (LA HORMIGA)", "COLECTIVO EXPENDEDORES DE ALUCINOGENOS (); COLECTIVO DROGADICTOS (); COLECTIVO LADRONES (); COLECTIVO INFORMANTES DE LAS AUTORIDADES (); COLECTIVO CORRUPTOS (); COLECTIVO NOVIAS DE POLICIAS Y DEMAS INTEGRANTES DE LA FUERZA PUBLICA (); MIEMBROS DE LA FUERZA PUBLICA () Víctimas:0", "SIN INFORMACIÓN", "B:1:49 PERSECUCIÓN POLÍTICA:COLECTIVO AMENAZADO;  B:2:59 INTOLERANCIA SOCIAL:COLECTIVO AMENAZADO"
"2011-03-05", "PUTUMAYO / MOCOA", "CECILIO GUERRERO  B45; VIRGILIO CHECA  B45; RUT MUYUY  B45; ANTONIO JAJOY  B45; CARLOS JIMENEZ  B45 Víctimas:5", "SIN INFORMACIÓN", "B:1:45 PERSECUCIÓN POLÍTICA:AMENAZA"
"2011-04-13", "PUTUMAYO / PUERTO LEGUÍZAMO / PUERTO OSPINA", "POBLADORES PUERTO OSPINA () Víctimas:0", "EJERCITO", "A:1:18 PERSECUCIÓN POLÍTICA:COLECTIVO AMENAZADO;  D:1:706 PERSONAS:COLECTIVO AMENAZADO"
"2011-05-10", "PUTUMAYO / PUERTO ASÍS / CAMPO BELLO(PIÑUNA NEGRO)", "POBLADORES PIÑUÑA NEGRO () Víctimas:0", "EJERCITO", "A:1:18 PERSECUCIÓN POLÍTICA:COLECTIVO AMENAZADO;  D:1:706 PERSONAS:COLECTIVO AMENAZADO"
"2011-05-15", "PUTUMAYO / VALLE DEL GUAMUEZ (LA HORMIGA)", "BRANDON BUSTAMANTE  (1973) B40; JOHN FREDY LONDOÑO  (1977) B40 Víctimas:2", "SIN INFORMACIÓN", "B:1:40 PERSECUCIÓN POLÍTICA:ASESINATO"
"2011-07-28", "PUTUMAYO / SAN MIGUEL", "JOSE ORTIZ ANGULO D97 Víctimas:1", "COMBATIENTES", "D:1:97 PERSONAS:MUERTO POR OBJETIVOS, MÉTODOS Y MEDIOS ILÍCITOS;  D:3:93 MÉTODOS:CATEGORIA INEXISTENTE 93"
"2011-08-19", "PUTUMAYO / SANTIAGO", "EDGAR MONTILLA B45; B46 Víctimas:1", "SIN INFORMACIÓN", "B:1:45 PERSECUCIÓN POLÍTICA:AMENAZA;  B:1:46 PERSECUCIÓN POLÍTICA:ATENTADO"
"2011-08-27", "PUTUMAYO / VALLE DEL GUAMUEZ (LA HORMIGA) / EL TIGRE", "N N A14; N N A14; N N A14; N N A14; N N A14; N N A14; N N A14; N N A14; N N A14; N N A14 Víctimas:10", "POLICÍA", "A:1:14 PERSECUCIÓN POLÍTICA:DETENCIÓN ARBITRARIA"
"2011-09-08", "PUTUMAYO / PUERTO ASÍS", "NANCY CUELLAR D73 Víctimas:1", "FARC-EP", "D:1:73 PERSONAS:AMENAZA"
"2011-11-27", "PUTUMAYO / MOCOA", "EPAMINONDAS ELADIO YASCUAL IMBAQUIN B40 Víctimas:1", "SIN INFORMACIÓN", "B:1:40 PERSECUCIÓN POLÍTICA:ASESINATO"
"2011-12-19", "PUTUMAYO / MOCOA", "ALEXA GOMEZ (1976) B40 Víctimas:1", "SIN INFORMACIÓN", "B:1:40 PERSECUCIÓN POLÍTICA:ASESINATO"
"2011-12-30", "PUTUMAYO / ORITO / ORITO", "LEIDY MILENA BARRIOS D703; JUAN JOSE CLAROS BARRIOS D703; ANDRES FELIPE CLAROS BARRIOS D704; POBLADORES  ORITO () Víctimas:3", "FARC-EP. POLICÍA", "D:1:703 PERSONAS:CIVIL MUERTO EN ACCIÓN BÉLICA;  D:1:704 PERSONAS:LESIÓN A CIVILES EN ACCIÓN BÉLICA;  D:1:904 PERSONAS:COLECTIVO ESCUDO"
"2012-01-18", "PUTUMAYO / PUERTO ASÍS", "MAURICIO REDONDO B40; JANETH ORDOÑEZ B40; MANUEL CORONADO B45; JOSE SOCIMO ERAZO B45; JULIO A VARGAS B45 Víctimas:5", "SIN INFORMACIÓN", "B:1:40 PERSECUCIÓN POLÍTICA:ASESINATO;  B:1:45 PERSECUCIÓN POLÍTICA:AMENAZA"
"2012-02-27", "PUTUMAYO / VALLE DEL GUAMUEZ (LA HORMIGA)", "N N D97; N N D98; N N D98; N N D98 Víctimas:4", "COMBATIENTES", "D:1:97 PERSONAS:MUERTO POR OBJETIVOS, MÉTODOS Y MEDIOS ILÍCITOS;  D:1:98 PERSONAS:LESIÓN POR OBJETIVOS, MÉTODOS Y MEDIOS ILÍCITOS;  D:3:93 MÉTODOS:CATEGORIA INEXISTENTE 93"
"2012-03-11", "PUTUMAYO / SAN MIGUEL", "N N (1998) D97; N N D98 Víctimas:2", "FARC-EP", "D:1:97 PERSONAS:MUERTO POR OBJETIVOS, MÉTODOS Y MEDIOS ILÍCITOS;  D:1:98 PERSONAS:LESIÓN POR OBJETIVOS, MÉTODOS Y MEDIOS ILÍCITOS;  D:3:93 MÉTODOS:CATEGORIA INEXISTENTE 93"
"2012-04-18", "PUTUMAYO / PUERTO ASÍS", "HENRY DÍAZ A11 Víctimas:1", "EJERCITO", "A:1:11 PERSECUCIÓN POLÍTICA:DESAPARICIÓN FORZADA"
"2012-05-07", "PUTUMAYO / PUERTO ASÍS / PIÑUÑA BLANCO", "FAMILIAS VEREDA LA PAZ (); FAMILIAS VEREDA AGUAS NEGRAS (); FAMILIAS VEREDA CAMPO AJÍ () Víctimas:0", "EJERCITO. POLICÍA", "A:1:18 PERSECUCIÓN POLÍTICA:COLECTIVO AMENAZADO;  A:1:102 PERSECUCIÓN POLÍTICA:DESPLAZAMIENTO FORZADO;  D:1:706 PERSONAS:COLECTIVO AMENAZADO;  D:1:903 PERSONAS:DESPLAZAMIENTO FORZADO;  D:3:902 MÉTODOS:CATEGORIA INEXISTENTE 902"
"2012-05-18", "PUTUMAYO / ORITO", "FLORALBA YUNDA DIZU (1972) A29; A291 Víctimas:1", "EJERCITO", "A:2:29 ABUSO DE AUTORIDAD:VIOLENCIA SEXUAL;  A:2:291 ABUSO DE AUTORIDAD:VIOLACION"
"2012-06-11", "PUTUMAYO / PUERTO ASÍS / TETEYE", "ESTHER JULIA BALDEON GUTIERREZ A14; A15; D73; MARÍA LILIAN GÚTIERREZ NOPÍA A14; A15; D73; ROBERTH VALENCIA A14; COMUNIDAD VEREDA LA UNIÓN () Víctimas:3", "EJERCITO", "A:1:14 PERSECUCIÓN POLÍTICA:DETENCIÓN ARBITRARIA;  A:1:15 PERSECUCIÓN POLÍTICA:AMENAZA;  A:1:18 PERSECUCIÓN POLÍTICA:COLECTIVO AMENAZADO;  D:1:73 PERSONAS:AMENAZA;  D:1:706 PERSONAS:COLECTIVO AMENAZADO;  D:3:90 MÉTODOS:CATEGORIA INEXISTENTE 90"
"2012-07-15", "PUTUMAYO / PUERTO LEGUÍZAMO", "N N D98; N N D98; N N D98 Víctimas:3", "COMBATIENTES", "D:1:98 PERSONAS:LESIÓN POR OBJETIVOS, MÉTODOS Y MEDIOS ILÍCITOS;  D:3:93 MÉTODOS:CATEGORIA INEXISTENTE 93"
"2012-07-15", "PUTUMAYO / SAN MIGUEL", "N N D97 Víctimas:1", "COMBATIENTES", "D:1:97 PERSONAS:MUERTO POR OBJETIVOS, MÉTODOS Y MEDIOS ILÍCITOS;  D:3:93 MÉTODOS:CATEGORIA INEXISTENTE 93"
"2012-07-15", "PUTUMAYO / PUERTO ASÍS", "N N D97 Víctimas:1", "COMBATIENTES", "D:1:97 PERSONAS:MUERTO POR OBJETIVOS, MÉTODOS Y MEDIOS ILÍCITOS;  D:3:93 MÉTODOS:CATEGORIA INEXISTENTE 93"
"2012-12-12", "PUTUMAYO / PUERTO CAICEDO", "JESUS DALMIRO LOPEZ B40 Víctimas:1", "SIN INFORMACIÓN", "B:1:40 PERSECUCIÓN POLÍTICA:ASESINATO"
"2013-01-13", "PUTUMAYO / VALLE DEL GUAMUEZ (LA HORMIGA) / EL TIGRE", "LUIS ELIECER OBANDO B40; LUZ ESTELA FLOREZ B40; JOHN OBANDO FLOREZ (1993) B43 Víctimas:3", "SIN INFORMACIÓN", "B:1:40 PERSECUCIÓN POLÍTICA:ASESINATO;  B:1:43 PERSECUCIÓN POLÍTICA:LESIÓN FÍSICA"
"2013-01-20", "PUTUMAYO / PUERTO ASÍS", "N N (1996) D98 Víctimas:1", "COMBATIENTES", "D:1:98 PERSONAS:LESIÓN POR OBJETIVOS, MÉTODOS Y MEDIOS ILÍCITOS;  D:3:93 MÉTODOS:CATEGORIA INEXISTENTE 93"
"2013-02-07", "PUTUMAYO / PUERTO LEGUÍZAMO", "N N (2005) D98 Víctimas:1", "COMBATIENTES", "D:1:98 PERSONAS:LESIÓN POR OBJETIVOS, MÉTODOS Y MEDIOS ILÍCITOS;  D:3:93 MÉTODOS:CATEGORIA INEXISTENTE 93"
"2013-03-08", "PUTUMAYO / PUERTO ASÍS", "N N D97; N N (1999) D98; N N (1995) D98 Víctimas:3", "COMBATIENTES", "D:1:97 PERSONAS:MUERTO POR OBJETIVOS, MÉTODOS Y MEDIOS ILÍCITOS;  D:1:98 PERSONAS:LESIÓN POR OBJETIVOS, MÉTODOS Y MEDIOS ILÍCITOS;  D:3:93 MÉTODOS:CATEGORIA INEXISTENTE 93"
"2013-05-12", "PUTUMAYO / ORITO", "POBLADORES CABAÑA DEL GUAMUEZ (100) Víctimas:0", "COMBATIENTES", "D:1:903 PERSONAS:DESPLAZAMIENTO FORZADO;  D:3:902 MÉTODOS:CATEGORIA INEXISTENTE 902"
"2013-06-13", "PUTUMAYO / PUERTO CAICEDO", "GLORIA AMPARO DEL CASTILLO B45; NIDIA MORENO B45; GEOVANY MENESES B45; MARCO TULIO LOPEZ B45; WILLIAM LOPEZ B45; MIGUEL CARDENAS B45; JAVIER TRUJILLO B45; DANILO BUESAQUILLO B45 Víctimas:8", "SIN INFORMACIÓN", "B:1:45 PERSECUCIÓN POLÍTICA:AMENAZA"
"2013-07-06", "PUTUMAYO", "DIRIGENTES POPULARES DEL BAJO PUTUMAYO (); DIRIGENTES SINDICALES DEL BAJO PUTUMAYO (); DIRIGENTES DE LA USO DEL BAJO PUTUMAYO () Víctimas:0", "PARAMILITARES", "A:1:18 PERSECUCIÓN POLÍTICA:COLECTIVO AMENAZADO;  D:1:706 PERSONAS:COLECTIVO AMENAZADO"
"2013-07-10", "PUTUMAYO / PUERTO ASÍS / LA CARMELITA", "COMUNIDAD INDIGENA NASA, KWINAS CXHAM () Víctimas:0", "EJERCITO", "A:1:18 PERSECUCIÓN POLÍTICA:COLECTIVO AMENAZADO;  D:1:706 PERSONAS:COLECTIVO AMENAZADO;  D:3:90 MÉTODOS:CATEGORIA INEXISTENTE 90"
"2013-07-13", "PUTUMAYO / PUERTO ASÍS", "JANI SILVA A15; D73 Víctimas:1", "PARAMILITARES", "A:1:15 PERSECUCIÓN POLÍTICA:AMENAZA;  D:1:73 PERSONAS:AMENAZA"
"2013-07-14", "PUTUMAYO / PUERTO CAICEDO", "JHON ALBEIRO CHAPAL PASCAL (1991) B40 Víctimas:1", "SIN INFORMACIÓN", "B:1:40 PERSECUCIÓN POLÍTICA:ASESINATO"
"2013-08-02", "PUTUMAYO / PUERTO ASÍS", "COMUNIDAD INDIGENA NASA, KWINAS CXHAM () Víctimas:0", "EJERCITO", "A:1:18 PERSECUCIÓN POLÍTICA:COLECTIVO AMENAZADO;  D:1:706 PERSONAS:COLECTIVO AMENAZADO;  D:2:86 OBJETIVOS, MÉTODOS Y MÉDIOS ILÍCITOS:HAMBRE COMO MÉTODO DE GUERRA;  D:3:90 MÉTODOS:CATEGORIA INEXISTENTE 90"
"2013-08-11", "PUTUMAYO / VALLE DEL GUAMUEZ (LA HORMIGA) / EL PLACER", "YIMER ALEXANDER NARVAEZ GUERRERO (2000) D703 Víctimas:1", "COMBATIENTES", "D:1:703 PERSONAS:CIVIL MUERTO EN ACCIÓN BÉLICA"
"2013-09-12", "PUTUMAYO / PUERTO ASÍS", "BENJAMÍN ROJAS B40 Víctimas:1", "SIN INFORMACIÓN", "B:1:40 PERSECUCIÓN POLÍTICA:ASESINATO"
"2013-10-11", "PUTUMAYO / PUERTO ASÍS", "LUIS CELIMO CHALPARTAR RIVERA B40 Víctimas:1", "SIN INFORMACIÓN", "B:1:40 PERSECUCIÓN POLÍTICA:ASESINATO"
"2013-10-22", "PUTUMAYO / PUERTO ASÍS", "JHON DIAZ B45; JESUS JARAMILLO B45; NERY ORDOÑEZ B45; JHON GARCIA B45 Víctimas:4", "SIN INFORMACIÓN", "B:1:45 PERSECUCIÓN POLÍTICA:AMENAZA"
"2013-10-23", "PUTUMAYO / PUERTO ASÍS", "WILMAR MADROÑERO VELAZCO A14; MARIO VILORA A14; JUAN CLIMACO VEGA A14; ALEXANDER PIANDA A14; SABINO EDUARDO CASTRO A14; LUIS EFREN FAJARDO A14; JOSE HARRY RENDON A14; OSWALDO ARCOS A14 Víctimas:8", "DIJIN", "A:1:14 PERSECUCIÓN POLÍTICA:DETENCIÓN ARBITRARIA"
"2014-01-21", "PUTUMAYO / PUERTO ASÍS", "FLORENTINO GUTIERREZ (1959) D701 Víctimas:1", "FARC-EP", "D:1:701 PERSONAS:HOMICIDIO INTENCIONAL DE PERSONA PROTEGIDA"
"2014-01-29", "PUTUMAYO / PUERTO ASÍS", "FAMILIAS QUE TIENEN FAMILIARES EN LA FUERZA PUBLICA () Víctimas:0", "FARC-EP", "D:1:706 PERSONAS:COLECTIVO AMENAZADO"
"2014-02-28", "PUTUMAYO / PUERTO ASÍS", "N PATIÑO B45 Víctimas:1", "SIN INFORMACIÓN", "B:1:45 PERSECUCIÓN POLÍTICA:AMENAZA"
"2014-05-06", "PUTUMAYO / PUERTO CAICEDO", "HECTOR MARIA RIVERA D704 Víctimas:1", "COMBATIENTES", "D:1:704 PERSONAS:LESIÓN A CIVILES EN ACCIÓN BÉLICA"
"2014-05-17", "PUTUMAYO / ORITO", " Víctimas:0", "GUERRILLA", "D:2:84 OBJETIVOS, MÉTODOS Y MÉDIOS ILÍCITOS:MEDIO AMBIENTE"
"2014-06-04", "PUTUMAYO / PUERTO CAICEDO", "ESPERANZA GOMEZ B40 Víctimas:1", "SIN INFORMACIÓN", "B:1:40 PERSECUCIÓN POLÍTICA:ASESINATO"
"2014-06-10", "PUTUMAYO / SAN MIGUEL", "CARLOS CHAPUEL A15; D73; HERMINSUL CHAPUEL A15; D73; JAVIER CHAPUEL A15; D73; MARLENY MEDINA A15; D73; EULER CHAPUEL (2012) A15; D73; ALEJANDRO CHAPUEL (2009) A15; D73; NEREIDA CHAPUEL (2007) A15; D73 Víctimas:7", "FUERZA AEREA", "A:1:15 PERSECUCIÓN POLÍTICA:AMENAZA;  D:1:73 PERSONAS:AMENAZA;  D:2:80 OBJETIVOS, MÉTODOS Y MÉDIOS ILÍCITOS:BIENES CIVILES;  D:2:86 OBJETIVOS, MÉTODOS Y MÉDIOS ILÍCITOS:HAMBRE COMO MÉTODO DE GUERRA;  D:3:90 MÉTODOS:CATEGORIA INEXISTENTE 90"
"2014-07-01", "PUTUMAYO / VALLE DEL GUAMUEZ (LA HORMIGA)", "COLECTIVO CONDUCTORES () Víctimas:0", "FARC-EP", "D:1:706 PERSONAS:COLECTIVO AMENAZADO;  D:2:84 OBJETIVOS, MÉTODOS Y MÉDIOS ILÍCITOS:MEDIO AMBIENTE"
"2014-07-03", "PUTUMAYO / ORITO", " Víctimas:0", "FARC-EP", "D:2:80 OBJETIVOS, MÉTODOS Y MÉDIOS ILÍCITOS:BIENES CIVILES;  D:3:93 MÉTODOS:CATEGORIA INEXISTENTE 93"
"2014-07-16", "PUTUMAYO / MOCOA / PUERTO LIMÓN", "FERNEY ALBERTO JIMENEZ CORTEZ (1982) B40 Víctimas:1", "SIN INFORMACIÓN", "B:1:40 PERSECUCIÓN POLÍTICA:ASESINATO"
"2014-07-23", "PUTUMAYO / ORITO", "PABLO ERAZO D703; MARLENE ERAZO D704; N N D704 Víctimas:3", "FARC-EP", "D:1:703 PERSONAS:CIVIL MUERTO EN ACCIÓN BÉLICA;  D:1:704 PERSONAS:LESIÓN A CIVILES EN ACCIÓN BÉLICA;  D:2:84 OBJETIVOS, MÉTODOS Y MÉDIOS ILÍCITOS:MEDIO AMBIENTE"
"2014-07-25", "PUTUMAYO / PUERTO ASÍS", " Víctimas:0", "FARC-EP", "D:2:84 OBJETIVOS, MÉTODOS Y MÉDIOS ILÍCITOS:MEDIO AMBIENTE"
"2014-07-28", "PUTUMAYO / ORITO", "ESTUDIANTES DEL COLEGIO SAN JOSE DE ORITO () Víctimas:0", "SIN INFORMACIÓN", "B:1:49 PERSECUCIÓN POLÍTICA:COLECTIVO AMENAZADO"
"2014-10-31", "PUTUMAYO / PUERTO ASÍS", " Víctimas:0", "FUERZA PUBLICA", "D:2:84 OBJETIVOS, MÉTODOS Y MÉDIOS ILÍCITOS:MEDIO AMBIENTE;  D:2:86 OBJETIVOS, MÉTODOS Y MÉDIOS ILÍCITOS:HAMBRE COMO MÉTODO DE GUERRA"
"2015-02-02", "PUTUMAYO / PUERTO ASÍS", "EDER JULIO RUBIO D98 Víctimas:1", "COMBATIENTES", "D:1:98 PERSONAS:LESIÓN POR OBJETIVOS, MÉTODOS Y MEDIOS ILÍCITOS;  D:3:93 MÉTODOS:CATEGORIA INEXISTENTE 93"
"2015-02-10", "PUTUMAYO / SIBUNDOY", "CARLOS ESTEBAN PATIÑO B45 Víctimas:1", "SIN INFORMACIÓN", "B:1:45 PERSECUCIÓN POLÍTICA:AMENAZA"
"2015-03-17", "PUTUMAYO / PUERTO ASÍS", "LUIS DE JESUS RODRIGUEZ PARADA B40; ADENIS JIMENEZ GUTIERREZ B40 Víctimas:2", "SIN INFORMACIÓN", "B:1:40 PERSECUCIÓN POLÍTICA:ASESINATO"
"2015-03-28", "PUTUMAYO / VILLAGARZÓN", "NORBERTO GARCIA HERRERA (1985) B40 Víctimas:1", "SIN INFORMACIÓN", "B:1:40 PERSECUCIÓN POLÍTICA:ASESINATO"
"2015-03-28", "PUTUMAYO / SANTIAGO", "CRISTIAN ALEXANDER CABRERA VALENCIA (1993) A20; MARIO ANDRES TERAN PUJUMUY (1995) A23 Víctimas:2", "POLICÍA", "A:2:20 ABUSO DE AUTORIDAD:EJECUCIÓN EXTRAJUDICIAL;  A:2:23 ABUSO DE AUTORIDAD:LESIÓN FÍSICA"
"2015-03-28", "PUTUMAYO / PUERTO ASÍS", "YURI SIRLENY QUINTERO B45 Víctimas:1", "SIN INFORMACIÓN", "B:1:45 PERSECUCIÓN POLÍTICA:AMENAZA"
"2015-05-07", "PUTUMAYO / PUERTO CAICEDO", " Víctimas:0", "FUERZA PUBLICA", "D:2:84 OBJETIVOS, MÉTODOS Y MÉDIOS ILÍCITOS:MEDIO AMBIENTE;  D:2:86 OBJETIVOS, MÉTODOS Y MÉDIOS ILÍCITOS:HAMBRE COMO MÉTODO DE GUERRA"
"2015-05-07", "PUTUMAYO / ORITO", "N N A15; D73; MIEMBROS RESGUARDO INDIGENA NASA () Víctimas:1", "PARAMILITARES", "A:1:15 PERSECUCIÓN POLÍTICA:AMENAZA;  A:1:18 PERSECUCIÓN POLÍTICA:COLECTIVO AMENAZADO;  D:1:73 PERSONAS:AMENAZA;  D:1:706 PERSONAS:COLECTIVO AMENAZADO;  D:2:80 OBJETIVOS, MÉTODOS Y MÉDIOS ILÍCITOS:BIENES CIVILES;  D:2:86 OBJETIVOS, MÉTODOS Y MÉDIOS ILÍCITOS:HAMBRE COMO MÉTODO DE GUERRA"
"2015-05-27", "PUTUMAYO / PUERTO LEGUÍZAMO / PIÑUÑA NEGRO", "MIEMBROS COMUNIDAD EDUCATIVA RURAL MIXTA LUIS VIDALES (); MIEMBROS COMUNIDAD INDIGENA MONAI DE JITOMA () Víctimas:0", "ARMADA", "D:1:904 PERSONAS:COLECTIVO ESCUDO"
"2015-05-28", "PUTUMAYO / PUERTO CAICEDO", "JOSE EBER GUEJIA A10; D701 Víctimas:1", "PARAMILITARES", "A:1:10 PERSECUCIÓN POLÍTICA:EJECUCIÓN EXTRAJUDICIAL;  D:1:701 PERSONAS:HOMICIDIO INTENCIONAL DE PERSONA PROTEGIDA"
"2015-05-31", "PUTUMAYO / VALLE DEL GUAMUEZ (LA HORMIGA)", "MARYLUZ LUCERO FIGUEROA B40 Víctimas:1", "SIN INFORMACIÓN", "B:1:40 PERSECUCIÓN POLÍTICA:ASESINATO"
"2015-06-08", "PUTUMAYO / VALLE DEL GUAMUEZ (LA HORMIGA)", "KEVIN STEVEN MINDA ESPAÑA (2003) D98 Víctimas:1", "COMBATIENTES", "D:1:98 PERSONAS:LESIÓN POR OBJETIVOS, MÉTODOS Y MEDIOS ILÍCITOS;  D:3:93 MÉTODOS:CATEGORIA INEXISTENTE 93"
"2015-06-08", "PUTUMAYO / PUERTO ASÍS", " Víctimas:0", "FARC-EP", "D:2:84 OBJETIVOS, MÉTODOS Y MÉDIOS ILÍCITOS:MEDIO AMBIENTE"
"2015-07-11", "PUTUMAYO / MOCOA", "N N D98; N N D98 Víctimas:2", "FARC-EP", "D:1:98 PERSONAS:LESIÓN POR OBJETIVOS, MÉTODOS Y MEDIOS ILÍCITOS;  D:2:80 OBJETIVOS, MÉTODOS Y MÉDIOS ILÍCITOS:BIENES CIVILES;  D:3:93 MÉTODOS:CATEGORIA INEXISTENTE 93"
"2015-11-28", "PUTUMAYO / PUERTO LEGUÍZAMO / PUERTO OSPINA", "JHONATAN PIANDA FIGUEROA (1998) D98 Víctimas:1", "COMBATIENTES", "D:1:98 PERSONAS:LESIÓN POR OBJETIVOS, MÉTODOS Y MEDIOS ILÍCITOS;  D:3:93 MÉTODOS:CATEGORIA INEXISTENTE 93"
"2015-12-25", "PUTUMAYO / PUERTO ASÍS / SANTANA", "N N B40; N N B40; N N B40 Víctimas:3", "SIN INFORMACIÓN", "B:1:40 PERSECUCIÓN POLÍTICA:ASESINATO"
"2016-01-13", "PUTUMAYO / PUERTO ASÍS / TETEYE", "OCTAVIO CATAÑO A15; D73 Víctimas:1", "EJERCITO", "A:1:15 PERSECUCIÓN POLÍTICA:AMENAZA;  D:1:73 PERSONAS:AMENAZA"
"2016-02-09", "PUTUMAYO / PUERTO ASÍS / TETEYE", "POBLADORES LA MONTAÑITA () Víctimas:0", "EJERCITO. POLICÍA", "A:1:18 PERSECUCIÓN POLÍTICA:COLECTIVO AMENAZADO;  D:1:706 PERSONAS:COLECTIVO AMENAZADO"
"2016-03-16", "PUTUMAYO / MOCOA", "MIEMBROS DE ORGANIZACIONES SOCIALES () Víctimas:0", "SIJIN", "A:1:18 PERSECUCIÓN POLÍTICA:COLECTIVO AMENAZADO;  D:1:706 PERSONAS:COLECTIVO AMENAZADO"
"2016-03-17", "PUTUMAYO / SAN MIGUEL", "MIEMBROS DE ORGANIZACIONES SOCIALES () Víctimas:0", "EJERCITO", "A:1:18 PERSECUCIÓN POLÍTICA:COLECTIVO AMENAZADO;  D:1:706 PERSONAS:COLECTIVO AMENAZADO"
"2016-06-14", "PUTUMAYO / PUERTO ASÍS", "OMAR FRANCO GUEVARA JURADO B46; B45 Víctimas:1", "SIN INFORMACIÓN", "B:1:45 PERSECUCIÓN POLÍTICA:AMENAZA;  B:1:46 PERSECUCIÓN POLÍTICA:ATENTADO"
"2016-06-16", "PUTUMAYO / PUERTO CAICEDO / SAN PEDRO", "MAURICIO RAMÍREZ A23; A24; A25 Víctimas:1", "POLICÍA", "A:2:23 ABUSO DE AUTORIDAD:LESIÓN FÍSICA;  A:2:24 ABUSO DE AUTORIDAD:DETENCIÓN ARBITRARIA;  A:2:25 ABUSO DE AUTORIDAD:AMENAZA"
"2016-07-08", "PUTUMAYO / PUERTO ASÍS / TETEYE", "LUIS ALBERTO CHASOY A23; DAVID CAMPO VERDE A23 Víctimas:2", "EJERCITO", "A:2:23 ABUSO DE AUTORIDAD:LESIÓN FÍSICA"
"2016-07-24", "PUTUMAYO / PUERTO ASÍS", "COMUNIDADES CAMPESINAS DEL PUTUMAYO (); COMUNIDADES INDIGENAS DEL PUTUMAYO () Víctimas:0", "EJERCITO. POLICÍA", "A:1:18 PERSECUCIÓN POLÍTICA:COLECTIVO AMENAZADO;  D:1:706 PERSONAS:COLECTIVO AMENAZADO"
"2016-08-13", "PUTUMAYO / PUERTO ASÍS", "EDWIN FABIAN RAMIREZ A15; D73; A15; D73; JULIO N A15; D73; A15; D73; LUZ DARY RODRIGUEZ A15; D73; A15; D73; CAMPESINOS DE LA ALEA () Víctimas:3", "FISCALIA. EJERCITO", "A:1:15 PERSECUCIÓN POLÍTICA:AMENAZA;  A:1:18 PERSECUCIÓN POLÍTICA:COLECTIVO AMENAZADO;  D:1:73 PERSONAS:AMENAZA;  D:1:706 PERSONAS:COLECTIVO AMENAZADO"
"2016-08-14", "PUTUMAYO / PUERTO ASÍS", "N N A13; D702; CAMPESINOS DE LA ALEA () Víctimas:1", "EJERCITO. POLICÍA", "A:1:13 PERSECUCIÓN POLÍTICA:LESIÓN FÍSICA;  A:1:18 PERSECUCIÓN POLÍTICA:COLECTIVO AMENAZADO;  D:1:702 PERSONAS:LESIÓN A PERSONA PROTEGIDA;  D:1:706 PERSONAS:COLECTIVO AMENAZADO"
"2016-08-14", "PUTUMAYO / ORITO", "CAMPESINOS DE EL YARUMO (); PUEBLO INDIGENA LOS PASTOS () Víctimas:0", "EJERCITO. POLICÍA", "A:1:18 PERSECUCIÓN POLÍTICA:COLECTIVO AMENAZADO;  D:1:706 PERSONAS:COLECTIVO AMENAZADO"
"2016-08-31", "PUTUMAYO / PUERTO ASÍS", "CARLOS ALFREDO GARNICA (1993) A23; A24; ERNESTO BAICUÉ (1998) A23; A24 Víctimas:2", "POLICÍA", "A:2:23 ABUSO DE AUTORIDAD:LESIÓN FÍSICA;  A:2:24 ABUSO DE AUTORIDAD:DETENCIÓN ARBITRARIA"
"2016-09-21", "PUTUMAYO / PUERTO ASÍS", "SEBASTIAN CARMONA DIAZ B48 Víctimas:1", "SIN INFORMACIÓN", "B:1:48 PERSECUCIÓN POLÍTICA:RAPTO"
"2016-12-12", "PUTUMAYO / PUERTO ASÍS", "GUILLERMO VELDAÑO B40 Víctimas:1", "SIN INFORMACIÓN", "B:1:40 PERSECUCIÓN POLÍTICA:ASESINATO"
"2017-01-29", "PUTUMAYO / PUERTO ASÍS", "N N B40; N N B43; N N B43 Víctimas:3", "SIN INFORMACIÓN", "B:1:40 PERSECUCIÓN POLÍTICA:ASESINATO;  B:1:43 PERSECUCIÓN POLÍTICA:LESIÓN FÍSICA"
"2017-02-16", "PUTUMAYO / PUERTO ASÍS", "CAMPESINOS DE BOCANA DEL CUEMBI (); CAMPESINOS DE BAJO CUEMBI (); CAMPESINOS DE LA PIÑA (); CAMPESINOS DE LA ZONA DE RESERVA CAMPESINA PERLA AMAZONICA () Víctimas:0", "SIN INFORMACIÓN", "B:1:49 PERSECUCIÓN POLÍTICA:COLECTIVO AMENAZADO"
"2017-03-18", "PUTUMAYO / MOCOA", "CARLOS FERNANDEZ A15; A16; VIVIANA MARTINEZ A15; A16; COMISION INTERECLESIAL DE JUSTICIA Y PAZ () Víctimas:2", "PARAMILITARES", "A:1:15 PERSECUCIÓN POLÍTICA:AMENAZA;  A:1:16 PERSECUCIÓN POLÍTICA:ATENTADO;  A:1:18 PERSECUCIÓN POLÍTICA:COLECTIVO AMENAZADO"
"2017-03-27", "PUTUMAYO / SAN MIGUEL", "ALVENIO ROSERO B40 Víctimas:1", "SIN INFORMACIÓN", "B:1:40 PERSECUCIÓN POLÍTICA:ASESINATO"
"2017-03-29", "PUTUMAYO / VALLE DEL GUAMUEZ (LA HORMIGA) / EL PLACER", "LEDER HAROLD TAPIA ESCOBAR (1990) B40 Víctimas:1", "SIN INFORMACIÓN", "B:1:40 PERSECUCIÓN POLÍTICA:ASESINATO"
"2017-04-04", "PUTUMAYO / MOCOA", "N N (2002) A29; A296 Víctimas:1", "POLICÍA", "A:2:29 ABUSO DE AUTORIDAD:VIOLENCIA SEXUAL;  A:2:296 ABUSO DE AUTORIDAD:ABUSO SEXUAL"
"2017-04-19", "PUTUMAYO / PUERTO CAICEDO / EL CEDRAL", "POBLADORES EL CEDRAL (); POBLADORES PIÑUÑA BLANCO () Víctimas:0", "PARAMILITARES", "A:1:18 PERSECUCIÓN POLÍTICA:COLECTIVO AMENAZADO"
"2017-05-14", "PUTUMAYO / PUERTO ASÍS / TETEYE", "DIOMAR VALVERDE ORDOÑEZ (1983) B40; CALET MORALES (1977) B40 Víctimas:2", "SIN INFORMACIÓN", "B:1:40 PERSECUCIÓN POLÍTICA:ASESINATO"
"2017-06-22", "PUTUMAYO / MOCOA", "EULER GUERRERO A23; A24; COLECTIVO ESTUDIANTES () Víctimas:1", "POLICÍA", "A:2:23 ABUSO DE AUTORIDAD:LESIÓN FÍSICA;  A:2:24 ABUSO DE AUTORIDAD:DETENCIÓN ARBITRARIA;  A:2:231 ABUSO DE AUTORIDAD:COLECTIVO LESIONADO"
"2017-06-30", "PUTUMAYO / ORITO", "ALEJANDRO ORTIZ A24; N N A24; N N A24; N N A24; N N A24; N N A24 Víctimas:6", "POLICÍA", "A:2:24 ABUSO DE AUTORIDAD:DETENCIÓN ARBITRARIA"
"2017-07-21", "PUTUMAYO / PUERTO ASÍS", "EDWIN RAMIREZ A141; JAVIER BRAVO A141; GABRIEL REALES A141; GREGORIO ROSALES A141 Víctimas:4", "FISCALIA", "A:1:141 PERSECUCIÓN POLÍTICA:JUDICIALIZACIÓN ARBITRARIA"
"2017-08-01", "PUTUMAYO / PUERTO ASÍS", "POBLADORES DE LA ZONA DE RESERVA CAMPESINA PERLA AMAZONICA (); COMUNIDAD DE PIÑUÑA BLANCO (); COMUNIDAD DE PUERTO ASIS () Víctimas:0", "PARAMILITARES. ARMADA. EJERCITO", "A:1:18 PERSECUCIÓN POLÍTICA:COLECTIVO AMENAZADO;  D:2:86 OBJETIVOS, MÉTODOS Y MÉDIOS ILÍCITOS:HAMBRE COMO MÉTODO DE GUERRA;  D:2:95 OBJETIVOS, MÉTODOS Y MÉDIOS ILÍCITOS:PILLAJE"
"2017-08-12", "PUTUMAYO / VILLAGARZÓN", "IVAN RUIZ B45 Víctimas:1", "SIN INFORMACIÓN", "B:1:45 PERSECUCIÓN POLÍTICA:AMENAZA"
"2017-09-01", "PUTUMAYO / PUERTO ASÍS / PUERTO ASÍS", "SEGUNDO ALVARO SEVILLANOS (1973) A23; A23; A23; COMUNIDAD DE SINAI () Víctimas:1", "POLICÍA. ESTADO COLOMBIANO. AMERISUR EXPLORACION COLOMBIA", "A:2:23 ABUSO DE AUTORIDAD:LESIÓN FÍSICA;  A:2:231 ABUSO DE AUTORIDAD:COLECTIVO LESIONADO;  D:2:84 OBJETIVOS, MÉTODOS Y MÉDIOS ILÍCITOS:MEDIO AMBIENTE"
"2017-09-04", "PUTUMAYO / VALLE DEL GUAMUEZ (LA HORMIGA)", "HABITANTES DEL VALLE DE GUAMUEZ  (); HABITANTES DE SAN MIGUEL () Víctimas:0", "PARAMILITARES", "A:3:38 INTOLERANCIA SOCIAL:COLECTIVO AMENAZADO"
"2017-10-05", "PUTUMAYO / VALLE DEL GUAMUEZ (LA HORMIGA)", "OMAR ARGEMIRO CAICEDO GOYES (1976) B40 Víctimas:1", "SIN INFORMACIÓN", "B:1:40 PERSECUCIÓN POLÍTICA:ASESINATO"
"2017-10-08", "PUTUMAYO / PUERTO GUZMÁN", "ALEXANDER SÁNCHEZ MELENGE B45 Víctimas:1", "SIN INFORMACIÓN", "B:1:45 PERSECUCIÓN POLÍTICA:AMENAZA"
"2017-10-17", "PUTUMAYO / PUERTO GUZMÁN / JOSÉ MARÍA", "ELIÉCER CARVAJAL B40 Víctimas:1", "SIN INFORMACIÓN", "B:1:40 PERSECUCIÓN POLÍTICA:ASESINATO"
"2017-10-29", "PUTUMAYO / PUERTO GUZMÁN / JOSÉ MARÍA", "OSCAR ARANGO B40 Víctimas:1", "SIN INFORMACIÓN", "B:1:40 PERSECUCIÓN POLÍTICA:ASESINATO"
"2017-11-13", "PUTUMAYO / VALLE DEL GUAMUEZ (LA HORMIGA) / LA HORMIGA", "POBLADORES DEL MUNICIPIO DE VALLE DEL GUAMUEZ (); POBLADORES DEL MUNICIPIO DE SAN MIGUEL  () Víctimas:0", "PARAMILITARES", "A:1:18 PERSECUCIÓN POLÍTICA:COLECTIVO AMENAZADO;  A:3:38 INTOLERANCIA SOCIAL:COLECTIVO AMENAZADO"
"2017-11-22", "PUTUMAYO / PUERTO LEGUÍZAMO / PIÑUÑA NEGRO", "JOSE TORRES B48 Víctimas:1", "SIN INFORMACIÓN", "B:1:48 PERSECUCIÓN POLÍTICA:RAPTO"
"2017-11-23", "PUTUMAYO / PUERTO ASÍS / SANTANA", "DAGO MUESES B40 Víctimas:1", "SIN INFORMACIÓN", "B:1:40 PERSECUCIÓN POLÍTICA:ASESINATO"
"2017-12-04", "PUTUMAYO / PUERTO ASÍS / LA CARMELITA", "LUIS ALFONSO GIRALDO B40; N N B45 Víctimas:2", "SIN INFORMACIÓN", "B:1:40 PERSECUCIÓN POLÍTICA:ASESINATO;  B:1:45 PERSECUCIÓN POLÍTICA:AMENAZA"
"2017-12-05", "PUTUMAYO / PUERTO ASÍS / LA CARMELITA", "ARLEY VELASCO B40 Víctimas:1", "SIN INFORMACIÓN", "B:1:40 PERSECUCIÓN POLÍTICA:ASESINATO"
"2017-12-07", "PUTUMAYO / PUERTO ASÍS", "COMUNIDAD DE EL BALDIO (); COMUNIDAD DE BAJO MANSOYA (); COMUNIDADES DE LA ZONA DE RESERVA CAMPESINA PERLA AMAZONICA-ZRCPA () Víctimas:0", "ESTADO COLOMBIANO", "A:1:18 PERSECUCIÓN POLÍTICA:COLECTIVO AMENAZADO;  D:2:84 OBJETIVOS, MÉTODOS Y MÉDIOS ILÍCITOS:MEDIO AMBIENTE;  D:2:86 OBJETIVOS, MÉTODOS Y MÉDIOS ILÍCITOS:HAMBRE COMO MÉTODO DE GUERRA"
"2017-12-09", "PUTUMAYO / PUERTO LEGUÍZAMO / SENSELLA", "DIEGO SUAREZ (1983) B40 Víctimas:1", "SIN INFORMACIÓN", "B:1:40 PERSECUCIÓN POLÍTICA:ASESINATO"
"2017-12-24", "PUTUMAYO / PUERTO LEGUÍZAMO", "N N D73 Víctimas:1", "GUERRILLA", "D:1:73 PERSONAS:AMENAZA"
"2017-12-31", "PUTUMAYO / PUERTO ASÍS", "JANI SILVA B45 Víctimas:1", "SIN INFORMACIÓN", "B:1:45 PERSECUCIÓN POLÍTICA:AMENAZA"
"2018-01-03", "PUTUMAYO / PUERTO ASÍS / COMANDANTE", "CAMPESINOS DE LA ZONA DE RESERVA PERLA AMAZONICA () Víctimas:0", "EJERCITO", "A:1:18 PERSECUCIÓN POLÍTICA:COLECTIVO AMENAZADO"
"2018-01-09", "PUTUMAYO / PUERTO ASÍS", "JANI SILVA B45; HUGO MIRAMAR B45 Víctimas:2", "SIN INFORMACIÓN", "B:1:45 PERSECUCIÓN POLÍTICA:AMENAZA"
"2018-01-18", "PUTUMAYO / VALLE DEL GUAMUEZ (LA HORMIGA) / LA HORMIGA", "POBLACIÓN DE LA HORMIGA, TRAFICANTES DE DROGAS, LADRONES, PROSTITUTAS Y VIOLADORES (); POBLACIÓN DE SAN MIGUEL TRAFICANTES DE DROGAS, LADRONES, PROSTITUTAS Y VIOLADORES () Víctimas:0", "GRUPOS DE INTOLERANCIA", "B:2:59 INTOLERANCIA SOCIAL:COLECTIVO AMENAZADO"
"2018-02-01", "PUTUMAYO / PUERTO GUZMÁN", "JOSE ANDRES RENTERIA B40; DUBEIBE ANTONIO ALZATE (1986) B40; JOSE ALBEIRO ALZATE B40 Víctimas:3", "SIN INFORMACIÓN", "B:1:40 PERSECUCIÓN POLÍTICA:ASESINATO"
"2018-02-18", "PUTUMAYO / PUERTO ASÍS", "SANDRA LAGOS A15 Víctimas:1", "POLICÍA", "A:1:15 PERSECUCIÓN POLÍTICA:AMENAZA"
"2018-02-22", "PUTUMAYO / PUERTO ASÍS", "COMUNIDAD CAMPESINA DE LA SEVILLA (); CAMPESINOS DE LA ZONA DE RESERVA PERLA MAZONICA () Víctimas:0", "EJERCITO", "A:1:18 PERSECUCIÓN POLÍTICA:COLECTIVO AMENAZADO;  D:2:80 OBJETIVOS, MÉTODOS Y MÉDIOS ILÍCITOS:BIENES CIVILES;  D:2:84 OBJETIVOS, MÉTODOS Y MÉDIOS ILÍCITOS:MEDIO AMBIENTE"
"2018-03-10", "PUTUMAYO / MOCOA", "NIXON PIAGUAJE B45 Víctimas:1", "SIN INFORMACIÓN", "B:1:45 PERSECUCIÓN POLÍTICA:AMENAZA"
"2018-04-19", "PUTUMAYO / PUERTO ASÍS", "SAUL LUNA B45; HUGO MIRAMAR B45; LIDERES DE LA ZONA DE RESERVA CAMPESINA PERLA AMAZONICA () Víctimas:2", "SIN INFORMACIÓN", "B:1:45 PERSECUCIÓN POLÍTICA:AMENAZA;  B:1:49 PERSECUCIÓN POLÍTICA:COLECTIVO AMENAZADO"
"2018-05-01", "PUTUMAYO / PUERTO ASÍS", "CAMPESINOS DE LA ZONA DE RESERVA PERLA AMAZONICA () Víctimas:0", "GUERRILLA", "D:1:706 PERSONAS:COLECTIVO AMENAZADO"
"2018-05-01", "PUTUMAYO / PUERTO ASÍS", "CAMPESINOS DE LA ZONA DE RESERVA PERLA MAZONICA (); COMUNIDAD CAMPESINA DE CAMIOS (); COMUNIDAD CAMPESINA DE ANGOSTURAS (); COMUNIDAD CAMPESINA DE AGUALONGO (); COMUNIDAD CAMPESINA DE BOCANA DEL CUEMBI (); COMUNIDAD CAMPESINA DE BAJO CUEMBI (); COMUNIDAD CAMPESINA DE PIÑA (); COMUNIDAD CAMPESINA DE CHUFIYA (); COMUNIDAD CAMPESINA DE BELEN (); COMUNIDAD CAMPESINA DE LA FRONTERA (); COMUNIDAD CAMPESINA DE LA ESPAÑOLA () Víctimas:0", "SIN INFORMACIÓN", "B:1:49 PERSECUCIÓN POLÍTICA:COLECTIVO AMENAZADO"
"2018-05-02", "PUTUMAYO / VALLE DEL GUAMUEZ (LA HORMIGA) / EL PLACER", "DEYANIRA GUERRERO TOVAR (1982) A11 Víctimas:1", "PARAMILITARES", "A:1:11 PERSECUCIÓN POLÍTICA:DESAPARICIÓN FORZADA"
"2018-06-06", "PUTUMAYO / PUERTO ASÍS / PUERTO ASÍS", "YURY QUINTERO B45 Víctimas:1", "SIN INFORMACIÓN", "B:1:45 PERSECUCIÓN POLÍTICA:AMENAZA"
"2018-06-11", "PUTUMAYO / PUERTO ASÍS / PUERTO ASÍS", "YEISON RAMIREZ B40 Víctimas:1", "SIN INFORMACIÓN", "B:1:40 PERSECUCIÓN POLÍTICA:ASESINATO"
"2018-06-11", "PUTUMAYO / VALLE DEL GUAMUEZ (LA HORMIGA)", "YEISON RAMÍREZ B40 Víctimas:1", "SIN INFORMACIÓN", "B:1:40 PERSECUCIÓN POLÍTICA:ASESINATO"
"2018-06-13", "PUTUMAYO / PUERTO ASÍS", "CAMPESINOS DE LA ZONA DE RESERVA PERLA AMAZONICA (); CAMPESINOS DE PUERTO PLAYA () Víctimas:0", "ARMADA. ESTADO COLOMBIANO", "A:1:18 PERSECUCIÓN POLÍTICA:COLECTIVO AMENAZADO;  D:2:80 OBJETIVOS, MÉTODOS Y MÉDIOS ILÍCITOS:BIENES CIVILES;  D:2:86 OBJETIVOS, MÉTODOS Y MÉDIOS ILÍCITOS:HAMBRE COMO MÉTODO DE GUERRA;  D:2:95 OBJETIVOS, MÉTODOS Y MÉDIOS ILÍCITOS:PILLAJE"
"2018-07-04", "PUTUMAYO / ORITO", "FRANCISCO DOBIGAMA (1959) B40; DARIO DOBIGAMA (1988) B40; JORGE YANEL DOBIGAMA B43; UBER ARBEY DOBIGAMA B43; MARIA ERLINDA TANIGAMA B43 Víctimas:5", "SIN INFORMACIÓN", "B:1:40 PERSECUCIÓN POLÍTICA:ASESINATO;  B:1:43 PERSECUCIÓN POLÍTICA:LESIÓN FÍSICA"
"2018-07-05", "PUTUMAYO / PUERTO ASÍS", "N N B43 Víctimas:1", "SIN INFORMACIÓN", "B:1:43 PERSECUCIÓN POLÍTICA:LESIÓN FÍSICA"
"2018-07-06", "PUTUMAYO / MOCOA", "LAURA MONTOYA B45 Víctimas:1", "SIN INFORMACIÓN", "B:1:45 PERSECUCIÓN POLÍTICA:AMENAZA"
"2018-07-20", "PUTUMAYO / ORITO", "OSVALDO TAQUEZ (1967) B40 Víctimas:1", "SIN INFORMACIÓN", "B:1:40 PERSECUCIÓN POLÍTICA:ASESINATO"
"2018-07-25", "PUTUMAYO / MOCOA", "LUIS GABRIEL GOMEZ B40 Víctimas:1", "SIN INFORMACIÓN", "B:1:40 PERSECUCIÓN POLÍTICA:ASESINATO"
"2018-07-26", "PUTUMAYO / PUERTO ASÍS", "NORA MUYUY A15; D73; PRESIDENTES DE JUNTAS DE ACCION COMUNAL DE PUTUMAYO  (); GOBERNADORES INDIGENAS DEL PUTUMAYO  (); COLECTIVO LIDERES SOCIALES EMPRENDEDORES  (); COLECTIVO ORGANIZADORES TURISTICOS  (); ORGANIZACIONES SOCIALES  (); COLECTIVO PERIODISTAS  (); COLECTIVO EMISORAS  (); ORGANIZACIONES DE TURISMO RURAL  (); ORGANIZACIONES INDIGENAS  () Víctimas:1", "PARAMILITARES", "A:1:15 PERSECUCIÓN POLÍTICA:AMENAZA;  A:1:18 PERSECUCIÓN POLÍTICA:COLECTIVO AMENAZADO;  D:1:73 PERSONAS:AMENAZA;  D:1:706 PERSONAS:COLECTIVO AMENAZADO"
"2018-08-02", "PUTUMAYO / MOCOA", "GERMAN ARENAS A15; DUBAN GARCIA A15; JAIRO FIGUEROA A15 Víctimas:3", "PARAMILITARES", "A:1:15 PERSECUCIÓN POLÍTICA:AMENAZA"
"2018-08-08", "PUTUMAYO / PUERTO ASÍS", "JANI SILVA B45; ASOCIACION DE DESARROLLO INTEGRAL SOSTENIBLE DE LA PERLA AMAZONICA-Adispa () Víctimas:1", "SIN INFORMACIÓN", "B:1:45 PERSECUCIÓN POLÍTICA:AMENAZA;  B:1:49 PERSECUCIÓN POLÍTICA:COLECTIVO AMENAZADO"
"2018-08-09", "PUTUMAYO / PUERTO LEGUÍZAMO / PIÑUÑA NEGRO", "ALEJANDRO JACANAMEJOY B40 Víctimas:1", "SIN INFORMACIÓN", "B:1:40 PERSECUCIÓN POLÍTICA:ASESINATO"
"2018-08-09", "PUTUMAYO / SAN MIGUEL", "JOSE EDGAR BENAVIDES (1973) B40 Víctimas:1", "SIN INFORMACIÓN", "B:1:40 PERSECUCIÓN POLÍTICA:ASESINATO"
"2018-08-13", "PUTUMAYO / VALLE DEL GUAMUEZ (LA HORMIGA)", "ANDRES CUELTAN B45; JUAN PABLO VALENCIA B45; JESUS GARCIA B45; FLOR ARGOTY B45 Víctimas:4", "SIN INFORMACIÓN", "B:1:45 PERSECUCIÓN POLÍTICA:AMENAZA"
"2018-08-15", "PUTUMAYO / PUERTO ASÍS", "JANI SILVA B45; ASOCIACION DE DESARROLLO INTEGRAL SOSTENIBLE DE LA PERLA AMAZONICA-Adispa () Víctimas:1", "SIN INFORMACIÓN", "B:1:45 PERSECUCIÓN POLÍTICA:AMENAZA;  B:1:49 PERSECUCIÓN POLÍTICA:COLECTIVO AMENAZADO"
"2018-08-27", "PUTUMAYO / PUERTO ASÍS", "ALEXIS ORTIZ B43; B45 Víctimas:1", "SIN INFORMACIÓN", "B:1:43 PERSECUCIÓN POLÍTICA:LESIÓN FÍSICA;  B:1:45 PERSECUCIÓN POLÍTICA:AMENAZA"
"2018-09-02", "PUTUMAYO / VILLAGARZÓN / LA CASTELLANA", "PAOLA RODRIGUEZ MUCHAVISOY B40; ALONSO TAICUS B40; N TAICUS RODRIGUEZ B43 Víctimas:3", "SIN INFORMACIÓN", "B:1:40 PERSECUCIÓN POLÍTICA:ASESINATO;  B:1:43 PERSECUCIÓN POLÍTICA:LESIÓN FÍSICA"
"2018-09-13", "PUTUMAYO / PUERTO ASÍS", "SANDRA LAGOS B45; ASOCIACION DE DESARROLLO INTEGRAL SOSTENIBLE DE LA PERLA AMAZONICA-Adispa () Víctimas:1", "SIN INFORMACIÓN", "B:1:45 PERSECUCIÓN POLÍTICA:AMENAZA;  B:1:49 PERSECUCIÓN POLÍTICA:COLECTIVO AMENAZADO"
"2018-09-14", "PUTUMAYO / PUERTO GUZMÁN", "ESAIL ANTONIO HERNANDEZ ECHEVERRY B40 Víctimas:1", "SIN INFORMACIÓN", "B:1:40 PERSECUCIÓN POLÍTICA:ASESINATO"
"2018-09-16", "PUTUMAYO / PUERTO LEGUÍZAMO", "HERNANDO VARGAS CORTEZ A23; A24 Víctimas:1", "POLICÍA", "A:2:23 ABUSO DE AUTORIDAD:LESIÓN FÍSICA;  A:2:24 ABUSO DE AUTORIDAD:DETENCIÓN ARBITRARIA"
"2018-09-24", "PUTUMAYO / PUERTO ASÍS", "JANI SILVA B45; HUGO MIRAMAR B45; VIVIANA MARTINEZ B45; ASOCIACION DE DESARROLLO INTEGRAL SOSTENIBLE DE LA PERLA AMAZONICA-Adispa (); COMISION INTERECLESIAL DE JUSTICIA Y PAZ () Víctimas:3", "SIN INFORMACIÓN", "B:1:45 PERSECUCIÓN POLÍTICA:AMENAZA;  B:1:49 PERSECUCIÓN POLÍTICA:COLECTIVO AMENAZADO"
"2018-10-08", "PUTUMAYO / PUERTO ASÍS", "OTTOS VALENZUELA B40; ASOCIACION DE DESARROLLO INTEGRAL SOSTENIBLE DE LA PERLA AMAZONICA-Adispa () Víctimas:1", "SIN INFORMACIÓN", "B:1:40 PERSECUCIÓN POLÍTICA:ASESINATO;  B:1:49 PERSECUCIÓN POLÍTICA:COLECTIVO AMENAZADO"
"2018-10-12", "PUTUMAYO / SAN MIGUEL", "OSCAR ADOLFO QUENAN TORO B40 Víctimas:1", "SIN INFORMACIÓN", "B:1:40 PERSECUCIÓN POLÍTICA:ASESINATO"
"2018-11-12", "PUTUMAYO / PUERTO ASÍS", "N N D73; N N D73; N N D73; N N D73; N N D73; N N D73; HABITANTES DE ORITO (); HABITANTES DE VALLE DEL GUAMUEZ (); HABITANTES DE SAN MIGUEL (); HABITANTES DE PUERTO ASIS (); HABITANTES DE LA HORMIGA () Víctimas:6", "GUERRILLA", "D:1:73 PERSONAS:AMENAZA;  D:1:706 PERSONAS:COLECTIVO AMENAZADO"
"2018-12-06", "PUTUMAYO / PUERTO ASÍS", "SANDRA LAGOS D73; ASOCIACION DE DESARROLLO INTEGRAL SOSTENIBLE DE LA PERLA AMAZONICA-Adispa () Víctimas:1", "GUERRILLA", "D:1:73 PERSONAS:AMENAZA;  D:1:706 PERSONAS:COLECTIVO AMENAZADO"
"2019-01-12", "PUTUMAYO / MOCOA", "DANILO JUAJIBIOY B55; OLIVIA SOLIS B55; EIDER CIFUENTES B55; CAROL ZISA B55; POBLADORES DE TRES BARRIOS DE MOCOA () Víctimas:4", "GRUPOS DE INTOLERANCIA", "B:2:55 INTOLERANCIA SOCIAL:AMENAZA;  B:2:59 INTOLERANCIA SOCIAL:COLECTIVO AMENAZADO"
"2019-01-17", "PUTUMAYO / PUERTO ASÍS", "YURI QUINTERO A15; JULIAN MEDINA A15; GONZALO PORTILLA A15; NIXON PIAGUAJE A15; ROBINSON LOPEZ A15; EULER GUERRERO A15; LAURA MONTOYA A15; COLECTIVO DROGADICTOS  (); COLECTIVO GAMINES () Víctimas:7", "PARAMILITARES", "A:1:15 PERSECUCIÓN POLÍTICA:AMENAZA;  A:3:38 INTOLERANCIA SOCIAL:COLECTIVO AMENAZADO"
"2019-01-20", "PUTUMAYO / PUERTO ASÍS", "JESUS CARLOS CUCHIMBA VALLEJOS (1990) B40 Víctimas:1", "SIN INFORMACIÓN", "B:1:40 PERSECUCIÓN POLÍTICA:ASESINATO"
"2019-01-22", "PUTUMAYO / PUERTO ASÍS", "CIUDADANOS VENEZOLANOS QUE VIVEN EN PUTUMAYO (); PERSONAS Y ORGANIZACIONES QUE BRINDAN APOYO A LOS CIUDADANOS VENEZOLANOS () Víctimas:0", "PARAMILITARES", "A:1:18 PERSECUCIÓN POLÍTICA:COLECTIVO AMENAZADO"
"2019-01-26", "PUTUMAYO / PUERTO ASÍS", "COMUNIDAD DE LA ZONA DE RESERVA CAMPESINA PERLA AMAZONICA-ZRCPA () Víctimas:0", "ESTADO COLOMBIANO. AMERISUR EXPLORACION COLOMBIA LTDA. CONSORCIO VETRA C&C. INGENIERIA Y MEDIO AMBIENTE S.A.S. (IMA)", "A:1:18 PERSECUCIÓN POLÍTICA:COLECTIVO AMENAZADO;  D:2:84 OBJETIVOS, MÉTODOS Y MÉDIOS ILÍCITOS:MEDIO AMBIENTE"
"2019-01-26", "PUTUMAYO / PUERTO ASÍS", "COMUNIDAD CAMPESINA DE CHUFIYA (); COMUNIDAD CAMPESINA DE BUEN SAMARITANO (); COMUNIDAD DE LA ZONA DE RESERVA CAMPESINA PERLA AMAZONICA-ZRCPA () Víctimas:0", "CONSORCIO VETRA C&C. ESTADO COLOMBIANO. INGENIERIA Y MEDIO AMBIENTE-IMA", "A:1:18 PERSECUCIÓN POLÍTICA:COLECTIVO AMENAZADO;  D:2:84 OBJETIVOS, MÉTODOS Y MÉDIOS ILÍCITOS:MEDIO AMBIENTE"
"2019-02-04", "PUTUMAYO / VALLE DEL GUAMUEZ (LA HORMIGA)", "ANGEL FERNANDO ORTEGA (1987) B40; JOSE WILLIAM TORRES DIAZ (1981) B40 Víctimas:2", "SIN INFORMACIÓN", "B:1:40 PERSECUCIÓN POLÍTICA:ASESINATO"
"2019-02-07", "PUTUMAYO / SAN MIGUEL", "OMAIRA DEL SOCORRO AZA A25; COMUNIDAD INDIGENA NASA SOL DE LOS PASTOS MOJON () Víctimas:1", "EJERCITO", "A:2:25 ABUSO DE AUTORIDAD:AMENAZA;  A:2:28 ABUSO DE AUTORIDAD:COLECTIVO AMENAZADO"
"2019-02-09", "PUTUMAYO / SAN MIGUEL", "HENRY CUMBAL A15; N N A15; N N A15; COMUNIDAD INDIGENA NASA SOL DE LOS PASTOS MOJON () Víctimas:3", "EJERCITO", "A:1:15 PERSECUCIÓN POLÍTICA:AMENAZA;  A:1:18 PERSECUCIÓN POLÍTICA:COLECTIVO AMENAZADO"
"2019-02-17", "PUTUMAYO / PUERTO ASÍS", "JUAN PILCUE B45; COMUNIDAD INDIGENA NASA DEL CABILDO KXSAW () Víctimas:1", "SIN INFORMACIÓN", "B:1:45 PERSECUCIÓN POLÍTICA:AMENAZA;  B:1:49 PERSECUCIÓN POLÍTICA:COLECTIVO AMENAZADO"
"2019-02-19", "PUTUMAYO / SAN MIGUEL", "CARLOS CHAPUEL A23; A25; COMUNIDAD INDIGENA NASA SOL DE LOS PASTOS MOJON () Víctimas:1", "EJERCITO", "A:2:23 ABUSO DE AUTORIDAD:LESIÓN FÍSICA;  A:2:25 ABUSO DE AUTORIDAD:AMENAZA;  A:2:28 ABUSO DE AUTORIDAD:COLECTIVO AMENAZADO"
"2019-02-22", "PUTUMAYO / PUERTO CAICEDO", " Víctimas:0", "ECOPETROL", "D:2:84 OBJETIVOS, MÉTODOS Y MÉDIOS ILÍCITOS:MEDIO AMBIENTE;  D:2:86 OBJETIVOS, MÉTODOS Y MÉDIOS ILÍCITOS:HAMBRE COMO MÉTODO DE GUERRA"
"2019-02-23", "PUTUMAYO / PUERTO ASÍS", "MILENA GARCIA B40; DARWIN REYES B40; B47; B48; INTEGRANTES DE LA ZONA DE RESERVA CAMPESINA PERLA AMAZONICA-ZRCPA () Víctimas:2", "SIN INFORMACIÓN", "B:1:40 PERSECUCIÓN POLÍTICA:ASESINATO;  B:1:47 PERSECUCIÓN POLÍTICA:TORTURA;  B:1:48 PERSECUCIÓN POLÍTICA:RAPTO;  B:1:49 PERSECUCIÓN POLÍTICA:COLECTIVO AMENAZADO"
"2019-02-25", "PUTUMAYO / PUERTO ASÍS", "SONIA ROSERO B40 Víctimas:1", "SIN INFORMACIÓN", "B:1:40 PERSECUCIÓN POLÍTICA:ASESINATO"
"2019-03-12", "PUTUMAYO / SAN MIGUEL", "CARLOS CHAPUEL A25 Víctimas:1", "EJERCITO", "A:2:25 ABUSO DE AUTORIDAD:AMENAZA"
"2019-03-16", "PUTUMAYO / PUERTO ASÍS", "JANI SILVA A14; A15; ASOCIACION DE DESARROLLO INTEGRAL SOSTENIBLE PERLA AMAZONICA, ADISPA () Víctimas:1", "POLICÍA", "A:1:14 PERSECUCIÓN POLÍTICA:DETENCIÓN ARBITRARIA;  A:1:15 PERSECUCIÓN POLÍTICA:AMENAZA;  A:1:18 PERSECUCIÓN POLÍTICA:COLECTIVO AMENAZADO"
"2019-03-23", "PUTUMAYO / PUERTO ASÍS", "JANI SILVA B45; ASOCIACION DE DESARROLLO INTEGRAL SOSTENIBLE PERLA AMAZONICA, ADISPA () Víctimas:1", "SIN INFORMACIÓN", "B:1:45 PERSECUCIÓN POLÍTICA:AMENAZA;  B:1:49 PERSECUCIÓN POLÍTICA:COLECTIVO AMENAZADO"
"2019-04-02", "PUTUMAYO / PUERTO ASÍS", "COMUNIDAD CAMPESINA DE PUERTO PLAYA (); INTEGRANTES DE LA ZONA DE RESERVA CAMPESINA PERLA AMAZONICA-ZRCPA () Víctimas:0", "ARMADA. POLICÍA", "A:1:18 PERSECUCIÓN POLÍTICA:COLECTIVO AMENAZADO;  D:2:80 OBJETIVOS, MÉTODOS Y MÉDIOS ILÍCITOS:BIENES CIVILES"
"2019-04-05", "PUTUMAYO / MOCOA", " Víctimas:0", "GUERRILLA", "D:2:80 OBJETIVOS, MÉTODOS Y MÉDIOS ILÍCITOS:BIENES CIVILES"
"2019-04-08", "PUTUMAYO / PUERTO ASÍS / BAJO CUEMBÍ", "COMUNIDAD CAMPESINA DE CAMIOS (); COMUNIDAD CAMPESINA DE ANGOSTURAS (); COMUNIDAD CAMPESINA DE AGUALONGO (); COMUNIDAD CAMPESINA DE PIÑA (); COMUNIDAD CAMPESINA DE BOCANA DE CUEMBI (); ASOCIACION DE DESARROLLO INTEGRAL SOSTENIBLE PERLA AMAZONICA, ADISPA (); INTEGRANTES DE LA ZONA DE RESERVA CAMPESINA PERLA AMAZONICA-ZRCPA () Víctimas:0", "ARMADA", "A:1:18 PERSECUCIÓN POLÍTICA:COLECTIVO AMENAZADO"
"2019-04-22", "PUTUMAYO / SAN MIGUEL", "NIXON WILLINTON VALENCIA B40 Víctimas:1", "SIN INFORMACIÓN", "B:1:40 PERSECUCIÓN POLÍTICA:ASESINATO"
"2019-05-07", "PUTUMAYO / PUERTO ASÍS", "JANI SILVA A15; HUGO MIRAMAR A15; ASOCIACION DE DESARROLLO INTEGRAL SOSTENIBLE PERLA AMAZONICA, ADISPA (); INTEGRANTES DE LA ZONA DE RESERVA CAMPESINA PERLA AMAZONICA-ZRCPA () Víctimas:2", "ESTADO COLOMBIANO", "A:1:15 PERSECUCIÓN POLÍTICA:AMENAZA;  A:1:18 PERSECUCIÓN POLÍTICA:COLECTIVO AMENAZADO"
"2019-05-17", "PUTUMAYO / PUERTO ASÍS", "JANI SILVA B45; HUGO MIRAMAR B45; SAUL LUNA B45; ASOCIACION DE DESARROLLO INTEGRAL SOSTENIBLE PERLA AMAZONICA, ADISPA () Víctimas:3", "SIN INFORMACIÓN", "B:1:45 PERSECUCIÓN POLÍTICA:AMENAZA;  B:1:49 PERSECUCIÓN POLÍTICA:COLECTIVO AMENAZADO"
