"Fecha", "Ubicación", "Víctimas", "Pr. Resp.", "Tipificación"
"2001-02-15", "QUINDIO / ARMENIA", "EVELIO ALZATE  B40 Víctimas:1", "SIN INFORMACIÓN", "B:1:40 PERSECUCIÓN POLÍTICA:ASESINATO"
"2001-07-25", "QUINDIO / CIRCASIA", "FABER OCAMPO CARDONA  B40; EIDER CARDONA  B40 Víctimas:2", "SIN INFORMACIÓN", "B:1:40 PERSECUCIÓN POLÍTICA:ASESINATO"
"2001-07-31", "QUINDIO / ARMENIA", "N N B40 Víctimas:1", "SIN INFORMACIÓN", "B:1:40 PERSECUCIÓN POLÍTICA:ASESINATO"
"2001-08-09", "QUINDIO / ARMENIA", "JHON JAIRO OCAMPO FRANCO  B43 Víctimas:1", "SIN INFORMACIÓN", "B:1:43 PERSECUCIÓN POLÍTICA:LESIÓN FÍSICA"
"2001-09-22", "QUINDIO / CÓRDOBA", "ESTELLA BONILLA OCAMPO  (1965) B40; NELSON ROJAS  (1950) B40; JOHN ALEXANDER ALVARON  (1983) B40 Víctimas:3", "SIN INFORMACIÓN", "B:1:40 PERSECUCIÓN POLÍTICA:ASESINATO"
"2001-09-22", "QUINDIO / SALENTO", "N N B40; N N B40; N N B40 Víctimas:3", "SIN INFORMACIÓN", "B:1:40 PERSECUCIÓN POLÍTICA:ASESINATO"
"2001-10-25", "QUINDIO / PIJAO", "CLEMENTINA MURILLO  D704; D704; JASMIN ECHEVERRY  D704; D704; WALTER JOVANY QUIJANO  D704; D704; LUIS FERNANDO SILVA  D704; D704; CARLOS ALBERTO RONCANCIO  D704; D704; JOSE EUCLIDES RAMIREZ  D704; D704; JHON JAVIER LOPEZ  D704; D704; LUZ NELIDA QUICENO  D704; D704; CARLOTA TEJOS  D704; D704; MYRIAM DEL SOCORRO GONZALEZ  D704; D704 Víctimas:10", "FARC-EP. POLICÍA", "D:1:704 PERSONAS:LESIÓN A CIVILES EN ACCIÓN BÉLICA;  D:2:80 OBJETIVOS, MÉTODOS Y MÉDIOS ILÍCITOS:BIENES CIVILES;  D:3:93 MÉTODOS:CATEGORIA INEXISTENTE 93;  D:3:95 MÉTODOS:CATEGORIA INEXISTENTE 95"
"2001-11-28", "QUINDIO / CALARCÁ; QUINDIO / CALARCÁ", "FABIO BOTERO BOTERO  B41; MARIA LUZ GARCIA.  B41; NATALIA BOTERO GARCIA  B41; ETELVINA GARZON  B41 Víctimas:4", "FARC-EP", "B:1:41 PERSECUCIÓN POLÍTICA:SECUESTRO"
"2002-05-12", "QUINDIO / CALARCÁ", " Víctimas:0", "FARC-EP", "D:2:80 OBJETIVOS, MÉTODOS Y MÉDIOS ILÍCITOS:BIENES CIVILES;  D:3:95 MÉTODOS:CATEGORIA INEXISTENTE 95"
"2002-05-13", "QUINDIO / CALARCÁ / LA BELLA", " Víctimas:0", "FARC-EP. EJERCITO", "D:2:80 OBJETIVOS, MÉTODOS Y MÉDIOS ILÍCITOS:BIENES CIVILES"
"2002-08-18", "QUINDIO / ARMENIA", "BLANCA LUDIVIA HERNANDEZ VELASQUEZ  B40 Víctimas:1", "SIN INFORMACIÓN", "B:1:40 PERSECUCIÓN POLÍTICA:ASESINATO"
"2002-09-24", "QUINDIO / PIJAO", "LIBANILE CASTILLO  D701 Víctimas:1", "FARC-EP", "D:1:701 PERSONAS:HOMICIDIO INTENCIONAL DE PERSONA PROTEGIDA"
"2002-09-24", "QUINDIO / CALARCÁ / LA BELLA", " Víctimas:0", "FARC-EP", "D:2:80 OBJETIVOS, MÉTODOS Y MÉDIOS ILÍCITOS:BIENES CIVILES"
"2002-10-18", "QUINDIO / ARMENIA", "N N B43; LUIS ALBERTO CASTAÑO  B43; LUIS ALBERTO CASTAÑO SANZ  B43 Víctimas:3", "SIN INFORMACIÓN", "B:1:43 PERSECUCIÓN POLÍTICA:LESIÓN FÍSICA"
"2003-01-14", "QUINDIO / CALARCÁ", "JOSE ARTURO LARA LLOREDA  A20; A22 Víctimas:1", "INPEC", "A:2:20 ABUSO DE AUTORIDAD:EJECUCIÓN EXTRAJUDICIAL;  A:2:22 ABUSO DE AUTORIDAD:TORTURA"
"2003-01-14", "QUINDIO / CALARCÁ", "JOSÉ ARTURO LARA LLOREDA  A10; D701; A12; D72 Víctimas:1", "INPEC", "A:1:10 PERSECUCIÓN POLÍTICA:EJECUCIÓN EXTRAJUDICIAL;  A:1:12 PERSECUCIÓN POLÍTICA:TORTURA;  D:1:72 PERSONAS:TORTURA;  D:1:701 PERSONAS:HOMICIDIO INTENCIONAL DE PERSONA PROTEGIDA"
"2003-04-09", "QUINDIO / SALENTO", "MANUEL ANTONIO BEDOYA VALENCIA  (1945) A10; D701; N N A13; D702 Víctimas:2", "EJERCITO", "A:1:10 PERSECUCIÓN POLÍTICA:EJECUCIÓN EXTRAJUDICIAL;  A:1:13 PERSECUCIÓN POLÍTICA:LESIÓN FÍSICA;  D:1:701 PERSONAS:HOMICIDIO INTENCIONAL DE PERSONA PROTEGIDA;  D:1:702 PERSONAS:LESIÓN A PERSONA PROTEGIDA"
"2003-05-01", "QUINDIO / SALENTO", " Víctimas:0", "ELN", "D:3:95 MÉTODOS:CATEGORIA INEXISTENTE 95"
"2003-05-30", "QUINDIO / SALENTO", "N N B41; N N B41; N N B41; N N B41; N N B41; N N B41; N N B41; N N B41 Víctimas:8", "FARC-EP", "B:1:41 PERSECUCIÓN POLÍTICA:SECUESTRO"
"2003-10-11", "QUINDIO / GÉNOVA", "JAIRO GOMEZ GIRALDO  (1949) D701; JULIO CESAR CASTELLANOS  D701 Víctimas:2", "FARC-EP", "D:1:701 PERSONAS:HOMICIDIO INTENCIONAL DE PERSONA PROTEGIDA"
"2004-06-11", "QUINDIO / CALARCÁ", "JUAN PABLO BUENO PEREZ  (1969) A10; D701 Víctimas:1", "GAULA", "A:1:10 PERSECUCIÓN POLÍTICA:EJECUCIÓN EXTRAJUDICIAL;  D:1:701 PERSONAS:HOMICIDIO INTENCIONAL DE PERSONA PROTEGIDA"
"2004-06-15", "QUINDIO / LA TEBAIDA", "ALCIBIADES PIEDRAHITA DELGADO  (1955) B40; ALCIBIADES PIEDRAHITA RINCON  (1980) B40 Víctimas:2", "SIN INFORMACIÓN", "B:1:40 PERSECUCIÓN POLÍTICA:ASESINATO"
"2004-07-01", "QUINDIO / GÉNOVA", "JESUS ANTONIO CARVAJAL GRISALES  A10; D701 Víctimas:1", "EJERCITO", "A:1:10 PERSECUCIÓN POLÍTICA:EJECUCIÓN EXTRAJUDICIAL;  D:1:701 PERSONAS:HOMICIDIO INTENCIONAL DE PERSONA PROTEGIDA"
"2004-07-01", "QUINDIO / GÉNOVA", "JESUS ANTONIO CARVAJAL GRISALES  A10; D701 Víctimas:1", "EJERCITO", "A:1:10 PERSECUCIÓN POLÍTICA:EJECUCIÓN EXTRAJUDICIAL;  D:1:701 PERSONAS:HOMICIDIO INTENCIONAL DE PERSONA PROTEGIDA"
"2004-09-24", "QUINDIO / CÓRDOBA", "NELSON COMBITA  A15; D73; A15; D73; NELSON RUIZ  A15; D73; A15; D73; PEDRO CASTILLO  A15; D73; A15; D73; REINALDO HERNANDEZ  A15; D73; A15; D73; LUIS ANGEL JARAMILLO  A15; D73; A15; D73; AMPARO TOBON  A15; D73; A15; D73; LUCILA DURAN  A15; D73; A15; D73; HABITANTES TRAVESIAS (); HABITANTES GUAYAQUILES (); HABITANTES RIO VERDE (); HABITANTES LA SOLEDAD (); HABITANTES EL JARDIN () Víctimas:7", "POLICÍA. SIJIN", "A:1:15 PERSECUCIÓN POLÍTICA:AMENAZA;  A:1:18 PERSECUCIÓN POLÍTICA:COLECTIVO AMENAZADO;  D:1:73 PERSONAS:AMENAZA;  D:1:706 PERSONAS:COLECTIVO AMENAZADO"
"2004-10-24", "QUINDIO / CÓRDOBA", "YINETH JULIETA MORENO PARDO  B40 Víctimas:1", "SIN INFORMACIÓN", "B:1:40 PERSECUCIÓN POLÍTICA:ASESINATO"
"2004-11-05", "QUINDIO / CALARCÁ", "HUMBERTO SUAREZ  A14; ENERIED SUAREZ  A14 Víctimas:2", "DAS", "A:1:14 PERSECUCIÓN POLÍTICA:DETENCIÓN ARBITRARIA"
"2005-02-16", "QUINDIO / GÉNOVA", "JOSE HERIBERTO CASTRO TORO  (1956) D701; JHON GEMAY MELCHOR GALLEGO  (2005) D701 Víctimas:2", "FARC-EP", "D:1:701 PERSONAS:HOMICIDIO INTENCIONAL DE PERSONA PROTEGIDA"
"2005-05-16", "QUINDIO / ARMENIA", "CESAR HINCAPIE SILVA  (1937) B40 Víctimas:1", "SIN INFORMACIÓN", "B:1:40 PERSECUCIÓN POLÍTICA:ASESINATO"
"2006-02-04", "QUINDIO / CALARCÁ", "JOSÉ REINEL DÍAZ MÉNDEZ  (1978) A10; D701; GONZALO MARÍN TOPA  (1984) A10; D701 Víctimas:2", "EJERCITO", "A:1:10 PERSECUCIÓN POLÍTICA:EJECUCIÓN EXTRAJUDICIAL;  D:1:701 PERSONAS:HOMICIDIO INTENCIONAL DE PERSONA PROTEGIDA"
"2006-02-17", "QUINDIO / ARMENIA", "N N A33; N N A33 Víctimas:2", "EJERCITO", "A:3:30 INTOLERANCIA SOCIAL:EJECUCIÓN EXTRAJUDICIAL;  A:3:33 INTOLERANCIA SOCIAL:LESIÓN FÍSICA"
"2006-04-21", "QUINDIO / CIRCASIA", "GIOVANNY JIMÉNEZ AGUDELO  A14; DAVID VÁSQUEZ CARDONA  A14; JAIME HERNÁN ARIAS GARCÍA  A14; MARÍA EUGENIA PINEDA HERNÁNDEZ  A14 Víctimas:4", "ESTADO COLOMBIANO", "A:1:14 PERSECUCIÓN POLÍTICA:DETENCIÓN ARBITRARIA"
"2006-05-07", "QUINDIO / QUIMBAYA", "ALBERTO AGUDELO  B40 Víctimas:1", "SIN INFORMACIÓN", "B:1:40 PERSECUCIÓN POLÍTICA:ASESINATO"
"2006-08-31", "QUINDIO / SALENTO", "HERNÁN DARÍO GIRALDO SUAREZ  (1985) A10; D701; JAIR AUGUSTO RIVERA VILLEGAS  (1979) A10; D701 Víctimas:2", "EJERCITO", "A:1:10 PERSECUCIÓN POLÍTICA:EJECUCIÓN EXTRAJUDICIAL;  D:1:701 PERSONAS:HOMICIDIO INTENCIONAL DE PERSONA PROTEGIDA"
"2007-01-03", "QUINDIO / CALARCÁ / LA VIRGINIA", "EDGAR CAMILO MORENO LASSO  (1993) A10; D701; JOHN FREDY BARRIOS  (1984) A10; D701 Víctimas:2", "EJERCITO", "A:1:10 PERSECUCIÓN POLÍTICA:EJECUCIÓN EXTRAJUDICIAL;  D:1:701 PERSONAS:HOMICIDIO INTENCIONAL DE PERSONA PROTEGIDA"
"2007-01-03", "QUINDIO / CALARCÁ / LA VIRGINIA", "EDGAR CAMILO MORENO LASSO  (1993) A10; D701; JOHN FREDY BARRIOS  (1984) A10; D701 Víctimas:2", "EJERCITO", "A:1:10 PERSECUCIÓN POLÍTICA:EJECUCIÓN EXTRAJUDICIAL;  D:1:701 PERSONAS:HOMICIDIO INTENCIONAL DE PERSONA PROTEGIDA"
"2007-01-14", "QUINDIO / GÉNOVA", "HEIDER ALEGRIA ORTEGA  A10; D701 Víctimas:1", "FUERZA PUBLICA", "A:1:10 PERSECUCIÓN POLÍTICA:EJECUCIÓN EXTRAJUDICIAL;  D:1:701 PERSONAS:HOMICIDIO INTENCIONAL DE PERSONA PROTEGIDA"
"2007-01-17", "QUINDIO / SALENTO", "N N A10; D701; CARLOS ANDRÉS OROZCO  A10; D701 Víctimas:2", "EJERCITO", "A:1:10 PERSECUCIÓN POLÍTICA:EJECUCIÓN EXTRAJUDICIAL;  D:1:701 PERSONAS:HOMICIDIO INTENCIONAL DE PERSONA PROTEGIDA"
"2007-01-17", "QUINDIO / SALENTO", "CARLOS ANDRES OROZCO IDARRAGA  A10; D701; N N A10; D701 Víctimas:2", "FUERZA PUBLICA", "A:1:10 PERSECUCIÓN POLÍTICA:EJECUCIÓN EXTRAJUDICIAL;  D:1:701 PERSONAS:HOMICIDIO INTENCIONAL DE PERSONA PROTEGIDA"
"2007-02-05", "QUINDIO / SALENTO", "SANTIAGO DE JESUS MUÑOZ YEPES  A10; D701 Víctimas:1", "FUERZA PUBLICA", "A:1:10 PERSECUCIÓN POLÍTICA:EJECUCIÓN EXTRAJUDICIAL;  D:1:701 PERSONAS:HOMICIDIO INTENCIONAL DE PERSONA PROTEGIDA"
"2007-02-17", "QUINDIO / FILANDIA", "GUILLERMO LOAIZA  A10; D701; JHON NIETO  A10; D701 Víctimas:2", "FUERZA PUBLICA", "A:1:10 PERSECUCIÓN POLÍTICA:EJECUCIÓN EXTRAJUDICIAL;  D:1:701 PERSONAS:HOMICIDIO INTENCIONAL DE PERSONA PROTEGIDA"
"2007-03-01", "QUINDIO / ARMENIA", "HORACIO DUQUE GIRALDO  A14 Víctimas:1", "FISCALIA", "A:1:14 PERSECUCIÓN POLÍTICA:DETENCIÓN ARBITRARIA"
"2007-03-22", "QUINDIO / CALARCÁ", "JAIME ANDRÉS CARDENAS LONDOÑO  A10; D701; JEISON OSPINA PUBIANO  A10; D701; FABER ALEXÁNDER OSPINA  A10; D701 Víctimas:3", "EJERCITO", "A:1:10 PERSECUCIÓN POLÍTICA:EJECUCIÓN EXTRAJUDICIAL;  D:1:701 PERSONAS:HOMICIDIO INTENCIONAL DE PERSONA PROTEGIDA"
"2007-04-15", "QUINDIO / ARMENIA", "MAURICIO RODRIGUEZ AGUIRRE  A12; A15; D72; D73; A12; A15; D72; D73 Víctimas:1", "PARAMILITARES. PARAMILITARES. SIJIN", "A:1:12 PERSECUCIÓN POLÍTICA:TORTURA;  A:1:15 PERSECUCIÓN POLÍTICA:AMENAZA;  D:1:72 PERSONAS:TORTURA;  D:1:73 PERSONAS:AMENAZA"
"2007-04-16", "QUINDIO / CALARCÁ", "JHON ANTHONY VELÁSQUEZ  (1991) A20; PEDRO LUIS LEAL  (1988) A23; JUAN GABRIEL ZAMBRANO  (1985) A23; ALEXANDER TORRES  (1974) A23; N N A23; N N A23; N N A23; N N A23 Víctimas:8", "EJERCITO", "A:2:20 ABUSO DE AUTORIDAD:EJECUCIÓN EXTRAJUDICIAL;  A:2:23 ABUSO DE AUTORIDAD:LESIÓN FÍSICA"
"2007-05-08", "QUINDIO / ARMENIA", "EXENOBER ESCOBAR RODRÍGUEZ  A10; D701 Víctimas:1", "FUERZA PUBLICA", "A:1:10 PERSECUCIÓN POLÍTICA:EJECUCIÓN EXTRAJUDICIAL;  D:1:701 PERSONAS:HOMICIDIO INTENCIONAL DE PERSONA PROTEGIDA"
"2007-06-05", "QUINDIO / BUENAVISTA", "N N A10; D701; N N A10; D701; JULÍAN DARÍO GAVIRIA CORREAL  A10; D701 Víctimas:3", "EJERCITO", "A:1:10 PERSECUCIÓN POLÍTICA:EJECUCIÓN EXTRAJUDICIAL;  D:1:701 PERSONAS:HOMICIDIO INTENCIONAL DE PERSONA PROTEGIDA"
"2007-08-07", "QUINDIO / ARMENIA", "JOHN JAIRO HERRERA CARVAJAL  A36; A301 Víctimas:1", "POLICÍA", "A:3:36 INTOLERANCIA SOCIAL:TORTURA;  A:3:301 INTOLERANCIA SOCIAL:DETENCIÓN ARBITRARIA"
"2007-08-23", "QUINDIO / BUENAVISTA", "DILMO RAFAEL GALVIS  A10; D701 Víctimas:1", "EJERCITO", "A:1:10 PERSECUCIÓN POLÍTICA:EJECUCIÓN EXTRAJUDICIAL;  D:1:701 PERSONAS:HOMICIDIO INTENCIONAL DE PERSONA PROTEGIDA"
"2007-10-01", "QUINDIO / CALARCÁ / LA BELLA; CAUCA / PATÍA (EL BORDO)", "JORGE IVAN SANCHEZ MORENO  A10; D701; ALEXANDER GAMBOA CARDONA  A10; D701; CARLOS ALBERTO CASTANEDA  A10; D701; WILLIAM GOMEZ MUÑOZ  A15; D73; INTEGRANTES DE LA FAMILIA GÓMEZ (); INTEGRANTES DE LA JUNTA DIRECTIVA DE LA VEREDA LA MESA () Víctimas:4", "EJERCITO. PARAMILITARES", "A:1:10 PERSECUCIÓN POLÍTICA:EJECUCIÓN EXTRAJUDICIAL;  A:1:15 PERSECUCIÓN POLÍTICA:AMENAZA;  A:1:18 PERSECUCIÓN POLÍTICA:COLECTIVO AMENAZADO;  D:1:73 PERSONAS:AMENAZA;  D:1:701 PERSONAS:HOMICIDIO INTENCIONAL DE PERSONA PROTEGIDA;  D:1:706 PERSONAS:COLECTIVO AMENAZADO"
"2007-11-11", "CAUCA / POPAYÁN; QUINDIO / ARMENIA", "RUBEN ANDRES SANCHEZ  A30; JAIME MANUEL BURBANO BURBANO  A15; D73 Víctimas:2", "ESTADO COLOMBIANO. PARAMILITARES", "A:1:15 PERSECUCIÓN POLÍTICA:AMENAZA;  A:3:30 INTOLERANCIA SOCIAL:EJECUCIÓN EXTRAJUDICIAL;  D:1:73 PERSONAS:AMENAZA"
"2007-11-18", "CAUCA / POPAYÁN; QUINDIO / ARMENIA", "JULIO CESAR GIRALDO SALAZAR  A30; JHON EDUARDO JURADO  A15; D73 Víctimas:2", "ESTADO COLOMBIANO. PARAMILITARES", "A:1:15 PERSECUCIÓN POLÍTICA:AMENAZA;  A:3:30 INTOLERANCIA SOCIAL:EJECUCIÓN EXTRAJUDICIAL;  D:1:73 PERSONAS:AMENAZA"
"2007-12-05", "CAUCA / CALOTO; QUINDIO / FILANDIA", "RUBEN DARIO CARDONA CASTRO  A10; A12; D72; D701; FAUSTO FELIPE ALZATE  A10; D701; AQUILINA RIVERA MUSICUE  D93; D98 Víctimas:3", "EJERCITO. FUERZA PUBLICA", "A:1:10 PERSECUCIÓN POLÍTICA:EJECUCIÓN EXTRAJUDICIAL;  A:1:12 PERSECUCIÓN POLÍTICA:TORTURA;  D:1:72 PERSONAS:TORTURA;  D:1:98 PERSONAS:LESIÓN POR OBJETIVOS, MÉTODOS Y MEDIOS ILÍCITOS;  D:1:701 PERSONAS:HOMICIDIO INTENCIONAL DE PERSONA PROTEGIDA;  D:2:93 OBJETIVOS, MÉTODOS Y MÉDIOS ILÍCITOS:EMPLEO ILÍCITO DE ARMAS DE USO RESTRINGIDO;  D:3:93 MÉTODOS:CATEGORIA INEXISTENTE 93"
"2008-01-24", "QUINDIO / CALARCÁ", "CAMPESINOS VEREDA TRAVESÍAS (); CAMPESINOS VEREDA GUAYAQUIL ALTO () Víctimas:0", "PARAMILITARES", "A:1:18 PERSECUCIÓN POLÍTICA:COLECTIVO AMENAZADO;  D:1:706 PERSONAS:COLECTIVO AMENAZADO"
"2008-02-02", "QUINDIO / ARMENIA", "JAIRO GIRALDO  B45 Víctimas:1", "SIN INFORMACIÓN", "B:1:45 PERSECUCIÓN POLÍTICA:AMENAZA"
"2008-02-04", "QUINDIO / QUIMBAYA", "HUGO ALEXANDER VILLADA ARIAS  A20 Víctimas:1", "EJERCITO", "A:2:20 ABUSO DE AUTORIDAD:EJECUCIÓN EXTRAJUDICIAL"
"2008-02-09", "QUINDIO / CALARCÁ / BARCELONA", "CARLOS ANDRES CAMPOS HENAO  (1982) A10; D701 Víctimas:1", "EJERCITO", "A:1:10 PERSECUCIÓN POLÍTICA:EJECUCIÓN EXTRAJUDICIAL;  D:1:701 PERSONAS:HOMICIDIO INTENCIONAL DE PERSONA PROTEGIDA"
"2008-02-09", "QUINDIO / CALARCÁ / BARCELONA", "CARLOS ANDRES CAMPOS HENAO  (1982) A10; D701 Víctimas:1", "EJERCITO", "A:1:10 PERSECUCIÓN POLÍTICA:EJECUCIÓN EXTRAJUDICIAL;  D:1:701 PERSONAS:HOMICIDIO INTENCIONAL DE PERSONA PROTEGIDA"
"2008-02-15", "QUINDIO / ARMENIA", "GEOVANNY LONDOÑO CASTRILLÓN  A30; A36; N N A36 Víctimas:2", "POLICÍA", "A:3:30 INTOLERANCIA SOCIAL:EJECUCIÓN EXTRAJUDICIAL;  A:3:36 INTOLERANCIA SOCIAL:TORTURA"
"2008-02-19", "QUINDIO / CALARCÁ", "FABIO IVÁN GARCÍA FORERO  A30; N N A33 Víctimas:2", "POLICÍA", "A:3:30 INTOLERANCIA SOCIAL:EJECUCIÓN EXTRAJUDICIAL;  A:3:33 INTOLERANCIA SOCIAL:LESIÓN FÍSICA"
"2008-02-28", "QUINDIO / ARMENIA", "LUIS FERNANDO CASTAÑO  A10; D701 Víctimas:1", "EJERCITO", "A:1:10 PERSECUCIÓN POLÍTICA:EJECUCIÓN EXTRAJUDICIAL;  D:1:701 PERSONAS:HOMICIDIO INTENCIONAL DE PERSONA PROTEGIDA"
"2008-02-29", "QUINDIO / CALARCÁ", "GUILLERMO CASTAÑO ARCILA  A15; D73; DIEGO MACÍAS  A15; D73; MAURICIO CUVIDES  A15; D73 Víctimas:3", "PARAMILITARES", "A:1:15 PERSECUCIÓN POLÍTICA:AMENAZA;  D:1:73 PERSONAS:AMENAZA"
"2008-03-02", "QUINDIO / ARMENIA", "DUVIER HUMBERTO CANOA  A30 Víctimas:1", "GRUPOS DE INTOLERANCIA", "A:3:30 INTOLERANCIA SOCIAL:EJECUCIÓN EXTRAJUDICIAL"
"2008-03-03", "QUINDIO / CALARCÁ", "N N A30 Víctimas:1", "GRUPOS DE INTOLERANCIA", "A:3:30 INTOLERANCIA SOCIAL:EJECUCIÓN EXTRAJUDICIAL"
"2008-04-09", "QUINDIO / CALARCÁ / BARCELONA", "DIEGO ALONSO CASTIBLANCO AGUIRRE  (1991) A10; D701 Víctimas:1", "EJERCITO", "A:1:10 PERSECUCIÓN POLÍTICA:EJECUCIÓN EXTRAJUDICIAL;  D:1:701 PERSONAS:HOMICIDIO INTENCIONAL DE PERSONA PROTEGIDA"
"2008-04-09", "QUINDIO / CALARCÁ / BARCELONA", "DIEGO ALONSO CASTIBLANCO AGUIRRE  (1991) A10; D701 Víctimas:1", "EJERCITO", "A:1:10 PERSECUCIÓN POLÍTICA:EJECUCIÓN EXTRAJUDICIAL;  D:1:701 PERSONAS:HOMICIDIO INTENCIONAL DE PERSONA PROTEGIDA"
"2008-04-18", "QUINDIO / SALENTO", "RUBIEL TRUJILLO PARAMO  A10; A12; D72; D701 Víctimas:1", "EJERCITO", "A:1:10 PERSECUCIÓN POLÍTICA:EJECUCIÓN EXTRAJUDICIAL;  A:1:12 PERSECUCIÓN POLÍTICA:TORTURA;  D:1:72 PERSONAS:TORTURA;  D:1:701 PERSONAS:HOMICIDIO INTENCIONAL DE PERSONA PROTEGIDA"
"2008-05-12", "QUINDIO / ARMENIA", "JUVENAL GUZMÁN LEÓN  B50 Víctimas:1", "GRUPOS DE INTOLERANCIA", "B:2:50 INTOLERANCIA SOCIAL:ASESINATO"
"2008-06-21", "QUINDIO / ARMENIA", "N N B50 Víctimas:1", "GRUPOS DE INTOLERANCIA", "B:2:50 INTOLERANCIA SOCIAL:ASESINATO"
"2008-06-24", "QUINDIO / CALARCÁ", "GUILLERMO CASTAÑO ARCILA  A15; D73; DIEGO MACÍAS  A15; D73; MAURICIO CUBIDES  A15; D73 Víctimas:3", "PARAMILITARES", "A:1:15 PERSECUCIÓN POLÍTICA:AMENAZA;  D:1:73 PERSONAS:AMENAZA"
"2008-06-29", "QUINDIO / CALARCÁ / BARCELONA", "MANUEL AUGUSTO TORRES SANCHEZ  (1987) A10; D701 Víctimas:1", "EJERCITO", "A:1:10 PERSECUCIÓN POLÍTICA:EJECUCIÓN EXTRAJUDICIAL;  D:1:701 PERSONAS:HOMICIDIO INTENCIONAL DE PERSONA PROTEGIDA"
"2008-06-29", "QUINDIO / CALARCÁ / BARCELONA", "MANUEL AUGUSTO TORRES SANCHEZ  (1987) A10; D701 Víctimas:1", "EJERCITO", "A:1:10 PERSECUCIÓN POLÍTICA:EJECUCIÓN EXTRAJUDICIAL;  D:1:701 PERSONAS:HOMICIDIO INTENCIONAL DE PERSONA PROTEGIDA"
"2008-07-28", "QUINDIO / CALARCÁ", "MAURICIO CUBIDES VILLA  A15; D73 Víctimas:1", "PARAMILITARES", "A:1:15 PERSECUCIÓN POLÍTICA:AMENAZA;  D:1:73 PERSONAS:AMENAZA"
"2008-07-28", "QUINDIO / CALARCÁ", "MAURICIO CUBIDES VILLA  A15; D73 Víctimas:1", "PARAMILITARES", "A:1:15 PERSECUCIÓN POLÍTICA:AMENAZA;  D:1:73 PERSONAS:AMENAZA"
"2008-09-04", "QUINDIO / CIRCASIA", "DANILO DIAZ FLOREZ  A13; D702; JOHN KENNEDY DIAZ TABARES  A10; D701; GILDARDO ANTONIO PARRA MARULANDA  (1967) A10; D701 Víctimas:3", "EJERCITO", "A:1:10 PERSECUCIÓN POLÍTICA:EJECUCIÓN EXTRAJUDICIAL;  A:1:13 PERSECUCIÓN POLÍTICA:LESIÓN FÍSICA;  D:1:701 PERSONAS:HOMICIDIO INTENCIONAL DE PERSONA PROTEGIDA;  D:1:702 PERSONAS:LESIÓN A PERSONA PROTEGIDA"
"2008-10-20", "QUINDIO / CALARCÁ / BARCELONA", "ROGER ROMAN CORTAZA  (1990) A10; D701 Víctimas:1", "PARAMILITARES", "A:1:10 PERSECUCIÓN POLÍTICA:EJECUCIÓN EXTRAJUDICIAL;  D:1:701 PERSONAS:HOMICIDIO INTENCIONAL DE PERSONA PROTEGIDA"
"2008-10-20", "QUINDIO / CALARCÁ / BARCELONA", "ROGER ROMAN CORTAZA  (1990) A10; D701 Víctimas:1", "PARAMILITARES", "A:1:10 PERSECUCIÓN POLÍTICA:EJECUCIÓN EXTRAJUDICIAL;  D:1:701 PERSONAS:HOMICIDIO INTENCIONAL DE PERSONA PROTEGIDA"
"2008-12-07", "QUINDIO / QUIMBAYA", "RIGOBERTO ARIAS PATIÑO  (1969) A30 Víctimas:1", "PARAMILITARES", "A:3:30 INTOLERANCIA SOCIAL:EJECUCIÓN EXTRAJUDICIAL"
"2008-12-07", "QUINDIO / QUIMBAYA", "RIGOBERTO ARIAS PATIÑO  (1969) A30 Víctimas:1", "PARAMILITARES", "A:3:30 INTOLERANCIA SOCIAL:EJECUCIÓN EXTRAJUDICIAL"
"2008-12-08", "QUINDIO / CALARCÁ", "GIOVANNY JIMENEZ AGUDELO  A12; A15; D72; D73; FAMILIA JIMÉNEZ LLANES () Víctimas:1", "PARAMILITARES", "A:1:12 PERSECUCIÓN POLÍTICA:TORTURA;  A:1:15 PERSECUCIÓN POLÍTICA:AMENAZA;  A:1:102 PERSECUCIÓN POLÍTICA:DESPLAZAMIENTO FORZADO;  D:1:72 PERSONAS:TORTURA;  D:1:73 PERSONAS:AMENAZA;  D:1:903 PERSONAS:DESPLAZAMIENTO FORZADO;  D:3:902 MÉTODOS:CATEGORIA INEXISTENTE 902"
"2008-12-08", "QUINDIO / CALARCÁ", "GIOVANNY JIMENEZ AGUDELO  A12; A15; D72; D73; FAMILIA JIMÉNEZ LLANES () Víctimas:1", "PARAMILITARES", "A:1:12 PERSECUCIÓN POLÍTICA:TORTURA;  A:1:15 PERSECUCIÓN POLÍTICA:AMENAZA;  A:1:102 PERSECUCIÓN POLÍTICA:DESPLAZAMIENTO FORZADO;  D:1:72 PERSONAS:TORTURA;  D:1:73 PERSONAS:AMENAZA;  D:1:903 PERSONAS:DESPLAZAMIENTO FORZADO;  D:3:902 MÉTODOS:CATEGORIA INEXISTENTE 902"
"2008-12-14", "QUINDIO / ARMENIA", "SUPUESTOS DELINCUENTES DEL BARRIO SAN JOSÉ (); SUPUESTOS DELINCUENTES DEL BARRIO CARBONES (); SUPUESTOS DELINCUENTES DEL BARRIO TIGREROS () Víctimas:0", "PARAMILITARES", "A:3:38 INTOLERANCIA SOCIAL:COLECTIVO AMENAZADO"
"2008-12-14", "QUINDIO / ARMENIA", "SUPUESTOS DELINCUENTES DEL BARRIO SAN JOSÉ (); SUPUESTOS DELINCUENTES DEL BARRIO CARBONES (); SUPUESTOS DELINCUENTES DEL BARRIO TIGREROS () Víctimas:0", "PARAMILITARES", "A:3:38 INTOLERANCIA SOCIAL:COLECTIVO AMENAZADO"
"2008-12-15", "QUINDIO / CALARCÁ", "HABITANTES EN SITUACIÓN DE CALLE DEL MUNICIPIO DE CALARCÁ () Víctimas:0", "PARAMILITARES", "A:3:38 INTOLERANCIA SOCIAL:COLECTIVO AMENAZADO"
"2008-12-15", "QUINDIO / CALARCÁ", "PERSONAS EN SITUACIÓN DE CALLE DEL MUNICIPIO DE CALARCÁ () Víctimas:0", "PARAMILITARES", "A:3:38 INTOLERANCIA SOCIAL:COLECTIVO AMENAZADO"
"2009-01-08", "QUINDIO / QUIMBAYA", "RAUL DARIO LONDOÑO TREJOS  (1973) A30 Víctimas:1", "PARAMILITARES", "A:3:30 INTOLERANCIA SOCIAL:EJECUCIÓN EXTRAJUDICIAL"
"2009-01-13", "QUINDIO / ARMENIA", "JUAN CARLOS MARIN  A15; D73; A15; D73; RODRIGO VALLEJO  A15; D73; A15; D73; JOSE ALBERTO GARCIA MARTINEZ  A15; D73; A15; D73; GIOVANNY JIMENEZ AGUDELO  A15; D73; A15; D73; MESA DE ORGANIZACIONES DEFENSORAS DE DERECHOS HUMANOS DEL QUINDÍO () Víctimas:4", "PARAMILITARES. EJERCITO", "A:1:15 PERSECUCIÓN POLÍTICA:AMENAZA;  A:1:18 PERSECUCIÓN POLÍTICA:COLECTIVO AMENAZADO;  D:1:73 PERSONAS:AMENAZA;  D:1:706 PERSONAS:COLECTIVO AMENAZADO"
"2009-01-16", "QUINDIO / SALENTO", "JOSE MARIA HOYOS  (1963) A10; D701; NOE PEÑA NAVARRO  (1969) A10; D701; ISLENA GARCIA VALENCIA  (1991) A10; D701 Víctimas:3", "EJERCITO", "A:1:10 PERSECUCIÓN POLÍTICA:EJECUCIÓN EXTRAJUDICIAL;  D:1:701 PERSONAS:HOMICIDIO INTENCIONAL DE PERSONA PROTEGIDA;  D:3:95 MÉTODOS:CATEGORIA INEXISTENTE 95"
"2009-01-23", "QUINDIO / QUIMBAYA", "CARLOS DUQUE LOPEZ  (1962) A30; A36 Víctimas:1", "PARAMILITARES", "A:3:30 INTOLERANCIA SOCIAL:EJECUCIÓN EXTRAJUDICIAL;  A:3:36 INTOLERANCIA SOCIAL:TORTURA"
"2009-02-08", "QUINDIO / QUIMBAYA", "CRISTIAN CAMILO ALARCON  (1989) A30 Víctimas:1", "PARAMILITARES", "A:3:30 INTOLERANCIA SOCIAL:EJECUCIÓN EXTRAJUDICIAL"
"2009-02-21", "QUINDIO / QUIMBAYA", "JOSE JAVIER DUQUE  A30; SANDRA N.  A30; EXPENDEDORES Y EXPENDEDORAS DE ALUCINÓGENOS () Víctimas:2", "PARAMILITARES", "A:3:30 INTOLERANCIA SOCIAL:EJECUCIÓN EXTRAJUDICIAL;  A:3:38 INTOLERANCIA SOCIAL:COLECTIVO AMENAZADO"
"2009-02-25", "QUINDIO / CÓRDOBA", "CAMPESINOS Y CAMPESINAS DE LA VEREDA LA FLORESTA DEL MUNICIPIO DE CALARCÁ (); CAMPESINOS Y CAMPESINAS DE LA VEREDA MEDIACARA DEL MUNICIPIO DE CÓRDOBA (); CAMPESINOS Y CAMPESINAS DE LA VEREDA SARDINEROS DEL MUNICIPIO DE CÓRDOBA (); CAMPESINOS Y CAMPESINAS DE LA VEREDA GUAYABAL DEL MUNICIPIO DE CÓRDOBA (); CAMPESINOS Y CAMPESINAS DE LA VEREDA LA CONCHA DEL MUNICIPIO DE CÓRDOBA () Víctimas:0", "PARAMILITARES", "A:1:18 PERSECUCIÓN POLÍTICA:COLECTIVO AMENAZADO;  D:1:706 PERSONAS:COLECTIVO AMENAZADO;  D:3:95 MÉTODOS:CATEGORIA INEXISTENTE 95"
"2009-02-28", "QUINDIO / QUIMBAYA", "N.TANGARIFE  (1992) A30; N.TANGARIFE  (1991) A30; N N A30; N N A30; ROCIO N  (1992) A21; RAFAEL PINO  (1977) A21 Víctimas:6", "PARAMILITARES", "A:2:21 ABUSO DE AUTORIDAD:DESAPARICIÓN FORZADA;  A:3:30 INTOLERANCIA SOCIAL:EJECUCIÓN EXTRAJUDICIAL"
"2009-03-05", "QUINDIO / QUIMBAYA", "JULIAN ANDRES CARO BERNAL  (1991) A30 Víctimas:1", "PARAMILITARES", "A:3:30 INTOLERANCIA SOCIAL:EJECUCIÓN EXTRAJUDICIAL"
"2009-03-08", "QUINDIO / ARMENIA", "PRESUNTAS TRABAJADORAS SEXUALES (); MIEMBROS DE LA COMUNIDAD LGTB (); PRESUNTOS CONSUMIDORES DE ALUCINOGENOS (); PRESUNTOS VENDEDORES DE ALUCINOGENOS (); PRESUNTOS LADRONES (); PERSONAS HABITANTES DE LA CALLE () Víctimas:0", "PARAMILITARES", "A:3:38 INTOLERANCIA SOCIAL:COLECTIVO AMENAZADO"
"2009-03-10", "QUINDIO / ARMENIA", "MARITZA N.  A15; D73 Víctimas:1", "ESTADO COLOMBIANO", "A:1:15 PERSECUCIÓN POLÍTICA:AMENAZA;  D:1:73 PERSONAS:AMENAZA"
"2009-03-11", "QUINDIO / CALARCÁ", "NORBEY GAVIRIA LOPEZ  (1955) A30 Víctimas:1", "PARAMILITARES", "A:3:30 INTOLERANCIA SOCIAL:EJECUCIÓN EXTRAJUDICIAL"
"2009-03-13", "QUINDIO / CIRCASIA", "LÍDERES Y LIDEREZAS DE BARRIOS MARGINADOS DE SALENTO (); MARGINADOS Y MARGINADAS DE BARRIOS POPULARES DE SALENTO () Víctimas:0", "POLICÍA. PARAMILITARES", "A:1:18 PERSECUCIÓN POLÍTICA:COLECTIVO AMENAZADO;  A:3:38 INTOLERANCIA SOCIAL:COLECTIVO AMENAZADO;  D:1:706 PERSONAS:COLECTIVO AMENAZADO"
"2009-03-16", "QUINDIO / ARMENIA", "ROSALBA GAVIRIA TORO  (1955) A14; A14 Víctimas:1", "CTI. EJERCITO", "A:1:14 PERSECUCIÓN POLÍTICA:DETENCIÓN ARBITRARIA"
"2009-03-23", "QUINDIO / CALARCÁ", "MARIO DE JESUS CARDONA RODRIGUEZ  (1973) A30 Víctimas:1", "PARAMILITARES", "A:3:30 INTOLERANCIA SOCIAL:EJECUCIÓN EXTRAJUDICIAL"
"2009-04-01", "QUINDIO / CIRCASIA", "ADONAY MONTOYA  (1982) A30 Víctimas:1", "PARAMILITARES", "A:3:30 INTOLERANCIA SOCIAL:EJECUCIÓN EXTRAJUDICIAL"
"2009-04-03", "QUINDIO / CALARCÁ / LA ALBANIA", "OSCAR IVAN GERENA ARDILA  A30 Víctimas:1", "PARAMILITARES", "A:3:30 INTOLERANCIA SOCIAL:EJECUCIÓN EXTRAJUDICIAL"
"2009-04-10", "QUINDIO / CALARCÁ", "DIEGO MACÍAS  A15; D73; CAMPESINOS Y CAMPESINAS ASOCIADOS A SURCOS COMUNITARIOS (); ASOCIADOS Y ASOCIADAS A LA CORPORACIÓN SURCOS COMUNITARIOS (); CAMPESINOS Y CAMPESINAS BENEFICIARIOS DE LA CORPORACIÓN SURCOS COMUNITARIOS () Víctimas:1", "PARAMILITARES", "A:1:15 PERSECUCIÓN POLÍTICA:AMENAZA;  A:1:18 PERSECUCIÓN POLÍTICA:COLECTIVO AMENAZADO;  D:1:73 PERSONAS:AMENAZA;  D:1:706 PERSONAS:COLECTIVO AMENAZADO"
"2009-04-18", "QUINDIO / ARMENIA", "CARLOS ALBERTO OVIEDO ALFARO  B40 Víctimas:1", "SIN INFORMACIÓN", "B:1:40 PERSECUCIÓN POLÍTICA:ASESINATO"
"2009-04-22", "QUINDIO / MONTENEGRO", "HECTOR ELIAS LEAL  A15; D73 Víctimas:1", "PARAMILITARES", "A:1:15 PERSECUCIÓN POLÍTICA:AMENAZA;  D:1:73 PERSONAS:AMENAZA"
"2009-05-02", "QUINDIO / CALARCÁ", "MAURICIO CUBIDES VILLA  A15; D73; CARLOS SABOGAL  A15; D73; YURI MILENA RAMÍREZ  A15; D73 Víctimas:3", "PARAMILITARES", "A:1:15 PERSECUCIÓN POLÍTICA:AMENAZA;  D:1:73 PERSONAS:AMENAZA;  D:3:95 MÉTODOS:CATEGORIA INEXISTENTE 95"
"2009-05-15", "QUINDIO / ARMENIA", "INTEGRANTES DEL BANCO DE DATOS DE DERECHOS HUMANOS Y VIOLENCIA POLÍTICA DEL QUINDÍO () Víctimas:0", "PARAMILITARES. EJERCITO", "A:1:18 PERSECUCIÓN POLÍTICA:COLECTIVO AMENAZADO;  D:1:706 PERSONAS:COLECTIVO AMENAZADO"
"2009-05-20", "QUINDIO / CALARCÁ", "OSCAR HERNAN TORRES  A30 Víctimas:1", "PARAMILITARES", "A:3:30 INTOLERANCIA SOCIAL:EJECUCIÓN EXTRAJUDICIAL"
"2009-07-19", "QUINDIO / CALARCÁ", "ALEJANDRO DE JESÚS VARGAS GRANADA  (1965) A20 Víctimas:1", "POLICÍA", "A:2:20 ABUSO DE AUTORIDAD:EJECUCIÓN EXTRAJUDICIAL"
"2009-07-21", "QUINDIO / LA TEBAIDA", "CAMPESINOS Y CAMPESINOS ASENTADOS EN ÁREA RURAL DE LA TEBAIDA () Víctimas:0", "ESTADO COLOMBIANO", "A:1:18 PERSECUCIÓN POLÍTICA:COLECTIVO AMENAZADO;  D:1:706 PERSONAS:COLECTIVO AMENAZADO"
"2009-07-22", "QUINDIO / ARMENIA", "MARIA DEL CARMEN GIRALDO TORRES  A15; D73; JOSÉ ALFONSO CAICEDO CARDENAS  A15; D73; LUIS EDUARDO AÑEZ DORADO  A15; D73; INTEGRANTES DE LA FAMILIA OROZCO GIRALDO (3) Víctimas:3", "PARAMILITARES", "A:1:15 PERSECUCIÓN POLÍTICA:AMENAZA;  A:1:102 PERSECUCIÓN POLÍTICA:DESPLAZAMIENTO FORZADO;  D:1:73 PERSONAS:AMENAZA;  D:1:903 PERSONAS:DESPLAZAMIENTO FORZADO;  D:3:902 MÉTODOS:CATEGORIA INEXISTENTE 902"
"2009-07-29", "QUINDIO / MONTENEGRO", "MAURICIO RODRIGUEZ AGUIRRE  (1980) A15; D73 Víctimas:1", "PARAMILITARES", "A:1:15 PERSECUCIÓN POLÍTICA:AMENAZA;  D:1:73 PERSONAS:AMENAZA"
"2009-07-31", "QUINDIO / ARMENIA", "GUILLERMO CASTAÑO  A15; D73; MAURICIO CUBIDES VILLA  A15; D73; YESID BELTRAN BAUTISTA  A15; D73 Víctimas:3", "PARAMILITARES", "A:1:15 PERSECUCIÓN POLÍTICA:AMENAZA;  D:1:73 PERSONAS:AMENAZA"
"2009-08-10", "QUINDIO / ARMENIA", "ALIRIO GARCÍA  A14; A14 Víctimas:1", "FISCALIA. EJERCITO", "A:1:14 PERSECUCIÓN POLÍTICA:DETENCIÓN ARBITRARIA"
"2009-08-11", "QUINDIO / LA TEBAIDA", "JESÚS OROZCO LOAIZA  A10; A12; D72; D701; MARÍA LUDIBIA GALLEGO  A10; A12; D72; D701 Víctimas:2", "FUERZAS MILITARES", "A:1:10 PERSECUCIÓN POLÍTICA:EJECUCIÓN EXTRAJUDICIAL;  A:1:12 PERSECUCIÓN POLÍTICA:TORTURA;  D:1:72 PERSONAS:TORTURA;  D:1:701 PERSONAS:HOMICIDIO INTENCIONAL DE PERSONA PROTEGIDA"
"2009-08-27", "QUINDIO / ARMENIA", "JOSÉ BAYARDO  B45 Víctimas:1", "SIN INFORMACIÓN", "B:1:45 PERSECUCIÓN POLÍTICA:AMENAZA"
"2009-08-28", "QUINDIO / ARMENIA", "DIEGO ALEJANDRO PEREA MONTAÑO  A30; A36 Víctimas:1", "POLICÍA", "A:3:30 INTOLERANCIA SOCIAL:EJECUCIÓN EXTRAJUDICIAL;  A:3:36 INTOLERANCIA SOCIAL:TORTURA"
"2009-08-31", "QUINDIO / ARMENIA", "LUIS FERNANDO MARÍN RÍOS  A15; D73 Víctimas:1", "PARAMILITARES", "A:1:15 PERSECUCIÓN POLÍTICA:AMENAZA;  D:1:73 PERSONAS:AMENAZA"
"2009-09-01", "QUINDIO / CALARCÁ", "HUBER ANDRÉS VILLARRAGA MEDINA  (1992) A30 Víctimas:1", "PARAMILITARES", "A:3:30 INTOLERANCIA SOCIAL:EJECUCIÓN EXTRAJUDICIAL"
"2009-09-16", "QUINDIO / ARMENIA", "JUAN SEBASTIÁN SOTO RAMOS  (2001) A20 Víctimas:1", "POLICÍA", "A:2:20 ABUSO DE AUTORIDAD:EJECUCIÓN EXTRAJUDICIAL"
"2009-09-28", "QUINDIO / LA TEBAIDA", "JAVIER CÁRDENAS  A16 Víctimas:1", "PARAMILITARES", "A:1:16 PERSECUCIÓN POLÍTICA:ATENTADO"
"2009-10-03", "QUINDIO / ARMENIA", "JÓVENES QUE FRECUENTAN EL PARQUE SUCRE () Víctimas:0", "POLICÍA. PARAMILITARES", "A:3:38 INTOLERANCIA SOCIAL:COLECTIVO AMENAZADO;  D:3:95 MÉTODOS:CATEGORIA INEXISTENTE 95"
"2009-10-22", "QUINDIO / QUIMBAYA", "JOHNER ALEXÁNDER CATAÑO CARTAGENA  (1992) A30 Víctimas:1", "PARAMILITARES", "A:3:30 INTOLERANCIA SOCIAL:EJECUCIÓN EXTRAJUDICIAL"
"2009-11-24", "QUINDIO / CALARCÁ / QUEBRADANEGRA", "MIEMBROS RESGUARDO INDIGENA EMBERA () Víctimas:0", "EJERCITO", "A:1:18 PERSECUCIÓN POLÍTICA:COLECTIVO AMENAZADO;  D:1:706 PERSONAS:COLECTIVO AMENAZADO;  D:2:80 OBJETIVOS, MÉTODOS Y MÉDIOS ILÍCITOS:BIENES CIVILES"
"2010-02-21", "QUINDIO / ARMENIA", "DIEGO ALEJANDRO JIMENEZ AGUDELO A15; D73 Víctimas:1", "PARAMILITARES", "A:1:15 PERSECUCIÓN POLÍTICA:AMENAZA;  D:1:73 PERSONAS:AMENAZA"
"2010-03-24", "QUINDIO / CALARCÁ / BARCELONA", "LUIS ERNESTO MARTINEZ SUAREZ A10; D701 Víctimas:1", "EJERCITO", "A:1:10 PERSECUCIÓN POLÍTICA:EJECUCIÓN EXTRAJUDICIAL;  D:1:701 PERSONAS:HOMICIDIO INTENCIONAL DE PERSONA PROTEGIDA"
"2010-03-30", "QUINDIO / LA TEBAIDA", "JAVIER CÁRDENAS GIL (1955) A10; D701 Víctimas:1", "ESTADO COLOMBIANO", "A:1:10 PERSECUCIÓN POLÍTICA:EJECUCIÓN EXTRAJUDICIAL;  D:1:701 PERSONAS:HOMICIDIO INTENCIONAL DE PERSONA PROTEGIDA"
"2010-05-02", "QUINDIO / CALARCÁ", "GUILLERMO CASTAÑO ARCILA A15; D73 Víctimas:1", "PARAMILITARES", "A:1:15 PERSECUCIÓN POLÍTICA:AMENAZA;  D:1:73 PERSONAS:AMENAZA"
"2010-05-29", "QUINDIO / ARMENIA", "HABITANTES DEL BARRIO GIBRALTAR EN ARMENIA (0) Víctimas:0", "GRUPOS DE INTOLERANCIA", "B:2:59 INTOLERANCIA SOCIAL:COLECTIVO AMENAZADO"
"2010-06-12", "QUINDIO / LA TEBAIDA", "N N B47; B50 Víctimas:1", "GRUPOS DE INTOLERANCIA", "B:1:47 PERSECUCIÓN POLÍTICA:TORTURA;  B:2:50 INTOLERANCIA SOCIAL:ASESINATO"
"2010-07-15", "QUINDIO / ARMENIA", "ROMMEL HURTADO GARCIA (1944) B40 Víctimas:1", "SIN INFORMACIÓN", "B:1:40 PERSECUCIÓN POLÍTICA:ASESINATO"
"2010-10-10", "QUINDIO / CIRCASIA / PIAMONTE", "DIEGO ALEJANDRO LOAIZA RODRIGUEZ  (1984) A12; A14; A15; D72; D73; N N A12; A14; A15; D72; D73 Víctimas:2", "SIJIN", "A:1:12 PERSECUCIÓN POLÍTICA:TORTURA;  A:1:14 PERSECUCIÓN POLÍTICA:DETENCIÓN ARBITRARIA;  A:1:15 PERSECUCIÓN POLÍTICA:AMENAZA;  D:1:72 PERSONAS:TORTURA;  D:1:73 PERSONAS:AMENAZA"
"2010-10-15", "QUINDIO / MONTENEGRO", "CLEMENTINA GUACA  B48; N. GUACA  B48; N. GUACA  B48 Víctimas:3", "SIN INFORMACIÓN", "B:1:48 PERSECUCIÓN POLÍTICA:RAPTO"
"2011-01-11", "QUINDIO / ARMENIA", "CRISTIAN CUERVO CARDONA  B40 Víctimas:1", "SIN INFORMACIÓN", "B:1:40 PERSECUCIÓN POLÍTICA:ASESINATO"
"2011-01-11", "QUINDIO / CIRCASIA", "VICTOR ALFONSO URREGO DE LA VEGA (1989) A10; D701 Víctimas:1", "PARAMILITARES", "A:1:10 PERSECUCIÓN POLÍTICA:EJECUCIÓN EXTRAJUDICIAL;  D:1:701 PERSONAS:HOMICIDIO INTENCIONAL DE PERSONA PROTEGIDA"
"2011-05-11", "QUINDIO / CIRCASIA", "JOSÉ WILLIAM DUQUE  (1976) B40; ALMA LUCIA DEVIA TORO  B43; N N B45 Víctimas:3", "SIN INFORMACIÓN", "B:1:40 PERSECUCIÓN POLÍTICA:ASESINATO;  B:1:43 PERSECUCIÓN POLÍTICA:LESIÓN FÍSICA;  B:1:45 PERSECUCIÓN POLÍTICA:AMENAZA"
"2011-07-12", "QUINDIO / ARMENIA", "HABITANTES DE LA CALLE DE ARMENIA () Víctimas:0", "GRUPOS DE INTOLERANCIA", "A:3:38 INTOLERANCIA SOCIAL:COLECTIVO AMENAZADO"
"2011-08-20", "QUINDIO / CÓRDOBA", "LAURENTINA TORRES SÁNCHEZ  (1955) A15; D73; A15; D73; MARTIN OSORIO  (1934) A15; D73; A15; D73; ESPOSOS OSORIO TORRES (2) Víctimas:2", "POLICÍA. EJERCITO", "A:1:15 PERSECUCIÓN POLÍTICA:AMENAZA;  A:1:102 PERSECUCIÓN POLÍTICA:DESPLAZAMIENTO FORZADO;  D:1:73 PERSONAS:AMENAZA;  D:1:903 PERSONAS:DESPLAZAMIENTO FORZADO;  D:3:902 MÉTODOS:CATEGORIA INEXISTENTE 902"
"2011-08-20", "QUINDIO / ARMENIA", "DANNY IVONE CORTES  A15; D73 Víctimas:1", "SIJIN", "A:1:15 PERSECUCIÓN POLÍTICA:AMENAZA;  D:1:73 PERSONAS:AMENAZA"
"2011-09-06", "QUINDIO / ARMENIA", "LIDIA BUENO  B45; FAMILIA BUENO BUENO (2); ORGANIZACIÓN REGIONAL INDÍGENA DEL QUINDÍO - ORIQUIN () Víctimas:1", "SIN INFORMACIÓN", "B:1:45 PERSECUCIÓN POLÍTICA:AMENAZA;  B:1:49 PERSECUCIÓN POLÍTICA:COLECTIVO AMENAZADO"
"2011-09-07", "QUINDIO / MONTENEGRO", "HECTOR ELIAS LEAL ARANGO  A15; D73 Víctimas:1", "PARAMILITARES", "A:1:15 PERSECUCIÓN POLÍTICA:AMENAZA;  D:1:73 PERSONAS:AMENAZA;  D:3:95 MÉTODOS:CATEGORIA INEXISTENTE 95"
"2011-10-04", "QUINDIO / SALENTO / CANAÁN", "MINEROS ARTESANALES DE NAVARCO (12); MINEROS ARTESANALES DE CANAÁN BAJO () Víctimas:0", "CTI. EJERCITO", "A:1:18 PERSECUCIÓN POLÍTICA:COLECTIVO AMENAZADO;  D:1:706 PERSONAS:COLECTIVO AMENAZADO"
"2012-01-12", "QUINDIO / MONTENEGRO; QUINDIO / MONTENEGRO", "PERSONA SIN IDENTIFICAR  (1957) B50 Víctimas:1", "GRUPOS DE INTOLERANCIA", "B:2:50 INTOLERANCIA SOCIAL:ASESINATO"
"2012-02-12", "QUINDIO / CALARCÁ", "JHON JAIRO CASTRO MEJIA (1973) A30 Víctimas:1", "PARAMILITARES", "A:3:30 INTOLERANCIA SOCIAL:EJECUCIÓN EXTRAJUDICIAL"
"2012-02-18", "QUINDIO / ARMENIA", "PERSONA SIN IDENTIFICAR  (1987) B50 Víctimas:1", "GRUPOS DE INTOLERANCIA", "B:2:50 INTOLERANCIA SOCIAL:ASESINATO"
"2012-02-21", "QUINDIO / CIRCASIA", "GUSTAVO ADOLFO MORA MEDINA (1991) A30 Víctimas:1", "PARAMILITARES", "A:3:30 INTOLERANCIA SOCIAL:EJECUCIÓN EXTRAJUDICIAL"
"2012-03-01", "QUINDIO / CALARCÁ", "PERSONA SIN IDENTIFICAR  (1952) B50 Víctimas:1", "GRUPOS DE INTOLERANCIA", "B:2:50 INTOLERANCIA SOCIAL:ASESINATO"
"2012-03-12", "QUINDIO / CIRCASIA", "DARWIN MAZO COLORADO (1994) A30 Víctimas:1", "PARAMILITARES", "A:3:30 INTOLERANCIA SOCIAL:EJECUCIÓN EXTRAJUDICIAL"
"2012-03-17", "QUINDIO / MONTENEGRO", "CHRISTIAN DEYBID HERRERA DUQUE (1991) D701; A10; A12; D72; LUIS FERNANDO DIAZ PINTO D701; A10; A12; D72; JAIME RENTERÍA JIMÉNEZ (1979) D701; A10; A12; D72 Víctimas:3", "PARAMILITARES", "A:1:10 PERSECUCIÓN POLÍTICA:EJECUCIÓN EXTRAJUDICIAL;  A:1:12 PERSECUCIÓN POLÍTICA:TORTURA;  D:1:72 PERSONAS:TORTURA;  D:1:701 PERSONAS:HOMICIDIO INTENCIONAL DE PERSONA PROTEGIDA"
"2012-03-21", "QUINDIO / ARMENIA", "JHON FÉLIX HERREÑO CASTILLO (1964) B50 Víctimas:1", "GRUPOS DE INTOLERANCIA", "B:2:50 INTOLERANCIA SOCIAL:ASESINATO"
"2012-03-23", "QUINDIO / QUIMBAYA", "FÁBER ANTONIO NARVÁEZ HENAO (1979) B50 Víctimas:1", "GRUPOS DE INTOLERANCIA", "B:2:50 INTOLERANCIA SOCIAL:ASESINATO"
"2012-04-14", "QUINDIO / ARMENIA", "JOSÉ ELIÉCER CENDALES MARULANDA (1958) B50 Víctimas:1", "GRUPOS DE INTOLERANCIA", "B:2:50 INTOLERANCIA SOCIAL:ASESINATO"
"2012-04-14", "QUINDIO / ARMENIA", "PERSONA SIN IDENTIFICAR  (1962) B50 Víctimas:1", "GRUPOS DE INTOLERANCIA", "B:2:50 INTOLERANCIA SOCIAL:ASESINATO"
"2012-04-22", "QUINDIO / ARMENIA", "ALFONSO CAICEDO D73; A15; LUIS EDUARDO AÑEZ D73; A15; LUZ ADRIANA RAMÍREZ D73; A15; OLGA LUCIA ARISTIZÁBAL D73; A15; PEDRO PABLO CASTRILLÓN D73; A15; GLORIA MATILDE RAMÍREZ D73; A15; CESAR AUGUSTO RAMÍREZ CUARTAS D73; A15; FAMILIA CAICEDO (); FAMILIA AÑEZ (); FAMILIA RAMÍREZ (); FAMILIA ARISTIZÁBAL (); FAMILIA CASTRILLÓN (); FAMILIA RAMÍREZ (); FAMILIA RAMÍREZ CUARTAS () Víctimas:7", "PARAMILITARES", "A:1:15 PERSECUCIÓN POLÍTICA:AMENAZA;  A:1:18 PERSECUCIÓN POLÍTICA:COLECTIVO AMENAZADO;  D:1:73 PERSONAS:AMENAZA;  D:1:706 PERSONAS:COLECTIVO AMENAZADO"
"2012-05-12", "QUINDIO / SALENTO", "COLECTIVO JOVENES CONSUMIDORES DE ESTUPERFACIENTES () Víctimas:0", "PARAMILITARES", "A:3:38 INTOLERANCIA SOCIAL:COLECTIVO AMENAZADO"
"2012-05-19", "QUINDIO / MONTENEGRO", "MARÍA MARYURI PÁEZ (1991) A30; JHON ANDRÉS RESTREPO (1996) A30; HABITANTES DEL MUNICIPIO DE MONTENEGRO () Víctimas:2", "PARAMILITARES", "A:1:18 PERSECUCIÓN POLÍTICA:COLECTIVO AMENAZADO;  A:3:30 INTOLERANCIA SOCIAL:EJECUCIÓN EXTRAJUDICIAL;  D:1:706 PERSONAS:COLECTIVO AMENAZADO"
"2012-06-12", "QUINDIO / ARMENIA", "JOSÉ MAURICIO CORREDOR CEBALLOS (1988) A30 Víctimas:1", "PARAMILITARES", "A:3:30 INTOLERANCIA SOCIAL:EJECUCIÓN EXTRAJUDICIAL"
"2012-07-25", "QUINDIO / QUIMBAYA", "JULIÁN ANDRÉS PÉREZ VEGA A30 Víctimas:1", "PARAMILITARES", "A:3:30 INTOLERANCIA SOCIAL:EJECUCIÓN EXTRAJUDICIAL"
"2012-08-08", "QUINDIO / ARMENIA", "JHON JAIRO HERRERA CARVAJAL (1973) B50 Víctimas:1", "GRUPOS DE INTOLERANCIA", "B:2:50 INTOLERANCIA SOCIAL:ASESINATO"
"2012-08-10", "QUINDIO / ARMENIA", "VÍCTOR LEONEL CORREDOR GARCÍA (1972) B50 Víctimas:1", "GRUPOS DE INTOLERANCIA", "B:2:50 INTOLERANCIA SOCIAL:ASESINATO"
"2012-08-18", "QUINDIO / CÓRDOBA", "BLANCA LUDIVIA HERNANDEZ VELASQUEZ D77; D701; D776 Víctimas:1", "FARC-EP", "D:1:77 PERSONAS:VIOLENCIA SEXUAL;  D:1:701 PERSONAS:HOMICIDIO INTENCIONAL DE PERSONA PROTEGIDA;  D:1:776 PERSONAS:ABUSO SEXUAL"
"2012-08-27", "QUINDIO / ARMENIA", "JULIAN ANDRÉS BOLAÑOS (1978) B50 Víctimas:1", "GRUPOS DE INTOLERANCIA", "B:2:50 INTOLERANCIA SOCIAL:ASESINATO"
"2012-09-03", "QUINDIO / CALARCÁ", "NN ""PATEPALO""  B50 Víctimas:1", "GRUPOS DE INTOLERANCIA", "B:2:50 INTOLERANCIA SOCIAL:ASESINATO"
"2012-09-03", "QUINDIO / CALARCÁ", "JOSÉ OMAR FLOREZ SALAZAR B50 Víctimas:1", "GRUPOS DE INTOLERANCIA", "B:2:50 INTOLERANCIA SOCIAL:ASESINATO"
"2012-09-13", "QUINDIO / ARMENIA", "PERSONA SIN IDENTIFICAR  B50 Víctimas:1", "GRUPOS DE INTOLERANCIA", "B:2:50 INTOLERANCIA SOCIAL:ASESINATO"
"2012-10-17", "QUINDIO / ARMENIA", "JOSÉ ALBEIRO GUTIÉRREZ RODRÍGUEZ (1952) B50 Víctimas:1", "GRUPOS DE INTOLERANCIA", "B:2:50 INTOLERANCIA SOCIAL:ASESINATO"
"2013-01-03", "QUINDIO / LA TEBAIDA", "JOSE BUENAVENTURA BACA GAMBOA (1977) A30 Víctimas:1", "PARAMILITARES", "A:3:30 INTOLERANCIA SOCIAL:EJECUCIÓN EXTRAJUDICIAL"
"2013-01-05", "QUINDIO / LA TEBAIDA", "JORGE HUMBERTO PATIÑO PEÑUELA  (1973) A30 Víctimas:1", "PARAMILITARES", "A:3:30 INTOLERANCIA SOCIAL:EJECUCIÓN EXTRAJUDICIAL"
"2013-01-06", "QUINDIO / CIRCASIA", "SANDRA PATRICIA ORTIZ BUITRAGO (1970) A30 Víctimas:1", "PARAMILITARES", "A:3:30 INTOLERANCIA SOCIAL:EJECUCIÓN EXTRAJUDICIAL"
"2013-01-11", "QUINDIO / PIJAO / LA MARIELA", "BRYAN DAVID MEJIA TRIVIÑO B40; ALEXANDER URREGO CORREA B40 Víctimas:2", "SIN INFORMACIÓN", "B:1:40 PERSECUCIÓN POLÍTICA:ASESINATO"
"2013-01-12", "QUINDIO / ARMENIA / PUERTO ESPEJO", "JOSÉ HERNÁN CASTAÑO LÓPEZ B50 Víctimas:1", "GRUPOS DE INTOLERANCIA", "B:2:50 INTOLERANCIA SOCIAL:ASESINATO"
"2013-01-14", "QUINDIO / CIRCASIA", "HUMBERTO HENAO CELIS  (1981) A30; JUAN CARLOS CASTAÑO MARIN  (1970) A33 Víctimas:2", "PARAMILITARES", "A:3:30 INTOLERANCIA SOCIAL:EJECUCIÓN EXTRAJUDICIAL;  A:3:33 INTOLERANCIA SOCIAL:LESIÓN FÍSICA"
"2013-01-17", "QUINDIO / CIRCASIA", "PERSONA SIN IDENTIFICAR  (2008) A33 Víctimas:1", "PARAMILITARES", "A:3:33 INTOLERANCIA SOCIAL:LESIÓN FÍSICA"
"2013-01-27", "QUINDIO / ARMENIA", "FREIMAR DE JESÚS GÓMEZ (1972) A30; PERSONA SIN IDENTIFICAR  A33 Víctimas:2", "PARAMILITARES", "A:3:30 INTOLERANCIA SOCIAL:EJECUCIÓN EXTRAJUDICIAL;  A:3:33 INTOLERANCIA SOCIAL:LESIÓN FÍSICA"
"2013-01-28", "QUINDIO / LA TEBAIDA", "EDUWIN CARDONA GIRALDO (1979) A30 Víctimas:1", "PARAMILITARES", "A:3:30 INTOLERANCIA SOCIAL:EJECUCIÓN EXTRAJUDICIAL"
"2013-02-01", "QUINDIO / CALARCÁ", "MAURICIO CUBIDES (1983) B45 Víctimas:1", "SIN INFORMACIÓN", "B:1:45 PERSECUCIÓN POLÍTICA:AMENAZA"
"2013-02-05", "QUINDIO / ARMENIA", "ALIPIO PERDOMO PÉREZ (1934) B50 Víctimas:1", "GRUPOS DE INTOLERANCIA", "B:2:50 INTOLERANCIA SOCIAL:ASESINATO"
"2013-02-06", "QUINDIO / CIRCASIA", "VÍCTOR ALFONSO VALENCIA HERNÁNDEZ (1991) A30 Víctimas:1", "PARAMILITARES", "A:3:30 INTOLERANCIA SOCIAL:EJECUCIÓN EXTRAJUDICIAL"
"2013-02-07", "QUINDIO / ARMENIA", "VÍCTOR JIMÉNEZ ROJAS (1974) A30; PERSONA SIN IDENTIFICAR  (2003) A33 Víctimas:2", "PARAMILITARES", "A:3:30 INTOLERANCIA SOCIAL:EJECUCIÓN EXTRAJUDICIAL;  A:3:33 INTOLERANCIA SOCIAL:LESIÓN FÍSICA"
"2013-02-10", "QUINDIO / MONTENEGRO", "JEISON COPETE GARCIA (1994) A30 Víctimas:1", "PARAMILITARES", "A:3:30 INTOLERANCIA SOCIAL:EJECUCIÓN EXTRAJUDICIAL"
"2013-02-15", "QUINDIO / MONTENEGRO", "CLAUDIA PATRICIA COPETE A15; D73; COLECTIVO POBLACIÓN AFRODESCENDIENTE AFRO FUTURO  () Víctimas:1", "PARAMILITARES", "A:1:15 PERSECUCIÓN POLÍTICA:AMENAZA;  A:1:18 PERSECUCIÓN POLÍTICA:COLECTIVO AMENAZADO;  D:1:73 PERSONAS:AMENAZA;  D:1:706 PERSONAS:COLECTIVO AMENAZADO"
"2013-02-16", "QUINDIO / MONTENEGRO / EL CUZCO", "PERSONA SIN IDENTIFICAR  A24; PERSONA SIN IDENTIFICAR  A24; PERSONA SIN IDENTIFICAR  A24; PERSONA SIN IDENTIFICAR  A24; PERSONA SIN IDENTIFICAR  A24; PERSONA SIN IDENTIFICAR  A24; PERSONA SIN IDENTIFICAR  A24; PERSONA SIN IDENTIFICAR  A24; PERSONA SIN IDENTIFICAR  A24; PERSONA SIN IDENTIFICAR  A24; PERSONA SIN IDENTIFICAR  A24; PERSONA SIN IDENTIFICAR  A24; PERSONA SIN IDENTIFICAR  A24; PERSONA SIN IDENTIFICAR  A24; PERSONA SIN IDENTIFICAR  A24; PERSONA SIN IDENTIFICAR  A24; PERSONA SIN IDENTIFICAR  A24 Víctimas:17", "EJERCITO", "A:2:24 ABUSO DE AUTORIDAD:DETENCIÓN ARBITRARIA;  D:3:95 MÉTODOS:CATEGORIA INEXISTENTE 95"
"2013-02-23", "QUINDIO / ARMENIA", "LUIS FERNEY MORENO RUIZ A10; D701 Víctimas:1", "PARAMILITARES", "A:1:10 PERSECUCIÓN POLÍTICA:EJECUCIÓN EXTRAJUDICIAL;  D:1:701 PERSONAS:HOMICIDIO INTENCIONAL DE PERSONA PROTEGIDA"
"2013-02-24", "QUINDIO / ARMENIA", "JULIÁN ANDRÉS VELEZ RAMOS (1981) A30 Víctimas:1", "PARAMILITARES", "A:3:30 INTOLERANCIA SOCIAL:EJECUCIÓN EXTRAJUDICIAL"
"2013-02-25", "QUINDIO / CALARCÁ", "PEDRO HUMBERTO SUAREZ  (1948) A23 Víctimas:1", "POLICÍA", "A:2:23 ABUSO DE AUTORIDAD:LESIÓN FÍSICA"
"2013-03-05", "QUINDIO / MONTENEGRO", "CESAR AUGUSTO HERNÁNDEZ HERRERA (1972) A30 Víctimas:1", "PARAMILITARES", "A:3:30 INTOLERANCIA SOCIAL:EJECUCIÓN EXTRAJUDICIAL"
"2013-03-06", "QUINDIO / FILANDIA", "HUGO ALEJANDRO BERMUDEZ GONZALEZ (1989) A30; A36 Víctimas:1", "PARAMILITARES", "A:3:30 INTOLERANCIA SOCIAL:EJECUCIÓN EXTRAJUDICIAL;  A:3:36 INTOLERANCIA SOCIAL:TORTURA"
"2013-03-09", "QUINDIO / MONTENEGRO", "JULIÁN ANDRÉS VILLANEDA DUQUE (1988) A30 Víctimas:1", "PARAMILITARES", "A:3:30 INTOLERANCIA SOCIAL:EJECUCIÓN EXTRAJUDICIAL"
"2013-03-13", "QUINDIO / ARMENIA", "CESAR ALONSO ARIAS BARBOSA B45; LUZ DARY JARAMILLO B45 Víctimas:2", "SIN INFORMACIÓN", "B:1:45 PERSECUCIÓN POLÍTICA:AMENAZA"
"2013-03-21", "QUINDIO / QUIMBAYA", "JUAN DAVID FRANCO GARCÍA (1983) A30 Víctimas:1", "PARAMILITARES", "A:3:30 INTOLERANCIA SOCIAL:EJECUCIÓN EXTRAJUDICIAL"
"2013-03-26", "QUINDIO / CIRCASIA", "JHON JAROLD PATIÑO MACIAS (1989) A30 Víctimas:1", "PARAMILITARES", "A:3:30 INTOLERANCIA SOCIAL:EJECUCIÓN EXTRAJUDICIAL"
"2013-04-01", "QUINDIO / CIRCASIA", "YOHON ALEXANDER CARDONA CORREA (1987) A30 Víctimas:1", "PARAMILITARES", "A:3:30 INTOLERANCIA SOCIAL:EJECUCIÓN EXTRAJUDICIAL"
"2013-04-04", "QUINDIO / QUIMBAYA", "FRANCISCO ANTONIO RIVERA DAZA (1997) A30 Víctimas:1", "PARAMILITARES", "A:3:30 INTOLERANCIA SOCIAL:EJECUCIÓN EXTRAJUDICIAL"
"2013-04-18", "QUINDIO / ARMENIA", "COLECTIVO JOVENES BARRIO CAÑAS GORDAS (); COLECTIVO JOVENES BARRIO GÉNESIS (); COLECTIVO JOVENES BARRIO LA FLORIDA (); COLECTIVO JOVENES BARRIO PATIO BONITO (); COLECTIVO JOVENES SECTOR PLAZOLETA DEL CENTRO ADMINISTRATIVO MUNICIPAL (CAM) () Víctimas:0", "GRUPOS DE INTOLERANCIA", "B:2:59 INTOLERANCIA SOCIAL:COLECTIVO AMENAZADO"
"2013-04-19", "QUINDIO / MONTENEGRO", "WILMAR YEINER PULIDO HERRERA (1986) A30 Víctimas:1", "PARAMILITARES", "A:3:30 INTOLERANCIA SOCIAL:EJECUCIÓN EXTRAJUDICIAL"
"2013-05-01", "QUINDIO / CALARCÁ", "LAURENTINA TORRES SANCHEZ B45; MARTÍN OSORIO SEGURA (1934) B45; JOHANNA BOCANEGRA (1993) B45; NESTOR FABIAN TORRES SANCHEZ (1986) B45; MATEO TORRES BOCANEGRA (2012) B45 Víctimas:5", "SIN INFORMACIÓN", "B:1:45 PERSECUCIÓN POLÍTICA:AMENAZA"
"2013-05-02", "QUINDIO / LA TEBAIDA", "ALEJANDRO PACHÓN OCAMPO A30 Víctimas:1", "PARAMILITARES", "A:3:30 INTOLERANCIA SOCIAL:EJECUCIÓN EXTRAJUDICIAL"
"2013-05-03", "QUINDIO / CIRCASIA", "COLECTIVO POBLACION LGTBI DE LOS BARRIOS ALTO BONITO, LA ESPAÑOLA, LA ESMERALDA, VILLA NOHEMÍ Y SUS ALREDEDORES. (); COLECTIVO PORTADORES DEL VIH DE LOS BARRIOS ALTO BONITO, LA ESPAÑOLA, LA ESMERALDA, VILLA NOHEMÍ Y SUS ALREDEDORES. (); COLECTIVO MANIFESTANTES DE LOS BARRIOS ALTO BONITO, LA ESPAÑOLA, LA ESMERALDA, VILLA NOHEMÍ Y SUS ALREDEDORES. () Víctimas:0", "SIN INFORMACIÓN", "B:2:59 INTOLERANCIA SOCIAL:COLECTIVO AMENAZADO"
"2013-05-10", "QUINDIO / ARMENIA", "ALIRIO DE JESÚS AGUIRRE RÍOS (1966) A30 Víctimas:1", "PARAMILITARES", "A:3:30 INTOLERANCIA SOCIAL:EJECUCIÓN EXTRAJUDICIAL"
"2013-05-15", "QUINDIO / LA TEBAIDA", "KERLY JOHANA CALPA ROJAS (1997) B45; MARTA LUCIA ROJAS GIRALDO B45; PERSONA SIN IDENTIFICAR  B45 Víctimas:3", "SIN INFORMACIÓN", "B:1:45 PERSECUCIÓN POLÍTICA:AMENAZA"
"2013-05-15", "QUINDIO / CALARCÁ", "IMELDA MOJICONES A15; D73; LESLY NICOLE PASCUA MOJICONES (1997) A15; D73; FAMILIA PASCUA MOJICONES (4) Víctimas:2", "PARAMILITARES", "A:1:15 PERSECUCIÓN POLÍTICA:AMENAZA;  A:1:18 PERSECUCIÓN POLÍTICA:COLECTIVO AMENAZADO;  A:1:102 PERSECUCIÓN POLÍTICA:DESPLAZAMIENTO FORZADO;  D:1:73 PERSONAS:AMENAZA;  D:1:706 PERSONAS:COLECTIVO AMENAZADO;  D:1:903 PERSONAS:DESPLAZAMIENTO FORZADO;  D:3:902 MÉTODOS:CATEGORIA INEXISTENTE 902"
"2013-05-20", "QUINDIO / QUIMBAYA", "ANDRÉS OCAMPO VASCO (1996) A20 Víctimas:1", "POLICÍA", "A:2:20 ABUSO DE AUTORIDAD:EJECUCIÓN EXTRAJUDICIAL"
"2013-05-20", "QUINDIO / MONTENEGRO", "LUIS ALBERTO ACEVEDO CALDERÓN (1971) A30 Víctimas:1", "PARAMILITARES", "A:3:30 INTOLERANCIA SOCIAL:EJECUCIÓN EXTRAJUDICIAL"
"2013-05-23", "QUINDIO / ARMENIA", "RUBEN DARIO RAMOS LONDOÑO (1966) A30; A302; A36 Víctimas:1", "GRUPOS DE INTOLERANCIA", "A:3:30 INTOLERANCIA SOCIAL:EJECUCIÓN EXTRAJUDICIAL;  A:3:36 INTOLERANCIA SOCIAL:TORTURA;  A:3:302 INTOLERANCIA SOCIAL:DESAPARICIÓN FORZADA"
"2013-05-24", "QUINDIO / CALARCÁ", "JOHAN SEBASTIAN CARDONA TAMAYO (1996) B50 Víctimas:1", "GRUPOS DE INTOLERANCIA", "B:2:50 INTOLERANCIA SOCIAL:ASESINATO"
"2013-05-24", "QUINDIO / SALENTO", "FRANQUELINO CALDERON NAVARRO A24; MARINELLA CALDERON BOHORQUEZ A24; HECTOR JOSE CARDENAS A24; SIRO FERNANDO RODRIGUEZ A24 Víctimas:4", "POLICÍA", "A:2:24 ABUSO DE AUTORIDAD:DETENCIÓN ARBITRARIA;  D:3:95 MÉTODOS:CATEGORIA INEXISTENTE 95"
"2013-05-24", "QUINDIO / SALENTO", "FRANQUELINO CALDERON NAVARRO A24; MARINELLA CALDERON BOHORQUEZ A24; HECTOR JOSÉ CARDENAS A24; SIRO FERNANDO RODRIGUEZ A24 Víctimas:4", "POLICÍA", "A:2:24 ABUSO DE AUTORIDAD:DETENCIÓN ARBITRARIA;  D:3:95 MÉTODOS:CATEGORIA INEXISTENTE 95"
"2013-05-29", "QUINDIO / CIRCASIA", "JHON ALEXANDER MEDINA PEÑUELA (1970) A30; PERSONA SIN IDENTIFICAR  (1996) A33 Víctimas:2", "PARAMILITARES", "A:3:30 INTOLERANCIA SOCIAL:EJECUCIÓN EXTRAJUDICIAL;  A:3:33 INTOLERANCIA SOCIAL:LESIÓN FÍSICA"
"2013-06-04", "QUINDIO / MONTENEGRO", "DANIEL FELIPE CAÑÓN CASTAÑEDA (1996) A30 Víctimas:1", "PARAMILITARES", "A:3:30 INTOLERANCIA SOCIAL:EJECUCIÓN EXTRAJUDICIAL"
"2013-06-09", "QUINDIO / CIRCASIA", "CARLOS HUMBERTO CASTRO CASTAÑO (1978) A30 Víctimas:1", "PARAMILITARES", "A:3:30 INTOLERANCIA SOCIAL:EJECUCIÓN EXTRAJUDICIAL"
"2013-06-18", "QUINDIO / CIRCASIA", "ROSA LILIA MARTÍNEZ A15; D73; FAMILIA MARTÍNEZ () Víctimas:1", "PARAMILITARES", "A:1:15 PERSECUCIÓN POLÍTICA:AMENAZA;  A:1:18 PERSECUCIÓN POLÍTICA:COLECTIVO AMENAZADO;  A:1:102 PERSECUCIÓN POLÍTICA:DESPLAZAMIENTO FORZADO;  D:1:73 PERSONAS:AMENAZA;  D:1:706 PERSONAS:COLECTIVO AMENAZADO;  D:1:903 PERSONAS:DESPLAZAMIENTO FORZADO;  D:3:902 MÉTODOS:CATEGORIA INEXISTENTE 902"
"2013-06-25", "QUINDIO / LA TEBAIDA", "CESAR AUGUSTO MANRIQUE LOPEZ (1990) A30 Víctimas:1", "PARAMILITARES", "A:3:30 INTOLERANCIA SOCIAL:EJECUCIÓN EXTRAJUDICIAL"
"2013-07-12", "QUINDIO / MONTENEGRO", "VICTOR FABIAN MUÑOZ LOAIZA (1990) A30 Víctimas:1", "PARAMILITARES", "A:3:30 INTOLERANCIA SOCIAL:EJECUCIÓN EXTRAJUDICIAL"
"2013-07-15", "QUINDIO / MONTENEGRO / PUEBLO TAPADO", "CARLOS EVELIO HOYOS MARTÍNEZ B45 Víctimas:1", "SIN INFORMACIÓN", "B:1:45 PERSECUCIÓN POLÍTICA:AMENAZA"
"2013-08-04", "QUINDIO / ARMENIA", "PERSONA SIN IDENTIFICAR  (1977) A33; PERSONA SIN IDENTIFICAR  (2001) A33 Víctimas:2", "PARAMILITARES", "A:3:33 INTOLERANCIA SOCIAL:LESIÓN FÍSICA;  D:2:80 OBJETIVOS, MÉTODOS Y MÉDIOS ILÍCITOS:BIENES CIVILES"
"2013-08-09", "QUINDIO / CALARCÁ", "OSCAR HERNEY PUENTES (1978) A30 Víctimas:1", "PARAMILITARES", "A:3:30 INTOLERANCIA SOCIAL:EJECUCIÓN EXTRAJUDICIAL"
"2013-08-12", "QUINDIO / ARMENIA", "LUIS FERNANDO MARÍN HERNÁNDEZ (1978) A30 Víctimas:1", "PARAMILITARES", "A:3:30 INTOLERANCIA SOCIAL:EJECUCIÓN EXTRAJUDICIAL"
"2013-08-15", "QUINDIO / ARMENIA", "GIOVANNY ANDRES BEJARANO GARCIA A23; A25; PERSONA SIN IDENTIFICAR  A25 Víctimas:2", "POLICÍA", "A:2:23 ABUSO DE AUTORIDAD:LESIÓN FÍSICA;  A:2:25 ABUSO DE AUTORIDAD:AMENAZA"
"2013-08-16", "QUINDIO / QUIMBAYA", "PERSONA SIN IDENTIFICAR  (1983) A30 Víctimas:1", "PARAMILITARES", "A:3:30 INTOLERANCIA SOCIAL:EJECUCIÓN EXTRAJUDICIAL"
"2013-08-18", "QUINDIO / QUIMBAYA", "JHON FABER FERNANDEZ RESTREPO (1985) A30 Víctimas:1", "PARAMILITARES", "A:3:30 INTOLERANCIA SOCIAL:EJECUCIÓN EXTRAJUDICIAL"
"2013-08-30", "QUINDIO / MONTENEGRO", "NORBEY DUARTE GOMEZ (1977) A30 Víctimas:1", "PARAMILITARES", "A:3:30 INTOLERANCIA SOCIAL:EJECUCIÓN EXTRAJUDICIAL"
"2013-09-01", "QUINDIO / ARMENIA", "JOSE YEIMI ARIAS MARTINEZ (1980) A30; PERSONA SIN IDENTIFICAR  A33; PERSONA SIN IDENTIFICAR  A33 Víctimas:3", "PARAMILITARES", "A:3:30 INTOLERANCIA SOCIAL:EJECUCIÓN EXTRAJUDICIAL;  A:3:33 INTOLERANCIA SOCIAL:LESIÓN FÍSICA"
"2013-09-02", "QUINDIO / ARMENIA", "COLECTIVO CONSUMIDORES DE ESTUPEFACIENTES (); COLECTIVO JOVENES BARRIO LA COLINA () Víctimas:0", "PARAMILITARES", "A:3:38 INTOLERANCIA SOCIAL:COLECTIVO AMENAZADO"
"2013-09-05", "QUINDIO / CALARCÁ", "EDUARDO RUIZ BENITEZ (1983) A30 Víctimas:1", "PARAMILITARES", "A:3:30 INTOLERANCIA SOCIAL:EJECUCIÓN EXTRAJUDICIAL"
"2013-09-07", "QUINDIO / ARMENIA", "JEISON DAVID OCAMPO HERNANDEZ (1989) A20 Víctimas:1", "POLICÍA", "A:2:20 ABUSO DE AUTORIDAD:EJECUCIÓN EXTRAJUDICIAL"
"2013-10-08", "QUINDIO / CALARCÁ", "JERSON CLEIDEN RUBIO GOMEZ (1997) A30; LUIS FABIAN RUBIO MARQUEZ (1989) A33 Víctimas:2", "PARAMILITARES", "A:3:30 INTOLERANCIA SOCIAL:EJECUCIÓN EXTRAJUDICIAL;  A:3:33 INTOLERANCIA SOCIAL:LESIÓN FÍSICA"
"2013-10-15", "QUINDIO / MONTENEGRO", "FABIAN HERRERA VALDERRAMA (1976) A30; LUIS FERNEY BETANCOURT PALACIO (1965) A30 Víctimas:2", "PARAMILITARES", "A:3:30 INTOLERANCIA SOCIAL:EJECUCIÓN EXTRAJUDICIAL"
"2013-10-17", "QUINDIO / ARMENIA", "OSCAR CORTES BAENA (1973) B40 Víctimas:1", "SIN INFORMACIÓN", "B:1:40 PERSECUCIÓN POLÍTICA:ASESINATO"
"2013-10-25", "QUINDIO / CIRCASIA", "HERNANDO CASTAÑO LOAIZA (1963) B50 Víctimas:1", "GRUPOS DE INTOLERANCIA", "B:2:50 INTOLERANCIA SOCIAL:ASESINATO"
"2013-10-30", "QUINDIO / GÉNOVA", "EDIER OTERO B40; LUZ DARY JARAMILLO B45; MOVIMIENTO POLÍTICO Y SOCIAL MARCHA PATRIÓTICA () Víctimas:2", "SIN INFORMACIÓN", "B:1:40 PERSECUCIÓN POLÍTICA:ASESINATO;  B:1:45 PERSECUCIÓN POLÍTICA:AMENAZA;  B:1:49 PERSECUCIÓN POLÍTICA:COLECTIVO AMENAZADO"
"2013-11-01", "QUINDIO / CIRCASIA", "ANA ISABEL VALENCIA B40; MOVIMIENTO POLÍTICO Y SOCIAL MARCHA PATRIÓTICA () Víctimas:1", "SIN INFORMACIÓN", "B:1:40 PERSECUCIÓN POLÍTICA:ASESINATO;  B:1:49 PERSECUCIÓN POLÍTICA:COLECTIVO AMENAZADO"
"2013-11-02", "QUINDIO / MONTENEGRO", "EDWARD ALEXANDER OSPINA URIBE (1979) B50 Víctimas:1", "GRUPOS DE INTOLERANCIA", "B:2:50 INTOLERANCIA SOCIAL:ASESINATO"
"2013-11-03", "QUINDIO / PIJAO", "JACQUELINE MARTÍNEZ CASTRILLÓN (1979) A30; HABITANTES BARRIO LA PLAYITA () Víctimas:1", "PARAMILITARES", "A:3:30 INTOLERANCIA SOCIAL:EJECUCIÓN EXTRAJUDICIAL;  A:3:38 INTOLERANCIA SOCIAL:COLECTIVO AMENAZADO"
"2013-12-11", "QUINDIO / CALARCÁ", "PERSONA SIN IDENTIFICAR ""DIEGO GÓMEZ"" (1975) B50 Víctimas:1", "GRUPOS DE INTOLERANCIA", "B:2:50 INTOLERANCIA SOCIAL:ASESINATO"
"2013-12-20", "QUINDIO / ARMENIA", "PERSONA SIN IDENTIFICAR  B50 Víctimas:1", "GRUPOS DE INTOLERANCIA", "B:2:50 INTOLERANCIA SOCIAL:ASESINATO"
"2013-12-29", "QUINDIO / PIJAO", "FIDEL TORRES GUTIÉRREZ  A15; D73 Víctimas:1", "PARAMILITARES", "A:1:15 PERSECUCIÓN POLÍTICA:AMENAZA;  D:1:73 PERSONAS:AMENAZA"
"2014-01-09", "QUINDIO / ARMENIA", "ELVIS OSORIO RIOS A30 Víctimas:1", "PARAMILITARES", "A:3:30 INTOLERANCIA SOCIAL:EJECUCIÓN EXTRAJUDICIAL"
"2014-01-14", "QUINDIO / ARMENIA", "URIEL ARANGO SOSA (1988) B50 Víctimas:1", "GRUPOS DE INTOLERANCIA", "B:2:50 INTOLERANCIA SOCIAL:ASESINATO"
"2014-01-27", "QUINDIO / ARMENIA", "DIEGO FERNANDO GALLEGO MONTES (1987) A30 Víctimas:1", "PARAMILITARES", "A:3:30 INTOLERANCIA SOCIAL:EJECUCIÓN EXTRAJUDICIAL"
"2014-01-28", "QUINDIO / CIRCASIA", "LUIS GERARDO RESTREPO ARRUBLA (1997) A30; JOVENES BARRIO EL POBLADO () Víctimas:1", "PARAMILITARES", "A:3:30 INTOLERANCIA SOCIAL:EJECUCIÓN EXTRAJUDICIAL;  A:3:38 INTOLERANCIA SOCIAL:COLECTIVO AMENAZADO"
"2014-02-02", "QUINDIO / ARMENIA", "CESAR ARIAS A15; D73; MOVIMIENTO POLÍTICO Y SOCIAL MARCHA PATRIÓTICA (); ASOCIACIÓN DE DESPLAZADOS DEL QUINDÍO () Víctimas:1", "PARAMILITARES", "A:1:15 PERSECUCIÓN POLÍTICA:AMENAZA;  A:1:18 PERSECUCIÓN POLÍTICA:COLECTIVO AMENAZADO;  D:1:73 PERSONAS:AMENAZA;  D:1:706 PERSONAS:COLECTIVO AMENAZADO"
"2014-02-04", "QUINDIO / MONTENEGRO", "RAMÓN ELÍAS ÁLVAREZ CIFUENTES (1967) A13; A15; D73; D702; MARÍA RUBIELA ALVAREZ A15; D73; PERSONA SIN IDENTIFICAR  A15; D73; FAMILIA ALVAREZ CIFUENTES () Víctimas:3", "PARAMILITARES", "A:1:13 PERSECUCIÓN POLÍTICA:LESIÓN FÍSICA;  A:1:15 PERSECUCIÓN POLÍTICA:AMENAZA;  A:1:102 PERSECUCIÓN POLÍTICA:DESPLAZAMIENTO FORZADO;  D:1:73 PERSONAS:AMENAZA;  D:1:702 PERSONAS:LESIÓN A PERSONA PROTEGIDA;  D:1:903 PERSONAS:DESPLAZAMIENTO FORZADO;  D:2:80 OBJETIVOS, MÉTODOS Y MÉDIOS ILÍCITOS:BIENES CIVILES;  D:3:902 MÉTODOS:CATEGORIA INEXISTENTE 902"
"2014-02-04", "QUINDIO / LA TEBAIDA", "EDGAR BEDRAÍL ALVARADO GALINDEZ A15; D73; COMUNIDAD SECTOR DE CIUDAD JARDÍN () Víctimas:1", "PARAMILITARES", "A:1:15 PERSECUCIÓN POLÍTICA:AMENAZA;  A:1:18 PERSECUCIÓN POLÍTICA:COLECTIVO AMENAZADO;  D:1:73 PERSONAS:AMENAZA;  D:1:706 PERSONAS:COLECTIVO AMENAZADO"
"2014-02-21", "QUINDIO / ARMENIA", "OSWALDO LOAIZA RAMIREZ (1993) A30; PERONA SIN IDENTIFICAR  A33 Víctimas:2", "PARAMILITARES", "A:3:30 INTOLERANCIA SOCIAL:EJECUCIÓN EXTRAJUDICIAL;  A:3:33 INTOLERANCIA SOCIAL:LESIÓN FÍSICA"
"2014-02-23", "QUINDIO / ARMENIA", "GILBERTO ACOSTA ARCILA (1959) A30 Víctimas:1", "PARAMILITARES", "A:3:30 INTOLERANCIA SOCIAL:EJECUCIÓN EXTRAJUDICIAL"
"2014-03-01", "QUINDIO / MONTENEGRO", "CARLOS ANDRÉS PESCADOR JIMENEZ (1986) A30; JOVENES BARRIO ALASKA () Víctimas:1", "PARAMILITARES", "A:3:30 INTOLERANCIA SOCIAL:EJECUCIÓN EXTRAJUDICIAL;  A:3:38 INTOLERANCIA SOCIAL:COLECTIVO AMENAZADO"
"2014-03-10", "QUINDIO / ARMENIA", "HECTOR DAMIAN RETAVISTA CARDONA (1988) A30; URIEL SANCHEZ ALVARAN (1988) A30 Víctimas:2", "PARAMILITARES", "A:3:30 INTOLERANCIA SOCIAL:EJECUCIÓN EXTRAJUDICIAL"
"2014-04-04", "QUINDIO / ARMENIA", "JHONATAN STEVEN PEDRIZA HERNANDEZ (1997) A30; PERSONA SIN IDENTIFICAR  A33 Víctimas:2", "PARAMILITARES", "A:3:30 INTOLERANCIA SOCIAL:EJECUCIÓN EXTRAJUDICIAL;  A:3:33 INTOLERANCIA SOCIAL:LESIÓN FÍSICA"
"2014-04-09", "QUINDIO / QUIMBAYA", "JHON JAIVER MEDINA FORERO (1995) A30 Víctimas:1", "PARAMILITARES", "A:3:30 INTOLERANCIA SOCIAL:EJECUCIÓN EXTRAJUDICIAL"
"2014-04-09", "QUINDIO / LA TEBAIDA", "JOSÉ FERNANDO HERNÁNDEZ (1970) A10; D701; MARTHA LUCIA ROJAS GIRALDO A15; D73 Víctimas:2", "PARAMILITARES", "A:1:10 PERSECUCIÓN POLÍTICA:EJECUCIÓN EXTRAJUDICIAL;  A:1:15 PERSECUCIÓN POLÍTICA:AMENAZA;  D:1:73 PERSONAS:AMENAZA;  D:1:701 PERSONAS:HOMICIDIO INTENCIONAL DE PERSONA PROTEGIDA"
"2014-04-15", "QUINDIO / CIRCASIA", "CINCO FAMILIAS QUE HABITAN EL BARRIO EL BOSQUE (25) Víctimas:0", "PARAMILITARES", "A:1:18 PERSECUCIÓN POLÍTICA:COLECTIVO AMENAZADO;  A:1:102 PERSECUCIÓN POLÍTICA:DESPLAZAMIENTO FORZADO;  D:1:706 PERSONAS:COLECTIVO AMENAZADO;  D:1:903 PERSONAS:DESPLAZAMIENTO FORZADO;  D:3:902 MÉTODOS:CATEGORIA INEXISTENTE 902"
"2014-04-24", "QUINDIO / ARMENIA", "BRAYAN FELIPE ECHEVERRY CARDONA (1995) B50; PEDRO FUENTES RENDÓN (1992) B50; N N (1997) B53; JOVENES BARRIO SIMÓN BOLÍVAR () Víctimas:3", "GRUPOS DE INTOLERANCIA", "B:2:50 INTOLERANCIA SOCIAL:ASESINATO;  B:2:53 INTOLERANCIA SOCIAL:LESIÓN FÍSICA;  B:2:59 INTOLERANCIA SOCIAL:COLECTIVO AMENAZADO"
"2014-04-25", "QUINDIO / QUIMBAYA", "MARIA ESTER ARBOLEDA  B50 Víctimas:1", "GRUPOS DE INTOLERANCIA", "B:2:50 INTOLERANCIA SOCIAL:ASESINATO"
"2014-05-01", "QUINDIO / QUIMBAYA", "CARLOS ARTURO MONA LOPEZ (1972) A30 Víctimas:1", "PARAMILITARES", "A:3:30 INTOLERANCIA SOCIAL:EJECUCIÓN EXTRAJUDICIAL"
"2014-05-02", "QUINDIO / CALARCÁ", "FABIÁN ANDRÉS ESTRADA JIMENEZ (1996) A30 Víctimas:1", "PARAMILITARES", "A:3:30 INTOLERANCIA SOCIAL:EJECUCIÓN EXTRAJUDICIAL"
"2014-05-08", "QUINDIO / CALARCÁ", "YEFFERSON ALEXIS CUERVO ALVAREZ (1993) A30 Víctimas:1", "PARAMILITARES", "A:3:30 INTOLERANCIA SOCIAL:EJECUCIÓN EXTRAJUDICIAL"
"2014-06-05", "QUINDIO / CALARCÁ", "ENRIQUE CUBIDES GALINDO (1996) B50 Víctimas:1", "GRUPOS DE INTOLERANCIA", "B:2:50 INTOLERANCIA SOCIAL:ASESINATO"
"2014-06-05", "QUINDIO / ARMENIA", "ENDEIVER LEANDRO ACOSTA (1986) A30; PERSONA SIN IDENTIFICAR  A33; PERSONA SIN IDENTIFICAR  A33; PERSONA SIN IDENTIFICAR  A33 Víctimas:4", "PARAMILITARES", "A:3:30 INTOLERANCIA SOCIAL:EJECUCIÓN EXTRAJUDICIAL;  A:3:33 INTOLERANCIA SOCIAL:LESIÓN FÍSICA"
"2014-06-08", "QUINDIO / QUIMBAYA", "VICTOR ANDRÉS ACEVEDO VEGA (2000) B50 Víctimas:1", "GRUPOS DE INTOLERANCIA", "B:2:50 INTOLERANCIA SOCIAL:ASESINATO"
"2014-06-16", "QUINDIO / LA TEBAIDA", "MARTHA LUCIA ROJAS GIRALDO A15; D73; LUZ E. ROMERO A15; D73; EFRAÍN SÁNCHEZ A15; D73; AMALIA URBANO A15; D73; FAMILIA ROJAS GIRALDO (); FAMILIA ROMERO (); FAMILIA SÁNCHEZ (); FAMILIA URBANO () Víctimas:4", "PARAMILITARES", "A:1:15 PERSECUCIÓN POLÍTICA:AMENAZA;  A:1:18 PERSECUCIÓN POLÍTICA:COLECTIVO AMENAZADO;  A:1:102 PERSECUCIÓN POLÍTICA:DESPLAZAMIENTO FORZADO;  D:1:73 PERSONAS:AMENAZA;  D:1:706 PERSONAS:COLECTIVO AMENAZADO;  D:1:903 PERSONAS:DESPLAZAMIENTO FORZADO;  D:2:80 OBJETIVOS, MÉTODOS Y MÉDIOS ILÍCITOS:BIENES CIVILES;  D:3:902 MÉTODOS:CATEGORIA INEXISTENTE 902"
"2014-06-19", "QUINDIO / CIRCASIA", "PEDRO ELIAS ZAMBRANO HERNANDEZ (1949) B40 Víctimas:1", "SIN INFORMACIÓN", "B:1:40 PERSECUCIÓN POLÍTICA:ASESINATO"
"2014-07-07", "QUINDIO / QUIMBAYA", "ADALBERTO GRAJALES GÓMEZ (1950) B40 Víctimas:1", "SIN INFORMACIÓN", "B:1:40 PERSECUCIÓN POLÍTICA:ASESINATO"
"2014-07-09", "QUINDIO / ARMENIA", "ALBERTO LONDOÑO B45; HABITANTES FINCA EL PLACER () Víctimas:1", "SIN INFORMACIÓN", "B:1:45 PERSECUCIÓN POLÍTICA:AMENAZA;  B:1:49 PERSECUCIÓN POLÍTICA:COLECTIVO AMENAZADO"
"2014-08-11", "QUINDIO / LA TEBAIDA", "ROBINSON GIL GIL (1989) B50 Víctimas:1", "GRUPOS DE INTOLERANCIA", "B:2:50 INTOLERANCIA SOCIAL:ASESINATO"
"2014-09-01", "QUINDIO / QUIMBAYA", "STEFANY ALEJANDRA RODRIGUEZ PALACIOS (1995) A30; JUAN PABLO GARCÍA RAMIREZ (1994) A30 Víctimas:2", "PARAMILITARES", "A:3:30 INTOLERANCIA SOCIAL:EJECUCIÓN EXTRAJUDICIAL"
"2014-09-12", "QUINDIO / ARMENIA", "ANCIZAR RUIZ CEBALLOS (1942) A10; D701; A11; MOVIMIENTO POLÍTICO Y SOCIAL MARCHA PATRIOTICA () Víctimas:1", "PARAMILITARES", "A:1:10 PERSECUCIÓN POLÍTICA:EJECUCIÓN EXTRAJUDICIAL;  A:1:11 PERSECUCIÓN POLÍTICA:DESAPARICIÓN FORZADA;  A:1:18 PERSECUCIÓN POLÍTICA:COLECTIVO AMENAZADO;  D:1:701 PERSONAS:HOMICIDIO INTENCIONAL DE PERSONA PROTEGIDA;  D:1:706 PERSONAS:COLECTIVO AMENAZADO"
"2014-09-19", "QUINDIO / LA TEBAIDA", "PEDRO PABLO ARBELAEZ (1954) A10; D701 Víctimas:1", "PARAMILITARES", "A:1:10 PERSECUCIÓN POLÍTICA:EJECUCIÓN EXTRAJUDICIAL;  D:1:701 PERSONAS:HOMICIDIO INTENCIONAL DE PERSONA PROTEGIDA"
"2014-09-25", "QUINDIO / LA TEBAIDA", "CARLOS ALBERTO BLANDON TAVERA (1986) A30 Víctimas:1", "PARAMILITARES", "A:3:30 INTOLERANCIA SOCIAL:EJECUCIÓN EXTRAJUDICIAL"
"2014-10-02", "QUINDIO / QUIMBAYA", "DAVINSON ARLEY GUISAO CASTAÑEDA (1996) A30; A36 Víctimas:1", "PARAMILITARES", "A:3:30 INTOLERANCIA SOCIAL:EJECUCIÓN EXTRAJUDICIAL;  A:3:36 INTOLERANCIA SOCIAL:TORTURA"
"2014-10-19", "QUINDIO / LA TEBAIDA", "SEBASTIAN SANCHEZ GRAJALES (1990) A30 Víctimas:1", "PARAMILITARES", "A:3:30 INTOLERANCIA SOCIAL:EJECUCIÓN EXTRAJUDICIAL"
"2014-10-21", "QUINDIO / GÉNOVA", "ANTONIO JOSÉ OSORIO MOSCOSO (1958) B50 Víctimas:1", "GRUPOS DE INTOLERANCIA", "B:2:50 INTOLERANCIA SOCIAL:ASESINATO"
"2014-10-29", "QUINDIO / CALARCÁ", "EXEHOMO BONILLA SOSSA (1988) B50 Víctimas:1", "GRUPOS DE INTOLERANCIA", "B:2:50 INTOLERANCIA SOCIAL:ASESINATO"
"2014-10-30", "QUINDIO / QUIMBAYA", "EFRAIN VELASCO BALCAZAR (1968) D701; A10; ORGANIZACIÓN NO GUBERNAMENTAL MANOS UNIDAS POR COLOMBIA () Víctimas:1", "PARAMILITARES", "A:1:10 PERSECUCIÓN POLÍTICA:EJECUCIÓN EXTRAJUDICIAL;  A:1:18 PERSECUCIÓN POLÍTICA:COLECTIVO AMENAZADO;  D:1:701 PERSONAS:HOMICIDIO INTENCIONAL DE PERSONA PROTEGIDA;  D:1:706 PERSONAS:COLECTIVO AMENAZADO"
"2014-11-02", "QUINDIO / ARMENIA", "DIEZ FAMILIAS DEL BARRIO LOS FARALLONES (50) Víctimas:0", "PARAMILITARES", "A:1:18 PERSECUCIÓN POLÍTICA:COLECTIVO AMENAZADO;  A:1:102 PERSECUCIÓN POLÍTICA:DESPLAZAMIENTO FORZADO;  D:1:706 PERSONAS:COLECTIVO AMENAZADO;  D:1:903 PERSONAS:DESPLAZAMIENTO FORZADO;  D:3:902 MÉTODOS:CATEGORIA INEXISTENTE 902"
"2014-11-02", "QUINDIO / LA TEBAIDA", "JUAN CARLOS PEREZ (1984) A30 Víctimas:1", "PARAMILITARES", "A:3:30 INTOLERANCIA SOCIAL:EJECUCIÓN EXTRAJUDICIAL"
"2014-11-02", "QUINDIO / ARMENIA", "JOSE WILMAR OSPINA USMA A30; PERSONA SIN IDENTIFICAR  A33 Víctimas:2", "PARAMILITARES", "A:3:30 INTOLERANCIA SOCIAL:EJECUCIÓN EXTRAJUDICIAL;  A:3:33 INTOLERANCIA SOCIAL:LESIÓN FÍSICA"
"2014-11-02", "QUINDIO / ARMENIA", "VICTOR ALFONSO CAPERA RENDON (1989) A30 Víctimas:1", "PARAMILITARES", "A:3:30 INTOLERANCIA SOCIAL:EJECUCIÓN EXTRAJUDICIAL"
"2014-11-04", "QUINDIO / QUIMBAYA", "JAMES HERRERA ORREGO (1970) A30; FABIÁN ANDRÉS DUQUE A33; DIDIER SALAZAR GUTIERREZ A33 Víctimas:3", "PARAMILITARES", "A:3:30 INTOLERANCIA SOCIAL:EJECUCIÓN EXTRAJUDICIAL;  A:3:33 INTOLERANCIA SOCIAL:LESIÓN FÍSICA"
"2014-11-05", "QUINDIO / QUIMBAYA", "PERSONA SIN IDENTIFICAR  A30 Víctimas:1", "PARAMILITARES", "A:3:30 INTOLERANCIA SOCIAL:EJECUCIÓN EXTRAJUDICIAL"
"2014-11-07", "QUINDIO / MONTENEGRO", "DANIEL MAURICIO OCAMPO PACHECO (1993) A10; D701 Víctimas:1", "PARAMILITARES", "A:1:10 PERSECUCIÓN POLÍTICA:EJECUCIÓN EXTRAJUDICIAL;  D:1:701 PERSONAS:HOMICIDIO INTENCIONAL DE PERSONA PROTEGIDA"
"2014-11-16", "QUINDIO / ARMENIA", "WILMAR RODRIGUEZ RAMIREZ (1965) A30 Víctimas:1", "PARAMILITARES", "A:3:30 INTOLERANCIA SOCIAL:EJECUCIÓN EXTRAJUDICIAL"
"2014-11-19", "QUINDIO / MONTENEGRO", "YÓNGER DAVID OSORIO PEREZ (1990) A30 Víctimas:1", "PARAMILITARES", "A:3:30 INTOLERANCIA SOCIAL:EJECUCIÓN EXTRAJUDICIAL"
"2014-11-21", "QUINDIO / ARMENIA", "ALEX MAURICIO CRUZ GOMEZ (1994) A33; JHON ALEXANDER GUTIERREZ OSORNO (1995) A33 Víctimas:2", "PARAMILITARES", "A:3:33 INTOLERANCIA SOCIAL:LESIÓN FÍSICA"
"2014-11-28", "QUINDIO / CALARCÁ", "MARCO ANTONIO MORA GARCÍA (1972) A30 Víctimas:1", "PARAMILITARES", "A:3:30 INTOLERANCIA SOCIAL:EJECUCIÓN EXTRAJUDICIAL"
"2014-11-30", "QUINDIO / PIJAO", "JUAN JAIRO SANTAMARIA GALLEGO (1979) A20 Víctimas:1", "POLICÍA", "A:2:20 ABUSO DE AUTORIDAD:EJECUCIÓN EXTRAJUDICIAL"
"2014-11-30", "QUINDIO / ARMENIA", "NUEVE FAMILIAS DE LA COMUNIDAD INDÍGENA EMBERÁ KATÍO (45) Víctimas:0", "SIN INFORMACIÓN", "B:1:49 PERSECUCIÓN POLÍTICA:COLECTIVO AMENAZADO;  B:1:401 PERSECUCIÓN POLÍTICA:COLECTIVO DESPLAZADO"
"2014-12-06", "QUINDIO / ARMENIA", "HECTOR FABIO MOLINA QUINTANA (1998) A20; PERSONA SIN IDENTIFICAR  A25 Víctimas:2", "POLICÍA", "A:2:20 ABUSO DE AUTORIDAD:EJECUCIÓN EXTRAJUDICIAL;  A:2:25 ABUSO DE AUTORIDAD:AMENAZA"
"2014-12-07", "QUINDIO / ARMENIA", "ERIKA MARIA CASTILLO NARANJO A30; MIGUEL ANGEL HERNANDEZ MOLINA A33 Víctimas:2", "PARAMILITARES", "A:3:30 INTOLERANCIA SOCIAL:EJECUCIÓN EXTRAJUDICIAL;  A:3:33 INTOLERANCIA SOCIAL:LESIÓN FÍSICA"
"2014-12-07", "QUINDIO / CIRCASIA", "ALVARO JAVIER VARGAS MARIN (1989) A30; CESAR AUGUSTO VARGAS MARIN A33 Víctimas:2", "PARAMILITARES", "A:3:30 INTOLERANCIA SOCIAL:EJECUCIÓN EXTRAJUDICIAL;  A:3:33 INTOLERANCIA SOCIAL:LESIÓN FÍSICA"
"2014-12-11", "QUINDIO / MONTENEGRO", "HECTOR HERNAN VELEZ TANGARIFE (1966) A30 Víctimas:1", "PARAMILITARES", "A:3:30 INTOLERANCIA SOCIAL:EJECUCIÓN EXTRAJUDICIAL"
"2014-12-11", "QUINDIO / LA TEBAIDA / LA TEBAIDA", "RAUL ROBLES IDROBO A15; D73; FAMILIA ROBLES () Víctimas:1", "PARAMILITARES", "A:1:15 PERSECUCIÓN POLÍTICA:AMENAZA;  A:1:18 PERSECUCIÓN POLÍTICA:COLECTIVO AMENAZADO;  A:1:102 PERSECUCIÓN POLÍTICA:DESPLAZAMIENTO FORZADO;  D:1:73 PERSONAS:AMENAZA;  D:1:706 PERSONAS:COLECTIVO AMENAZADO;  D:1:903 PERSONAS:DESPLAZAMIENTO FORZADO;  D:3:902 MÉTODOS:CATEGORIA INEXISTENTE 902"
"2014-12-14", "QUINDIO / ARMENIA", "JOSE ANTONIO MEJIA A15; D73; FAMILIA MEJIA () Víctimas:1", "PARAMILITARES", "A:1:15 PERSECUCIÓN POLÍTICA:AMENAZA;  A:1:18 PERSECUCIÓN POLÍTICA:COLECTIVO AMENAZADO;  A:1:102 PERSECUCIÓN POLÍTICA:DESPLAZAMIENTO FORZADO;  D:1:73 PERSONAS:AMENAZA;  D:1:706 PERSONAS:COLECTIVO AMENAZADO;  D:1:903 PERSONAS:DESPLAZAMIENTO FORZADO;  D:3:902 MÉTODOS:CATEGORIA INEXISTENTE 902"
"2014-12-19", "QUINDIO / ARMENIA", "PERSONA SIN IDENTIFICAR  A30 Víctimas:1", "PARAMILITARES", "A:3:30 INTOLERANCIA SOCIAL:EJECUCIÓN EXTRAJUDICIAL"
"2014-12-24", "QUINDIO / ARMENIA", "HÉCTOR DE JESÚS ZAMORA FERNÁNDEZ (1983) A30 Víctimas:1", "PARAMILITARES", "A:3:30 INTOLERANCIA SOCIAL:EJECUCIÓN EXTRAJUDICIAL"
"2015-01-03", "QUINDIO / GÉNOVA / GÉNOVA", "BRAYAN SAMIR ESCOBAR ECHEVERRY (1997) B50 Víctimas:1", "GRUPOS DE INTOLERANCIA", "B:2:50 INTOLERANCIA SOCIAL:ASESINATO"
"2015-01-17", "QUINDIO / ARMENIA / ARMENIA", "DIAMILETH TORO NUÑEZ B53 Víctimas:1", "GRUPOS DE INTOLERANCIA", "B:2:53 INTOLERANCIA SOCIAL:LESIÓN FÍSICA"
"2015-01-22", "QUINDIO / QUIMBAYA / QUIMBAYA", "DEIVER YHOANNY TORO CARDONA (1991) B50 Víctimas:1", "GRUPOS DE INTOLERANCIA", "B:2:50 INTOLERANCIA SOCIAL:ASESINATO"
"2015-02-10", "QUINDIO / QUIMBAYA / QUIMBAYA", "EDILBERTO NÚÑEZ CARDONA B50 Víctimas:1", "GRUPOS DE INTOLERANCIA", "B:2:50 INTOLERANCIA SOCIAL:ASESINATO"
"2015-02-15", "QUINDIO / BUENAVISTA / BUENAVISTA", "JUAN ESTEBAN PRECIADO VALENCIA B40 Víctimas:1", "SIN INFORMACIÓN", "B:1:40 PERSECUCIÓN POLÍTICA:ASESINATO"
"2015-02-23", "QUINDIO / ARMENIA / ARMENIA", "JORGE ARMANDO LÓPEZ JARAMILLO (1989) B40 Víctimas:1", "SIN INFORMACIÓN", "B:1:40 PERSECUCIÓN POLÍTICA:ASESINATO"
"2015-02-25", "QUINDIO / ARMENIA / ARMENIA", "JEISON LEANDRO LÓPEZ ARCILA (1993) B50 Víctimas:1", "GRUPOS DE INTOLERANCIA", "B:2:50 INTOLERANCIA SOCIAL:ASESINATO"
"2015-02-28", "QUINDIO / ARMENIA / ARMENIA", "DANIEL LIBREROS CARVAJAL B50; MARIO FERNANDO JAJOY PRECIADO B50 Víctimas:2", "GRUPOS DE INTOLERANCIA", "B:2:50 INTOLERANCIA SOCIAL:ASESINATO"
"2015-03-13", "QUINDIO / ARMENIA / ARMENIA", "JOHAN FAVID VEGA DÍAZ (1990) B50 Víctimas:1", "GRUPOS DE INTOLERANCIA", "B:2:50 INTOLERANCIA SOCIAL:ASESINATO"
"2015-03-17", "QUINDIO / ARMENIA / ARMENIA", "KENLLY DAHYANA TORO MUÑOZ (1992) B50; JUAN PABLO GÓMEZ SOTO (1998) B53; JOSÉ DARÍO CASTRILLÓN CALLE (1994) B53; JHON LÉNIJAN JIMÉNEZ ESCOBAR (1991) B53 Víctimas:4", "GRUPOS DE INTOLERANCIA", "B:2:50 INTOLERANCIA SOCIAL:ASESINATO;  B:2:53 INTOLERANCIA SOCIAL:LESIÓN FÍSICA"
"2015-03-19", "QUINDIO / ARMENIA / ARMENIA", "JORGE IVÁN ALBORNOZ LONDOÑO (1975) B50 Víctimas:1", "GRUPOS DE INTOLERANCIA", "B:2:50 INTOLERANCIA SOCIAL:ASESINATO"
"2015-03-23", "QUINDIO / ARMENIA / ARMENIA", "ADRIANA MILENA CORTES RIOS (1980) B50 Víctimas:1", "GRUPOS DE INTOLERANCIA", "B:2:50 INTOLERANCIA SOCIAL:ASESINATO"
"2015-03-27", "QUINDIO / CIRCASIA / CIRCASIA", "LEONEL QUIROGA MARTINEZ (1956) B50 Víctimas:1", "GRUPOS DE INTOLERANCIA", "B:2:50 INTOLERANCIA SOCIAL:ASESINATO"
"2015-03-28", "QUINDIO / ARMENIA / ARMENIA", "CRISTIAN CAMILO GARAY ESCÁRRAGA (1991) B50; YORDY VANEGAS ÁNGEL B53; DIANA MARÍA PALACIOS B53 Víctimas:3", "GRUPOS DE INTOLERANCIA", "B:2:50 INTOLERANCIA SOCIAL:ASESINATO;  B:2:53 INTOLERANCIA SOCIAL:LESIÓN FÍSICA"
"2015-04-02", "QUINDIO / ARMENIA / ARMENIA", "ARLEX JAÍR ALOMIA MOSQUERA (1995) B50 Víctimas:1", "GRUPOS DE INTOLERANCIA", "B:2:50 INTOLERANCIA SOCIAL:ASESINATO"
"2015-04-04", "QUINDIO / ARMENIA / ARMENIA", "JOHN ALEXÁNDER GARZÓN (1994) B50 Víctimas:1", "GRUPOS DE INTOLERANCIA", "B:2:50 INTOLERANCIA SOCIAL:ASESINATO"
"2015-04-08", "QUINDIO / ARMENIA / ARMENIA", "BRANDON ALEXÁNDER CHAUCANÉS VELÁSQUEZ (1996) B50 Víctimas:1", "GRUPOS DE INTOLERANCIA", "B:2:50 INTOLERANCIA SOCIAL:ASESINATO"
"2015-04-08", "QUINDIO / ARMENIA / ARMENIA", "MARTHA LUCIA ROJAS GIRALDO A12; A13; A15; A19; A191; D72; D73; D77; D771; D702; FAMILIA ROJAS () Víctimas:1", "PARAMILITARES", "A:1:12 PERSECUCIÓN POLÍTICA:TORTURA;  A:1:13 PERSECUCIÓN POLÍTICA:LESIÓN FÍSICA;  A:1:15 PERSECUCIÓN POLÍTICA:AMENAZA;  A:1:18 PERSECUCIÓN POLÍTICA:COLECTIVO AMENAZADO;  A:1:19 PERSECUCIÓN POLÍTICA:VIOLENCIA SEXUAL;  A:1:191 PERSECUCIÓN POLÍTICA:VIOLACION;  D:1:72 PERSONAS:TORTURA;  D:1:73 PERSONAS:AMENAZA;  D:1:77 PERSONAS:VIOLENCIA SEXUAL;  D:1:702 PERSONAS:LESIÓN A PERSONA PROTEGIDA;  D:1:706 PERSONAS:COLECTIVO AMENAZADO;  D:1:771 PERSONAS:VIOLACIÓN"
"2015-04-10", "QUINDIO / ARMENIA / ARMENIA", "ALEXANDER CARVAJAL B40 Víctimas:1", "SIN INFORMACIÓN", "B:1:40 PERSECUCIÓN POLÍTICA:ASESINATO"
"2015-04-14", "QUINDIO / ARMENIA / ARMENIA", "FAMILIA SIN IDENTIFICAR (); FAMILIA SIN IDENTIFICAR (); FAMILIA SIN IDENTIFICAR (); FAMILIA SIN IDENTIFICAR (); FAMILIA SIN IDENTIFICAR (); FAMILIA SIN IDENTIFICAR () Víctimas:0", "PARAMILITARES", "A:1:102 PERSECUCIÓN POLÍTICA:DESPLAZAMIENTO FORZADO;  D:1:903 PERSONAS:DESPLAZAMIENTO FORZADO;  D:3:902 MÉTODOS:CATEGORIA INEXISTENTE 902"
"2015-04-16", "QUINDIO / ARMENIA / ARMENIA", "JAIR ANTONIO BECERRA ARBOLEDA (1974) B50 Víctimas:1", "GRUPOS DE INTOLERANCIA", "B:2:50 INTOLERANCIA SOCIAL:ASESINATO"
"2015-04-22", "QUINDIO / PIJAO / PIJAO", "SOCRATES ARMANDO OSORIO LOAIZA (1975) A30 Víctimas:1", "POLICÍA", "A:3:30 INTOLERANCIA SOCIAL:EJECUCIÓN EXTRAJUDICIAL"
"2015-04-28", "QUINDIO / LA TEBAIDA / LA TEBAIDA", "EDGAR BEDRAIL ALVARADO GALINDEZ A10; D701 Víctimas:1", "PARAMILITARES", "A:1:10 PERSECUCIÓN POLÍTICA:EJECUCIÓN EXTRAJUDICIAL;  D:1:701 PERSONAS:HOMICIDIO INTENCIONAL DE PERSONA PROTEGIDA"
"2015-05-01", "QUINDIO / ARMENIA / ARMENIA", "JOHN EDWARD SALAZAR LÓPEZ (1983) B50 Víctimas:1", "GRUPOS DE INTOLERANCIA", "B:2:50 INTOLERANCIA SOCIAL:ASESINATO"
"2015-05-03", "QUINDIO / MONTENEGRO / MONTENEGRO", "JADER VELASQUEZ NEIRA (1979) B50 Víctimas:1", "GRUPOS DE INTOLERANCIA", "B:2:50 INTOLERANCIA SOCIAL:ASESINATO"
"2015-05-06", "QUINDIO / MONTENEGRO / MONTENEGRO", "CARLOS HUMBERTO ACEVEDO VELASQUEZ B50 Víctimas:1", "GRUPOS DE INTOLERANCIA", "B:2:50 INTOLERANCIA SOCIAL:ASESINATO"
"2015-05-10", "QUINDIO / MONTENEGRO / MONTENEGRO", "COLECTIVO EXPENDEDORES DE DROGAS (); COLECTIVO LADRONES () Víctimas:0", "GRUPOS DE INTOLERANCIA", "B:2:59 INTOLERANCIA SOCIAL:COLECTIVO AMENAZADO"
"2015-05-10", "QUINDIO / LA TEBAIDA / LA TEBAIDA", "KERLY JOHANNA CALPA ROJAS (1997) A13; D702; A15; D73; MARTHA LUCIA ROJAS A15; D73 Víctimas:2", "PARAMILITARES", "A:1:13 PERSECUCIÓN POLÍTICA:LESIÓN FÍSICA;  A:1:15 PERSECUCIÓN POLÍTICA:AMENAZA;  D:1:73 PERSONAS:AMENAZA;  D:1:702 PERSONAS:LESIÓN A PERSONA PROTEGIDA"
"2015-05-12", "QUINDIO / MONTENEGRO / MONTENEGRO", "MAICOL STEVEN VELASQUEZ JIMENEZ B50 Víctimas:1", "GRUPOS DE INTOLERANCIA", "B:2:50 INTOLERANCIA SOCIAL:ASESINATO"
"2015-05-12", "QUINDIO / ARMENIA / ARMENIA", "CESAR AUGUSTO RAMÍREZ CUARTAS A15; D73; LUCIANO GRISALES A15; D73; EMILIO GARCÍA A15; D73; ISAAC MOSQUERA A15; D73; PASTORA MONTILLA A15; D73; NORA VÉLEZ A15; D73; REPRESENTANTES DEL NIVEL NACIONAL Y REGIONAL DE LA UP-QUINDÍO (); REPRESENTANTES DE LA MESA DEPARTAMENTAL DE VICTIMAS () Víctimas:6", "PARAMILITARES", "A:1:15 PERSECUCIÓN POLÍTICA:AMENAZA;  A:1:18 PERSECUCIÓN POLÍTICA:COLECTIVO AMENAZADO;  D:1:73 PERSONAS:AMENAZA;  D:1:706 PERSONAS:COLECTIVO AMENAZADO"
"2015-05-12", "QUINDIO / ARMENIA / ARMENIA", "DUVIER BUITRAGO (1977) B50 Víctimas:1", "GRUPOS DE INTOLERANCIA", "B:2:50 INTOLERANCIA SOCIAL:ASESINATO"
"2015-05-18", "QUINDIO / ARMENIA / ARMENIA", "GEMAY ANDRÉS GÓMEZ HERNÁNDEZ (1973) B50 Víctimas:1", "GRUPOS DE INTOLERANCIA", "B:2:50 INTOLERANCIA SOCIAL:ASESINATO"
"2015-05-24", "QUINDIO / ARMENIA / ARMENIA", "JOSÉ ÉDISON CASALLAS HENAO (1981) B50 Víctimas:1", "GRUPOS DE INTOLERANCIA", "B:2:50 INTOLERANCIA SOCIAL:ASESINATO"
"2015-05-28", "QUINDIO / CALARCÁ / BARCELONA", "COLECTIVO PROSTITUTAS (); COLECTIVO CONSUMIDORES DE DROGAS (); COLECTIVO EXPENDEDORES DE DROGAS (); COLECTIVO LADRONES () Víctimas:0", "GRUPOS DE INTOLERANCIA", "B:2:59 INTOLERANCIA SOCIAL:COLECTIVO AMENAZADO"
"2015-05-29", "QUINDIO / QUIMBAYA / QUIMBAYA", "JOSÉ LUIS BERNAL PUMA (1962) B40 Víctimas:1", "SIN INFORMACIÓN", "B:1:40 PERSECUCIÓN POLÍTICA:ASESINATO"
"2015-05-30", "QUINDIO / ARMENIA / ARMENIA", "LUIS EDUARDO SÁNCHEZ GARCÍA (1989) B50 Víctimas:1", "GRUPOS DE INTOLERANCIA", "B:2:50 INTOLERANCIA SOCIAL:ASESINATO"
"2015-06-04", "QUINDIO / ARMENIA / ARMENIA", "JUAN MANUEL FRANCO CARDONA (1990) B50 Víctimas:1", "GRUPOS DE INTOLERANCIA", "B:2:50 INTOLERANCIA SOCIAL:ASESINATO"
"2015-06-20", "QUINDIO / LA TEBAIDA / LA TEBAIDA", "ANDRES VILLA RAMIREZ (1990) B50 Víctimas:1", "GRUPOS DE INTOLERANCIA", "B:2:50 INTOLERANCIA SOCIAL:ASESINATO"
"2015-06-25", "QUINDIO / LA TEBAIDA / LA TEBAIDA", "MARÍA LETICIA SEGURO OROZCO A15; D73; PAULA ANDREA ; JOHAN ; JUAN CAMILO ; PERSONA SIN IDENTIFICAR ; PERSONA SIN IDENTIFICAR ; FAMILIA SEGURO OROZCO () Víctimas:6", "PARAMILITARES", "A:1:15 PERSECUCIÓN POLÍTICA:AMENAZA;  A:1:18 PERSECUCIÓN POLÍTICA:COLECTIVO AMENAZADO;  A:1:102 PERSECUCIÓN POLÍTICA:DESPLAZAMIENTO FORZADO;  D:1:73 PERSONAS:AMENAZA;  D:1:706 PERSONAS:COLECTIVO AMENAZADO;  D:1:903 PERSONAS:DESPLAZAMIENTO FORZADO;  D:3:902 MÉTODOS:CATEGORIA INEXISTENTE 902"
"2015-07-07", "QUINDIO / QUIMBAYA / EL LAUREL", "CRISTIAN CAMILO ROBLEDO GÓMEZ (1996) B50 Víctimas:1", "GRUPOS DE INTOLERANCIA", "B:2:50 INTOLERANCIA SOCIAL:ASESINATO"
"2015-07-17", "QUINDIO / ARMENIA / ARMENIA", "OSCAR ANDRES MUÑOZ (1983) B50 Víctimas:1", "GRUPOS DE INTOLERANCIA", "B:2:50 INTOLERANCIA SOCIAL:ASESINATO"
"2015-07-19", "QUINDIO / CALARCÁ", "HEBER DE JESUS GUIFO HENAO (1976) B40 Víctimas:1", "SIN INFORMACIÓN", "B:1:40 PERSECUCIÓN POLÍTICA:ASESINATO"
"2015-07-22", "QUINDIO / MONTENEGRO / MONTENEGRO", "JULIAN GUZMAN (1964) B50; ALFONSO GUZMAN PELAEZ (2002) B50; JULIAN ALBERTO GUZMAN PELAEZ (1999) B50 Víctimas:3", "GRUPOS DE INTOLERANCIA", "B:2:50 INTOLERANCIA SOCIAL:ASESINATO"
"2015-07-27", "QUINDIO / QUIMBAYA / QUIMBAYA", "JAIME OCAMPO PULIDO (1972) B50 Víctimas:1", "GRUPOS DE INTOLERANCIA", "B:2:50 INTOLERANCIA SOCIAL:ASESINATO"
"2015-07-28", "QUINDIO / ARMENIA / ARMENIA", "MICHAEL STIVEN BEDOYA GALEANO (1999) B50 Víctimas:1", "GRUPOS DE INTOLERANCIA", "B:2:50 INTOLERANCIA SOCIAL:ASESINATO"
"2015-07-31", "QUINDIO / ARMENIA / ARMENIA", "JUDITH AMPARO VÉLEZ SAAVEDRA (1960) B45; WILMER VELEZ SAAVEDRA (1996) B45; HEINER DE JESUS VELEZ SAAVEDRA (1999) B45; FAMILIA VÉLEZ SAAVEDRA (3) Víctimas:3", "SIN INFORMACIÓN", "B:1:45 PERSECUCIÓN POLÍTICA:AMENAZA;  B:1:401 PERSECUCIÓN POLÍTICA:COLECTIVO DESPLAZADO"
"2015-08-07", "QUINDIO / ARMENIA / ARMENIA", "ERNESTO DUQUE GRIMALDO (1982) B50 Víctimas:1", "GRUPOS DE INTOLERANCIA", "B:2:50 INTOLERANCIA SOCIAL:ASESINATO"
"2015-08-19", "QUINDIO / ARMENIA / ARMENIA", "DARWIN DAMIAN LINARES BEDOYA (1997) B50 Víctimas:1", "GRUPOS DE INTOLERANCIA", "B:2:50 INTOLERANCIA SOCIAL:ASESINATO"
"2015-08-26", "QUINDIO / CALARCÁ / CALARCÁ", "JORGE HERNAN GARZON MARIN (1971) B50 Víctimas:1", "GRUPOS DE INTOLERANCIA", "B:2:50 INTOLERANCIA SOCIAL:ASESINATO"
"2015-08-27", "QUINDIO / MONTENEGRO / MONTENEGRO", "JHONATAN ANDRÉS GÓMEZ DUQUE (1991) B50 Víctimas:1", "GRUPOS DE INTOLERANCIA", "B:2:50 INTOLERANCIA SOCIAL:ASESINATO"
"2015-09-23", "QUINDIO / PIJAO / PIJAO", "FAMILIAS LA PALMERA () Víctimas:0", "PARAMILITARES", "A:1:18 PERSECUCIÓN POLÍTICA:COLECTIVO AMENAZADO;  A:1:102 PERSECUCIÓN POLÍTICA:DESPLAZAMIENTO FORZADO;  D:1:706 PERSONAS:COLECTIVO AMENAZADO;  D:1:903 PERSONAS:DESPLAZAMIENTO FORZADO;  D:3:902 MÉTODOS:CATEGORIA INEXISTENTE 902"
"2015-09-26", "QUINDIO / PIJAO / BARRAGÁN", "ROBINSON RENDON LONDOÑO (1961) B48 Víctimas:1", "SIN INFORMACIÓN", "B:1:48 PERSECUCIÓN POLÍTICA:RAPTO"
"2015-09-27", "QUINDIO / GÉNOVA / GÉNOVA", "N N B45; POBLADORES LA ESMERALDA (); POBLADORES SAN JUAN () Víctimas:1", "SIN INFORMACIÓN", "B:1:45 PERSECUCIÓN POLÍTICA:AMENAZA;  B:1:49 PERSECUCIÓN POLÍTICA:COLECTIVO AMENAZADO"
"2015-09-28", "QUINDIO / LA TEBAIDA / LA TEBAIDA", "JOSÉ DUBAN MORALES BOROCUARA (1987) B56; B58; B50 Víctimas:1", "GRUPOS DE INTOLERANCIA", "B:2:50 INTOLERANCIA SOCIAL:ASESINATO;  B:2:56 INTOLERANCIA SOCIAL:TORTURA;  B:2:58 INTOLERANCIA SOCIAL:RAPTO"
"2015-10-12", "QUINDIO / QUIMBAYA / QUIMBAYA", "LUIS DIEGO OCAMPO VASCO  (1998) B40 Víctimas:1", "SIN INFORMACIÓN", "B:1:40 PERSECUCIÓN POLÍTICA:ASESINATO"
"2015-10-29", "QUINDIO / BUENAVISTA / BUENAVISTA", "CARLOS DIAZ OCAMPO B48 Víctimas:1", "SIN INFORMACIÓN", "B:1:48 PERSECUCIÓN POLÍTICA:RAPTO"
"2015-11-16", "QUINDIO / ARMENIA / ARMENIA", "JHON JAIRO BOTERO BOTERO (1974) B50 Víctimas:1", "GRUPOS DE INTOLERANCIA", "B:2:50 INTOLERANCIA SOCIAL:ASESINATO"
"2015-11-29", "QUINDIO / FILANDIA / FILANDIA", "SAMARA ANDREA CORAL TOBON (1978) B50 Víctimas:1", "GRUPOS DE INTOLERANCIA", "B:2:50 INTOLERANCIA SOCIAL:ASESINATO"
"2015-12-15", "QUINDIO / ARMENIA / ARMENIA", "JESUS ENRIQUE MEDINA (1981) B50 Víctimas:1", "GRUPOS DE INTOLERANCIA", "B:2:50 INTOLERANCIA SOCIAL:ASESINATO"
"2015-12-29", "QUINDIO / CALARCÁ / CALARCÁ", "CAROLINA SABOGAL ECHEVERRY (1983) B50 Víctimas:1", "GRUPOS DE INTOLERANCIA", "B:2:50 INTOLERANCIA SOCIAL:ASESINATO"
"2016-02-06", "QUINDIO / LA TEBAIDA", "N N (2000) A20 Víctimas:1", "EJERCITO", "A:2:20 ABUSO DE AUTORIDAD:EJECUCIÓN EXTRAJUDICIAL"
"2016-09-08", "QUINDIO / ARMENIA / ARMENIA", "DORIS VALENZUELA B45 Víctimas:1", "SIN INFORMACIÓN", "B:1:45 PERSECUCIÓN POLÍTICA:AMENAZA"
"2016-09-20", "QUINDIO / ARMENIA / ARMENIA", "DORIS VALENZUELA B45 Víctimas:1", "SIN INFORMACIÓN", "B:1:45 PERSECUCIÓN POLÍTICA:AMENAZA"
"2016-12-05", "QUINDIO / ARMENIA / ARMENIA", "DORIS VALENZUELA A15; D73; N N A15; D73 Víctimas:2", "PARAMILITARES", "A:1:15 PERSECUCIÓN POLÍTICA:AMENAZA;  D:1:73 PERSONAS:AMENAZA"
"2018-02-06", "QUINDIO / ARMENIA / ARMENIA", "N N A23 Víctimas:1", "POLICÍA", "A:2:23 ABUSO DE AUTORIDAD:LESIÓN FÍSICA"
"2018-02-17", "QUINDIO / QUIMBAYA / QUIMBAYA", "CRISTIAN CAMILO TORO RODAS (1980) B40 Víctimas:1", "SIN INFORMACIÓN", "B:1:40 PERSECUCIÓN POLÍTICA:ASESINATO"
"2018-03-17", "QUINDIO / QUIMBAYA", "CRISTIAN CAMILO TORO RODAS B40 Víctimas:1", "SIN INFORMACIÓN", "B:1:40 PERSECUCIÓN POLÍTICA:ASESINATO"
"2018-07-14", "QUINDIO / ARMENIA", "JEISON RESTREPO B45 Víctimas:1", "SIN INFORMACIÓN", "B:1:45 PERSECUCIÓN POLÍTICA:AMENAZA"
"2018-07-22", "QUINDIO / CALARCÁ", "KARINA ANDREA MUÑOZ (2003) B50 Víctimas:1", "GRUPOS DE INTOLERANCIA", "B:2:50 INTOLERANCIA SOCIAL:ASESINATO"
"2018-07-30", "QUINDIO / CALARCÁ", "JAIME VALENCIA (1950) B45 Víctimas:1", "SIN INFORMACIÓN", "B:1:45 PERSECUCIÓN POLÍTICA:AMENAZA"
"2018-07-31", "QUINDIO / ARMENIA", "CESAR AUGUSTO RAMIREZ CUARTAS A15; D73; JHON JAIRO GOMEZ A15; D73; FAMILIA RAMIREZ CUARTAS (); FAMILIA GOMEZ () Víctimas:2", "PARAMILITARES", "A:1:15 PERSECUCIÓN POLÍTICA:AMENAZA;  A:1:18 PERSECUCIÓN POLÍTICA:COLECTIVO AMENAZADO;  D:1:73 PERSONAS:AMENAZA;  D:1:706 PERSONAS:COLECTIVO AMENAZADO"
"2018-08-18", "QUINDIO / ARMENIA", "ANDERSON STUAR RIOS PEREZ (1993) B40 Víctimas:1", "SIN INFORMACIÓN", "B:1:40 PERSECUCIÓN POLÍTICA:ASESINATO"
"2018-08-19", "QUINDIO / ARMENIA", "MARCO TULIO GRAJALES (1951) A10 Víctimas:1", "PARAMILITARES", "A:1:10 PERSECUCIÓN POLÍTICA:EJECUCIÓN EXTRAJUDICIAL"
