"Fecha", "Ubicación", "Víctimas", "Pr. Resp.", "Tipificación"
"2002-06-23", "VAUPÉS / MITÚ", "N N D73; RAMIRO RAMIREZ  D73; N N D73; CONCEJALES AMENAZADOS (); AUTORIDADES CIVILES () Víctimas:3", "FARC-EP", "D:1:73 PERSONAS:AMENAZA;  D:1:706 PERSONAS:COLECTIVO AMENAZADO"
"2004-03-17", "VAUPÉS / MITÚ", "RAMIRO VELEZ ESCOBAR  (1954) D97 Víctimas:1", "COMBATIENTES", "D:1:97 PERSONAS:MUERTO POR OBJETIVOS, MÉTODOS Y MEDIOS ILÍCITOS;  D:3:93 MÉTODOS:CATEGORIA INEXISTENTE 93"
"2004-04-12", "VAUPÉS", " Víctimas:0", "FARC-EP", "D:3:95 MÉTODOS:CATEGORIA INEXISTENTE 95"
"2004-04-22", "VAUPÉS / CARURÚ", "MARI MABEL MARTINEZ QUIÑONEZ  B41; LEONARDO CAICEDO PORTUA  B41; MATEO ESTRADA CORDOBA  B41; JULIO ACEVEDO  B41; ANGEL MARIA MENDEZ NEIRA  B41; MAXIMILIANO VELOZA  B41; PEDRO RODRIGUEZ LOPEZ  B41 Víctimas:7", "FARC-EP", "B:1:41 PERSECUCIÓN POLÍTICA:SECUESTRO"
"2007-05-09", "VAUPÉS / MITÚ", "RICARDO FRANCO GÓMEZ  A10; D701; N N A10; D701 Víctimas:2", "FUERZA PUBLICA", "A:1:10 PERSECUCIÓN POLÍTICA:EJECUCIÓN EXTRAJUDICIAL;  D:1:701 PERSONAS:HOMICIDIO INTENCIONAL DE PERSONA PROTEGIDA"
"2017-04-18", "VAUPÉS / PACOA", "BEN STOOKESBERRY B41; CHRIS KORBULIC B41; JESSIE RICE B41; JULES DOMINE B41; ANIOL SERRASOLES B41 Víctimas:5", "GUERRILLA", "B:1:41 PERSECUCIÓN POLÍTICA:SECUESTRO"
"2019-03-03", "VAUPÉS / MITÚ", "EMERSON CASTRO (1989) B45 Víctimas:1", "SIN INFORMACIÓN", "B:1:45 PERSECUCIÓN POLÍTICA:AMENAZA"
