"Fecha", "Ubicación", "Víctimas", "Pr. Resp.", "Tipificación"
"2001-04-26", "VICHADA", "N N B40; N N B40; N N B40; N N B40; N N B40; N N B40; N N B40; N N B40; N N B40; N N B40; N N B40 Víctimas:11", "SIN INFORMACIÓN", "B:1:40 PERSECUCIÓN POLÍTICA:ASESINATO"
"2002-03-30", "VICHADA / PUERTO CARREÑO", "N N D98; N N D97; N N D97; N N D97; N N D97; N N D97; N N D97; N N D98; N N D98; N N D98; N N D98; N N D98; N N D98; N N D98; N N D98; N N D98; N N D98; N N D98; N N D98; N N D98; N N D98; N N D98; N N D98; N N D98; N N D98; N N D98; N N D98; N N D98; N N D98; N N D98; N N D98; N N D98; N N D98; N N D98; N N D98; N N D98; N N D98; N N D98; N N D98 Víctimas:39", "FARC-EP", "D:1:97 PERSONAS:MUERTO POR OBJETIVOS, MÉTODOS Y MEDIOS ILÍCITOS;  D:1:98 PERSONAS:LESIÓN POR OBJETIVOS, MÉTODOS Y MEDIOS ILÍCITOS;  D:2:80 OBJETIVOS, MÉTODOS Y MÉDIOS ILÍCITOS:BIENES CIVILES;  D:3:93 MÉTODOS:CATEGORIA INEXISTENTE 93"
"2002-06-23", "VICHADA / PUERTO CARREÑO", "N N D73; N N D73; CONCEJALES AMENAZADOS (); AUTORIDADES CIVILES () Víctimas:2", "FARC-EP", "D:1:73 PERSONAS:AMENAZA;  D:1:706 PERSONAS:COLECTIVO AMENAZADO"
"2002-06-26", "VICHADA / LA PRIMAVERA", "ARBEY VARGAS CASTRO A11; FAMILIA VARGAS CASTRO () Víctimas:1", "PARAMILITARES", "A:1:11 PERSECUCIÓN POLÍTICA:DESAPARICIÓN FORZADA"
"2002-12-23", "VICHADA / PUERTO CARREÑO", "NELSON ANTONIO TORO CAMPOS (1979) A11 Víctimas:1", "PARAMILITARES", "A:1:11 PERSECUCIÓN POLÍTICA:DESAPARICIÓN FORZADA"
"2004-09-28", "VICHADA", "PEDRO ANTONIO VELEZ  A11 Víctimas:1", "PARAMILITARES", "A:1:11 PERSECUCIÓN POLÍTICA:DESAPARICIÓN FORZADA"
"2004-10-24", "VICHADA / CUMARIBO", "MAYERLY MERCEDES BRICEÑO HERNÁNDEZ (1985) A10; D701 Víctimas:1", "EJERCITO", "A:1:10 PERSECUCIÓN POLÍTICA:EJECUCIÓN EXTRAJUDICIAL;  D:1:701 PERSONAS:HOMICIDIO INTENCIONAL DE PERSONA PROTEGIDA"
"2005-01-25", "VICHADA / SANTA ROSALÍA", "JESÚS ELIÉCER RINCÓN CRUZ A11; A12; D72 Víctimas:1", "PARAMILITARES", "A:1:11 PERSECUCIÓN POLÍTICA:DESAPARICIÓN FORZADA;  A:1:12 PERSECUCIÓN POLÍTICA:TORTURA;  D:1:72 PERSONAS:TORTURA"
"2005-03-02", "TOLIMA / DOLORES; VICHADA / CUMARIBO", "FAMILIA PUERTO PRINCIPE () Víctimas:0", "FARC-EP", "D:1:706 PERSONAS:COLECTIVO AMENAZADO;  D:1:903 PERSONAS:DESPLAZAMIENTO FORZADO;  D:2:902 OBJETIVOS, MÉTODOS Y MÉDIOS ILÍCITOS:DESPLAZAMIENTO FORZADO;  D:3:902 MÉTODOS:CATEGORIA INEXISTENTE 902"
"2005-03-02", "VICHADA / CUMARIBO", "FAMILIA AMAYA () Víctimas:0", "FARC-EP", "D:1:706 PERSONAS:COLECTIVO AMENAZADO;  D:1:903 PERSONAS:DESPLAZAMIENTO FORZADO"
"2005-04-09", "VICHADA / LA PRIMAVERA", "CARLOS JULIO CAÑON PARRADO (1947) A10; A11; A12; D72; D701 Víctimas:1", "PARAMILITARES", "A:1:10 PERSECUCIÓN POLÍTICA:EJECUCIÓN EXTRAJUDICIAL;  A:1:11 PERSECUCIÓN POLÍTICA:DESAPARICIÓN FORZADA;  A:1:12 PERSECUCIÓN POLÍTICA:TORTURA;  D:1:72 PERSONAS:TORTURA;  D:1:701 PERSONAS:HOMICIDIO INTENCIONAL DE PERSONA PROTEGIDA"
"2005-06-15", "VICHADA / CUMARIBO", "BENJAMIN VARGAS JOYA (1980) A11 Víctimas:1", "PARAMILITARES", "A:1:11 PERSECUCIÓN POLÍTICA:DESAPARICIÓN FORZADA"
"2005-07-26", "VICHADA / CUMARIBO", "RICARDO MARTINEZ  B41; MARIA MABEL ROJAS  B41; ERIKA BAUTISTA  B41; JAIRO GAITAN  B41 Víctimas:4", "FARC-EP", "B:1:41 PERSECUCIÓN POLÍTICA:SECUESTRO"
"2005-08-01", "VICHADA / CUMARIBO", "N N D701; N N D701 Víctimas:2", "FARC-EP", "D:1:701 PERSONAS:HOMICIDIO INTENCIONAL DE PERSONA PROTEGIDA"
"2006-05-06", "VICHADA / LA PRIMAVERA", "ALEX ANTONIO URREGO QUIMBAYO  A11 Víctimas:1", "PARAMILITARES", "A:1:11 PERSECUCIÓN POLÍTICA:DESAPARICIÓN FORZADA"
"2006-06-14", "VICHADA / SANTA ROSALÍA", "N N D701; N N D701; ERIKA GIOVANNA TABACO  B41 Víctimas:3", "FARC-EP", "B:1:41 PERSECUCIÓN POLÍTICA:SECUESTRO;  D:1:701 PERSONAS:HOMICIDIO INTENCIONAL DE PERSONA PROTEGIDA"
"2006-08-15", "VICHADA / CUMARIBO", "DAVID ROMERO MARTÍNEZ (1986) A11 Víctimas:1", "PARAMILITARES", "A:1:11 PERSECUCIÓN POLÍTICA:DESAPARICIÓN FORZADA"
"2006-12-15", "VICHADA / CUMARIBO", "JOHN JAIRO RODRIGUEZ A20; MAURICIO ALVAREZ ASA A20 Víctimas:2", "EJERCITO", "A:2:20 ABUSO DE AUTORIDAD:EJECUCIÓN EXTRAJUDICIAL"
"2007-08-11", "VICHADA / CUMARIBO / TRES MATAS", "OSWALDO ROJAS  (1969) A10; D701 Víctimas:1", "PARAMILITARES", "A:1:10 PERSECUCIÓN POLÍTICA:EJECUCIÓN EXTRAJUDICIAL;  D:1:701 PERSONAS:HOMICIDIO INTENCIONAL DE PERSONA PROTEGIDA"
"2007-11-04", "VICHADA / CUMARIBO", "LUIS CARLOS TORRES DAVID A20; RUBEN DARIO PULIDO MOLINA A20; JOSE VICENTE CARDENAS ZULUAGA A20; ALBEIRO REAL GARCIA A20; N N A20 Víctimas:5", "EJERCITO", "A:2:20 ABUSO DE AUTORIDAD:EJECUCIÓN EXTRAJUDICIAL"
"2008-05-14", "VICHADA / PUERTO CARREÑO", "LUZ ADRIANA RIAÑOS CHACON (1994) B40; JHON FREDDY NEIRA (1990) B40 Víctimas:2", "SIN INFORMACIÓN", "B:1:40 PERSECUCIÓN POLÍTICA:ASESINATO"
"2008-09-27", "VICHADA / CUMARIBO / GUANAPE (GUERIMA)", "MARIA ZENAIDA LEQUIZAMON () Víctimas:0", "EJERCITO", "A:1:10 PERSECUCIÓN POLÍTICA:EJECUCIÓN EXTRAJUDICIAL;  D:1:701 PERSONAS:HOMICIDIO INTENCIONAL DE PERSONA PROTEGIDA"
"2010-01-24", "VICHADA / LA PRIMAVERA", "FERNEY MARULANDA ACEVEDO A14 Víctimas:1", "CTI", "A:1:14 PERSECUCIÓN POLÍTICA:DETENCIÓN ARBITRARIA"
"2010-04-07", "VICHADA / CUMARIBO", "JAIRO ALVIS GUAPACHO (1968) D701 Víctimas:1", "FARC-EP", "D:1:701 PERSONAS:HOMICIDIO INTENCIONAL DE PERSONA PROTEGIDA"
"2010-11-10", "VICHADA / CUMARIBO / EL VIENTO (CHUPAVE)", "GUSTAVO NIÑO URQUIJO A10; D701; A11 Víctimas:1", "PARAMILITARES", "A:1:10 PERSECUCIÓN POLÍTICA:EJECUCIÓN EXTRAJUDICIAL;  A:1:11 PERSECUCIÓN POLÍTICA:DESAPARICIÓN FORZADA;  D:1:701 PERSONAS:HOMICIDIO INTENCIONAL DE PERSONA PROTEGIDA;  D:3:95 MÉTODOS:CATEGORIA INEXISTENTE 95"
"2011-03-07", "VICHADA / CUMARIBO / LA VICTORIA (PTO PRINCIPE)", "EFREN ALVAREZ  B41; MANUEL LOZANO  B41; LUIS GAÑAN  B41; N N; N N B41; N N B41; N N B41; N N B41; N N B41; N N B41; N N B41; N N B41; N N B41; N N B41; N N B41; N N B41; N N B41; N N B41; N N B41; N N B41; N N B41; N N B41; N N B41; N N B41 Víctimas:24", "FARC-EP", "B:1:41 PERSECUCIÓN POLÍTICA:SECUESTRO"
"2012-05-26", "VICHADA / CUMARIBO / PALMARITO", "SANDRO MONROY RODRÍGUEZ (1971) A15; D73 Víctimas:1", "PARAMILITARES", "A:1:15 PERSECUCIÓN POLÍTICA:AMENAZA;  D:1:73 PERSONAS:AMENAZA"
"2012-06-17", "VICHADA / CUMARIBO", "MAURICIO N (1972) D704; NIDIA N (1986) D704; N N (2005) D704 Víctimas:3", "COMBATIENTES", "D:1:704 PERSONAS:LESIÓN A CIVILES EN ACCIÓN BÉLICA;  D:2:80 OBJETIVOS, MÉTODOS Y MÉDIOS ILÍCITOS:BIENES CIVILES"
"2013-10-13", "VICHADA / PUERTO CARREÑO / GARCITOS", "OSCAR VELÁSQUEZ (1958) B48 Víctimas:1", "FARC-EP", "B:1:48 PERSECUCIÓN POLÍTICA:RAPTO"
"2013-11-13", "VICHADA / CUMARIBO", "ERIC LEONARDO MOSQUERA (2000) D97; EDWIN GONZALEZ (2003) D97; NELSON DAVID GRAJALES (2006) D97; N N (2007) D98 Víctimas:4", "COMBATIENTES", "D:1:97 PERSONAS:MUERTO POR OBJETIVOS, MÉTODOS Y MEDIOS ILÍCITOS;  D:1:98 PERSONAS:LESIÓN POR OBJETIVOS, MÉTODOS Y MEDIOS ILÍCITOS;  D:3:93 MÉTODOS:CATEGORIA INEXISTENTE 93"
"2018-09-13", "VICHADA / CUMARIBO", "N N A24; N N A24; N N A24 Víctimas:3", "AGENTE EXTRANJERO", "A:2:24 ABUSO DE AUTORIDAD:DETENCIÓN ARBITRARIA"
